image_path,label,sha256,source_path,width,height,ink_fraction
data/processed/images/sixteenth_note/003879.png,sixteenth_note,e23b36d00bd2f9cdc2216cb71a7d905aed67f007d6141867030aa6935a57154f,data/raw/datasets/datasets/Notes/Sixteenth/s895.jpg,64,64,0.057373046875
data/processed/images/half_note/001364.png,half_note,b33496cf23f25571d189fdf2c3a55c2ea5a731faa79b8edde996410f7b91cf56,data/raw/datasets/datasets/Notes/Half/h43.jpg,64,64,0.076904296875
data/processed/images/sixteenth_note/003403.png,sixteenth_note,e34b53d7dd8a41fdcd7ec93f56d289ac088c96733387f2cdcdb7811d46d84267,data/raw/datasets/datasets/Notes/Sixteenth/s465.jpg,64,64,0.161865234375
data/processed/images/quarter_note/002388.png,quarter_note,a4e7be036fa5daed69472a6b2f69a72369f8f1177b4ec397af2efdfae4737774,data/raw/datasets/datasets/Notes/Quarter/q451.jpg,64,64,0.02490234375
data/processed/images/sixteenth_note/003917.png,sixteenth_note,1670c2233942481c4d45af2fef0904b4fe76a9b5e39ce2585fbf97dab87f64ca,data/raw/datasets/datasets/Notes/Sixteenth/s929.jpg,64,64,0.054443359375
data/processed/images/quarter_note/002250.png,quarter_note,9cd1b0010a7a28a1f2bb106ba615a11df2aefe2e9b8d83115de665259b9bb0b0,data/raw/datasets/datasets/Notes/Quarter/q327.jpg,64,64,0.06298828125
data/processed/images/sixteenth_note/003379.png,sixteenth_note,a0f3dc7f2451e050a2e39b8c0d0fe64b9167b589ea0698a9108ddc6ab0925c0e,data/raw/datasets/datasets/Notes/Sixteenth/s443.jpg,64,64,0.08447265625
data/processed/images/eighth_note/000740.png,eighth_note,6f3024b8055c4307ddd4739cf5be4aaf0913e8e5875a21760d06a2a464dac92b,data/raw/datasets/datasets/Notes/Eight/e768.jpg,64,64,0.1015625
data/processed/images/whole_note/004882.png,whole_note,370fe44235589a44edfa5e6aabff45973d61fcc5f1745c5c4e7c4dea2d4c8b79,data/raw/datasets/datasets/Notes/Whole/w898.jpg,64,64,0.134765625
data/processed/images/whole_note/004256.png,whole_note,638d7dfd26c3798736bd28c3f8f1b0d097d20890a98d8666a8e5f0a261945e8b,data/raw/datasets/datasets/Notes/Whole/w333.jpg,64,64,0.215576171875
data/processed/images/sixteenth_note/003428.png,sixteenth_note,ad8729955cfdc0fd10dae803a334bfda817f60a399a4c65ae1322417132d02fd,data/raw/datasets/datasets/Notes/Sixteenth/s488.jpg,64,64,0.067626953125
data/processed/images/eighth_note/000449.png,eighth_note,d77c3e80dd9aa10a9a92e7d88d76e44b331b32e05057784c6a05e465aa07cd8d,data/raw/datasets/datasets/Notes/Eight/e502.jpg,64,64,0.032470703125
data/processed/images/sixteenth_note/003044.png,sixteenth_note,6a082b3f5a0212185f4d2928db5a257a144d62d1a26c37a553d186e980d84820,data/raw/datasets/datasets/Notes/Sixteenth/s141.jpg,64,64,0.12744140625
data/processed/images/quarter_note/002443.png,quarter_note,f99930009a6b8ace74871ae5d70239534c7dc68319188397be2466f09a35c77b,data/raw/datasets/datasets/Notes/Quarter/q500.jpg,64,64,0.05810546875
data/processed/images/sixteenth_note/003854.png,sixteenth_note,4be00ea3c00c317decd6dc3b1f31851de3423e4a5fa3f94bcf5b9f02eed1e187,data/raw/datasets/datasets/Notes/Sixteenth/s872.jpg,64,64,0.053955078125
data/processed/images/eighth_note/000079.png,eighth_note,4863200244eeda7489d80cf8b56632c809a7461de9a9d03c117ad15cd1db3300,data/raw/datasets/datasets/Notes/Eight/e17.jpg,64,64,0.033447265625
data/processed/images/quarter_note/002330.png,quarter_note,1fb018dc02017bdaeaac37de1917fe86d1e5c703b32d74d7bb6ec0b8a74fc3fb,data/raw/datasets/datasets/Notes/Quarter/q4.jpg,64,64,0.025146484375
data/processed/images/quarter_note/002462.png,quarter_note,e345638e485e5b14df5c3f241ed531765762d068aa01eca84daa9973effa883a,data/raw/datasets/datasets/Notes/Quarter/q518.jpg,64,64,0.09814453125
data/processed/images/whole_note/004544.png,whole_note,e7911bfb1ab1f070f43bd54d4c5ccaf311cc084a0e0bf29d44ee97c70a78726a,data/raw/datasets/datasets/Notes/Whole/w593.jpg,64,64,0.140625
data/processed/images/eighth_note/000402.png,eighth_note,42c2f7073803148b60d3556945943fb6f19143d65ab9b307233bffa873884526,data/raw/datasets/datasets/Notes/Eight/e460.jpg,64,64,0.072021484375
data/processed/images/half_note/001449.png,half_note,d830530ad65c1d4492f7f9b96135c72d6a19fa1062b65f31b2b9af2e06db7cad,data/raw/datasets/datasets/Notes/Half/h506.jpg,64,64,0.073486328125
data/processed/images/half_note/001826.png,half_note,c5a2b03502859d972ab1fbd66ff81518d797ae828fee96e6326e8b0e773c36c2,data/raw/datasets/datasets/Notes/Half/h846.jpg,64,64,0.03125
data/processed/images/quarter_note/002762.png,quarter_note,e89c5997e5092ebbffc6be38069d2e2e706eaff6af33fbfadd5770b5688f3c13,data/raw/datasets/datasets/Notes/Quarter/q789.jpg,64,64,0.017333984375
data/processed/images/quarter_note/002257.png,quarter_note,f906662a45832609c6c4b66296ab252035a482c2696451881a517079b86a7c5a,data/raw/datasets/datasets/Notes/Quarter/q333.jpg,64,64,0.0703125
data/processed/images/sixteenth_note/003341.png,sixteenth_note,6ab43d8915fafce4b058b625c5fdd0953cb34a5d6161d53564019124c1e1554b,data/raw/datasets/datasets/Notes/Sixteenth/s409.jpg,64,64,0.15283203125
data/processed/images/half_note/001194.png,half_note,1cc25a8b2f482d7a2f0cf5c39a71600d02ba5b48a040f24b00909570d57e0971,data/raw/datasets/datasets/Notes/Half/h277.jpg,64,64,0.02392578125
data/processed/images/whole_note/004023.png,whole_note,48117969ea8e536c5a62428729801019440f2616be1743d6663dbe33125a5d35,data/raw/datasets/datasets/Notes/Whole/w123.jpg,64,64,0.25146484375
data/processed/images/sixteenth_note/003399.png,sixteenth_note,655ae351d6334e3f235dc35195b84629c1bddf67db3c7ccf1fe9abc8276ae080,data/raw/datasets/datasets/Notes/Sixteenth/s461.jpg,64,64,0.076171875
data/processed/images/whole_note/004453.png,whole_note,ce064d4df5b13dad8be692283aac9e24eb775556f4651cecfe6f7287271534f9,data/raw/datasets/datasets/Notes/Whole/w510.jpg,64,64,0.052978515625
data/processed/images/sixteenth_note/003595.png,sixteenth_note,a4fe6471bc52d949a1fa41860d825200fc35588e69ca75893ef26899af6ff2c9,data/raw/datasets/datasets/Notes/Sixteenth/s638.jpg,64,64,0.154296875
data/processed/images/sixteenth_note/003891.png,sixteenth_note,7f105c192ed7d9768b775c6721bdcddeef3022eda2dd2ae2971e95ef90b99447,data/raw/datasets/datasets/Notes/Sixteenth/s905.jpg,64,64,0.095458984375
data/processed/images/half_note/001776.png,half_note,89df651d6bb253e9decbfa1ed9a4997dc628e2cff042f9018dd00bf4e7bb181a,data/raw/datasets/datasets/Notes/Half/h800.jpg,64,64,0.042236328125
data/processed/images/quarter_note/002973.png,quarter_note,52c008d48cddf64c639b33a9c91bb872e01cefa1127f56b56473d849f4903b8e,data/raw/datasets/datasets/Notes/Quarter/q979.jpg,64,64,0.03564453125
data/processed/images/sixteenth_note/003873.png,sixteenth_note,d57590b47669ee7e3dbb84243ba3788fd08bd69ee687d9897328f0d72630d9fa,data/raw/datasets/datasets/Notes/Sixteenth/s89.jpg,64,64,0.11328125
data/processed/images/whole_note/004341.png,whole_note,c43701eab3d77e79da99aba62e4637b01dc3d621521fd80b869814d0604c011a,data/raw/datasets/datasets/Notes/Whole/w41.jpg,64,64,0.1181640625
data/processed/images/quarter_note/002748.png,quarter_note,29b9d4a30d4ce2a1c5d4bb186d4c6ebecd284ab0cc383e674a750dc55d542863,data/raw/datasets/datasets/Notes/Quarter/q776.jpg,64,64,0.028564453125
data/processed/images/half_note/001900.png,half_note,fb6739b4e2c55cf5948ae2202f0e821d306e981603e4bb34dec79aa4162040a3,data/raw/datasets/datasets/Notes/Half/h912.jpg,64,64,0.031982421875
data/processed/images/quarter_note/002292.png,quarter_note,7e07d32d6383a7e52ad45cb0c88146e2a3521b37ba24022aa758178ee39b8770,data/raw/datasets/datasets/Notes/Quarter/q365.jpg,64,64,0.091796875
data/processed/images/half_note/001633.png,half_note,d24ee653ba367bfff486f1db0f26f57b614019b38749795a95399e455e879b0e,data/raw/datasets/datasets/Notes/Half/h672.jpg,64,64,0.037841796875
data/processed/images/eighth_note/000430.png,eighth_note,c467fece700d5f926bbb15f40400817bc3b34cb5ed78c7e1310365fd4a0dd1d7,data/raw/datasets/datasets/Notes/Eight/e486.jpg,64,64,0.03662109375
data/processed/images/half_note/001300.png,half_note,1e725e8b63bd92cd47cad536dec0f24a62ae32657ba184ce84136f9a5b874a1b,data/raw/datasets/datasets/Notes/Half/h372.jpg,64,64,0.072021484375
data/processed/images/half_note/001116.png,half_note,a140adf08fb57f0a3f9c90466b0d5594f8a5285a0cf68b72098a35feb1d5bd42,data/raw/datasets/datasets/Notes/Half/h206.jpg,64,64,0.039794921875
data/processed/images/quarter_note/002063.png,quarter_note,dd76d2f03bc7346714d10958fd36d641cbbc3edf32e5bdfa83ad427d6286eefc,data/raw/datasets/datasets/Notes/Quarter/q159.jpg,64,64,0.0595703125
data/processed/images/eighth_note/000447.png,eighth_note,b2bb16085e3a0c3cdc2090b2f6ca244c6b1578a1775d9288cd1d862e1f3acf71,data/raw/datasets/datasets/Notes/Eight/e500.jpg,64,64,0.047119140625
data/processed/images/quarter_note/002901.png,quarter_note,5e0d696b1e26f17b44b0cc507e836aa86c1d0328bd154cde5d70026fb4ced41f,data/raw/datasets/datasets/Notes/Quarter/q913.jpg,64,64,0.0439453125
data/processed/images/quarter_note/002950.png,quarter_note,6ae6a588503c2104aae1a6f6c3c3ea46071e80d06fc33a42e7645ffcd0d7acb9,data/raw/datasets/datasets/Notes/Quarter/q958.jpg,64,64,0.0810546875
data/processed/images/sixteenth_note/003487.png,sixteenth_note,7cfbfec87637f6c62ec741322b5bbb44e90bf529046e24cb4c2bdc45ba7e1d53,data/raw/datasets/datasets/Notes/Sixteenth/s540.jpg,64,64,0.1142578125
data/processed/images/whole_note/004766.png,whole_note,a47d4dad259e6ed475b66793803143a5721c404a3dc05c6fbfa6de75377aa762,data/raw/datasets/datasets/Notes/Whole/w793.jpg,64,64,0.2490234375
data/processed/images/whole_note/004548.png,whole_note,b26e8ac113ecffd3292394c01c6b71b7518f884a02ca80f1db1c0d75f5d59c6b,data/raw/datasets/datasets/Notes/Whole/w597.jpg,64,64,0.130126953125
data/processed/images/whole_note/004313.png,whole_note,31bdfa9a9a7fef8301cfe928189e91bd249c5d599a36e3fd801c0075140eb2a4,data/raw/datasets/datasets/Notes/Whole/w385.jpg,64,64,0.0712890625
data/processed/images/quarter_note/002619.png,quarter_note,eb1a472945cd990fcebee9fa2c92c1d4272e364a12c5334a646cc6bc116b250f,data/raw/datasets/datasets/Notes/Quarter/q66.jpg,64,64,0.03662109375
data/processed/images/half_note/001209.png,half_note,ca4f63f9c10ae16db6f51b9c8019ae1292dac1fc8d45118ba88c08545d56aee6,data/raw/datasets/datasets/Notes/Half/h290.jpg,64,64,0.031982421875
data/processed/images/quarter_note/002032.png,quarter_note,48fddc72c972a54d25032faea9e567b07ec3eaaf8eff3b90cdcdaa7a2d80ec53,data/raw/datasets/datasets/Notes/Quarter/q130.jpg,64,64,0.0703125
data/processed/images/half_note/001701.png,half_note,c07ad0ef1e0df4708427065bccf0da88a245fde4f296e8c481912ba636a1930f,data/raw/datasets/datasets/Notes/Half/h733.jpg,64,64,0.046875
data/processed/images/whole_note/004653.png,whole_note,b47a1f7f4a7aabd386cf98a943e2027f76ebc4b58886e5be1dc27072b191693d,data/raw/datasets/datasets/Notes/Whole/w691.jpg,64,64,0.143310546875
data/processed/images/whole_note/004199.png,whole_note,637158a1bfb20e1a585dfcab3cd960c830a93121c68ab5c6adb86216d99eab5f,data/raw/datasets/datasets/Notes/Whole/w282.jpg,64,64,0.039794921875
data/processed/images/whole_note/004513.png,whole_note,5bada5be4e96c67ebf6565673cdb48ed008a6923ee747cfed3e35880c68ee0ab,data/raw/datasets/datasets/Notes/Whole/w565.jpg,64,64,0.028564453125
data/processed/images/half_note/001336.png,half_note,8ffae27cf05bfa9ffb2150dcef976e8c78566d387ab9e1317ee8708e9add93ae,data/raw/datasets/datasets/Notes/Half/h404.jpg,64,64,0.0439453125
data/processed/images/quarter_note/002364.png,quarter_note,c0e0c1d9a5e46263591532d7932ae3a55e56757aa8f74a42641a38a8ed0f3cdc,data/raw/datasets/datasets/Notes/Quarter/q43.jpg,64,64,0.024658203125
data/processed/images/eighth_note/000607.png,eighth_note,6136a4ba4eda732a69a4f505fe1a4e07806cffc7fdc04ac1c62431a83fcf6b9e,data/raw/datasets/datasets/Notes/Eight/e645.jpg,64,64,0.176513671875
data/processed/images/half_note/001031.png,half_note,e060bd63634cdd4d65f6901b84774b322b01ea77a758c0ac79cfa0b9ea549933,data/raw/datasets/datasets/Notes/Half/h13.jpg,64,64,0.138671875
data/processed/images/quarter_note/002641.png,quarter_note,422889726f5a14a76490004bdb346bba941f642597b99bbbb44cf2734231e1c8,data/raw/datasets/datasets/Notes/Quarter/q68.jpg,64,64,0.068603515625
data/processed/images/whole_note/004525.png,whole_note,90286938961df4f09e62743cc9b9c37d19823acdc675cb0333af103eb8aeb7d6,data/raw/datasets/datasets/Notes/Whole/w576.jpg,64,64,0.055908203125
data/processed/images/half_note/001638.png,half_note,846cb08d7b066390c0a58f988e386a0a628fbe0be9c456a7e71eb90b95b6c5eb,data/raw/datasets/datasets/Notes/Half/h677.jpg,64,64,0.057861328125
data/processed/images/quarter_note/002397.png,quarter_note,97be0529231b99913acba6b11a0defc210e75caedb0ef7abdbb8ebf0ef780d73,data/raw/datasets/datasets/Notes/Quarter/q46.jpg,64,64,0.02978515625
data/processed/images/sixteenth_note/003168.png,sixteenth_note,83c7d521522d8b35d1f53f3c455f50d11d201bb09407e792d3561480f25ec352,data/raw/datasets/datasets/Notes/Sixteenth/s253.jpg,64,64,0.156982421875
data/processed/images/sixteenth_note/003062.png,sixteenth_note,cb92128173153e9013ea5052608853e01eee02fd7f5d1e09999e6ce532ab96ac,data/raw/datasets/datasets/Notes/Sixteenth/s158.jpg,64,64,0.055419921875
data/processed/images/eighth_note/000637.png,eighth_note,74f2aa36f6454a383b6e3f28e2d26447cd715c1f367c32b0c6ffb0af4b7a2ed4,data/raw/datasets/datasets/Notes/Eight/e672.jpg,64,64,0.1171875
data/processed/images/eighth_note/000279.png,eighth_note,efb15be574ce9ae69e1148aaa5328debd27e73930da4fe17778bbc7f9f135a6f,data/raw/datasets/datasets/Notes/Eight/e35.jpg,64,64,0.074951171875
data/processed/images/sixteenth_note/003520.png,sixteenth_note,8ca65ec2272c47aa409ea7ba95e82a76f24e6490a150d96a93a4692c3a4b85d3,data/raw/datasets/datasets/Notes/Sixteenth/s570.jpg,64,64,0.1201171875
data/processed/images/quarter_note/002744.png,quarter_note,df4a6445ff4b8757ce49974e71c7f916238bab86c3747957edb22d37db016165,data/raw/datasets/datasets/Notes/Quarter/q772.jpg,64,64,0.0322265625
data/processed/images/sixteenth_note/003271.png,sixteenth_note,08d374160636af65484b1a0639f951f5bab1a31bf51aa7cee8263ba15c47b329,data/raw/datasets/datasets/Notes/Sixteenth/s346.jpg,64,64,0.225830078125
data/processed/images/sixteenth_note/003220.png,sixteenth_note,2ac4458d7674b4e4d6257da751593ab0c022bd7343e9c7482b2bd0268c3e0521,data/raw/datasets/datasets/Notes/Sixteenth/s30.jpg,64,64,0.11376953125
data/processed/images/sixteenth_note/003547.png,sixteenth_note,e7628a44e37b88a04c6ddadc2a4423475af59558bffa3238e5aa6d3768d6b30e,data/raw/datasets/datasets/Notes/Sixteenth/s595.jpg,64,64,0.06787109375
data/processed/images/whole_note/004449.png,whole_note,beb36a3a02803977ca5aa92c9a1a06685f091a4e7ef064ef87553fdcd41ed062,data/raw/datasets/datasets/Notes/Whole/w507.jpg,64,64,0.034423828125
data/processed/images/whole_note/004330.png,whole_note,9f96bef7a34c6cd41d1d9c95d69e3a5a3ad24c523b682ccec51499700a5f2774,data/raw/datasets/datasets/Notes/Whole/w40.jpg,64,64,0.17822265625
data/processed/images/half_note/001550.png,half_note,ebd8dacb01a7dae7fa4d92d63406f5c5bc6ec970ae3464eb1d7cb18c07550fe4,data/raw/datasets/datasets/Notes/Half/h598.jpg,64,64,0.048583984375
data/processed/images/quarter_note/002520.png,quarter_note,013ca53882ca813d59ac1a964466ea8263b30078146c6b08fb9ba9d355d88f3e,data/raw/datasets/datasets/Notes/Quarter/q570.jpg,64,64,0.06591796875
data/processed/images/sixteenth_note/003572.png,sixteenth_note,7c0e1f6202ebc5e98939dfcfd3a53a91eaee120d1e0d3fca51480f591ec2e764,data/raw/datasets/datasets/Notes/Sixteenth/s617.jpg,64,64,0.132568359375
data/processed/images/eighth_note/000015.png,eighth_note,2213789791dd392f7aea6d6a3c969eda42e071684a8a7f4fe7162b04825b419c,data/raw/datasets/datasets/Notes/Eight/e111.jpg,64,64,0.021728515625
data/processed/images/quarter_note/002758.png,quarter_note,8b0703c4090223110e97e150bbbe9bda3f1f9a0e68ef94f1274a4f40c3e7da88,data/raw/datasets/datasets/Notes/Quarter/q785.jpg,64,64,0.013671875
data/processed/images/eighth_note/000092.png,eighth_note,b41a5b7f811fea002d48152ed709f9d99c7d2ba7ce9672c6236cafea6b91d411,data/raw/datasets/datasets/Notes/Eight/e181.jpg,64,64,0.223388671875
data/processed/images/half_note/001017.png,half_note,8b5d3c56b1f5e460a701d0362a09cddd4252d2ce2967f9cc6c2d2aaec98dc971,data/raw/datasets/datasets/Notes/Half/h117.jpg,64,64,0.049560546875
data/processed/images/quarter_note/002567.png,quarter_note,903a01a7ec863b3f12973cf616ddb1a4185316c4f9b50066fd07c169bb0601c3,data/raw/datasets/datasets/Notes/Quarter/q612.jpg,64,64,0.04052734375
data/processed/images/whole_note/004005.png,whole_note,5767d157b417a89c40f8dd9c3cb8edf03d182c954d74961d539a477ad2392461,data/raw/datasets/datasets/Notes/Whole/w107.jpg,64,64,0.197509765625
data/processed/images/sixteenth_note/003012.png,sixteenth_note,8952d8dabd1e2cd8800e013f8123735d6638f83c7bd5c75f1c30b915f6708a6b,data/raw/datasets/datasets/Notes/Sixteenth/s112.jpg,64,64,0.121337890625
data/processed/images/sixteenth_note/003426.png,sixteenth_note,3da95eec07a5c82347578d48ccf684dd0a568970a7c0484968cd272244a17a44,data/raw/datasets/datasets/Notes/Sixteenth/s486.jpg,64,64,0.0625
data/processed/images/sixteenth_note/003179.png,sixteenth_note,cb9256a46d5044eafdd2a1841709021f9d7d159d707d651a0e504913d1313ce9,data/raw/datasets/datasets/Notes/Sixteenth/s263.jpg,64,64,0.109619140625
data/processed/images/eighth_note/000280.png,eighth_note,7adf39e0134fd9a20566769c8153c5cc8ac4a31ba156c9720301a04752912861,data/raw/datasets/datasets/Notes/Eight/e350.jpg,64,64,0.039794921875
data/processed/images/whole_note/004671.png,whole_note,c1b9f6a41ef8314c3904c42e48d543ff2ef497ebcc77e327cf1fe1b3000967e0,data/raw/datasets/datasets/Notes/Whole/w707.jpg,64,64,0.1103515625
data/processed/images/half_note/001708.png,half_note,1904b797adeaa39c9414670cee28bfc8a2308c3922bc34dd6240bb2183306015,data/raw/datasets/datasets/Notes/Half/h74.jpg,64,64,0.0322265625
data/processed/images/half_note/001272.png,half_note,dc30efb95c195d72801af0b28ecf3eea91b2ea97c76fa6152d5b61c15b78e0b0,data/raw/datasets/datasets/Notes/Half/h347.jpg,64,64,0.050537109375
data/processed/images/sixteenth_note/003847.png,sixteenth_note,b26ce94bbf880cf0fcbce0ddfd2ee8387b016d76186182a9fe7bdd92989e94f7,data/raw/datasets/datasets/Notes/Sixteenth/s866.jpg,64,64,0.062255859375
data/processed/images/quarter_note/002552.png,quarter_note,b013d7b4c199d02bd6eee7c7a562ac719cdaca9fffe7e7ebdd5ff32e38af4a64,data/raw/datasets/datasets/Notes/Quarter/q6.jpg,64,64,0.059814453125
data/processed/images/whole_note/004483.png,whole_note,1a84506d0aa514d039366135d797f0d6da06658fb6617031e08f6f872f6b76b0,data/raw/datasets/datasets/Notes/Whole/w538.jpg,64,64,0.06005859375
data/processed/images/sixteenth_note/003676.png,sixteenth_note,23e6781007d5e28f71873e158ca7610246c1c98515f6742ae7cb8107075c0923,data/raw/datasets/datasets/Notes/Sixteenth/s711.jpg,64,64,0.158935546875
data/processed/images/quarter_note/002749.png,quarter_note,ce592bc6318b4a163a670eabeb5b139e4635c5338a8e3790f3fa10eda8d2a17c,data/raw/datasets/datasets/Notes/Quarter/q777.jpg,64,64,0.01708984375
data/processed/images/whole_note/004821.png,whole_note,b99b6ad7fc054e58fe4b5cf6a976b0e306ccdca2d2947923eb06be9ddb8ac010,data/raw/datasets/datasets/Notes/Whole/w842.jpg,64,64,0.40087890625
data/processed/images/half_note/001640.png,half_note,be6e0c977ecd784e064f794c9a6664d296b2f9b36976996da2041328c1bfa7ce,data/raw/datasets/datasets/Notes/Half/h679.jpg,64,64,0.093505859375
data/processed/images/quarter_note/002902.png,quarter_note,4aceee7dbd9eb3983e237f078cf687cae5f02378bf503e28ad1f39dc39219689,data/raw/datasets/datasets/Notes/Quarter/q914.jpg,64,64,0.0322265625
data/processed/images/eighth_note/000226.png,eighth_note,b59df3914fc3c8c1c756de8e1d8f68a23e2035d4a8ef121deb2d7efcfe72d77c,data/raw/datasets/datasets/Notes/Eight/e301.jpg,64,64,0.036376953125
data/processed/images/quarter_note/002217.png,quarter_note,288cf37495bd6e258c4b4bd961f2b7c7eb0515395aae7f26a0c9891b9fcc7e1e,data/raw/datasets/datasets/Notes/Quarter/q298.jpg,64,64,0.060546875
data/processed/images/sixteenth_note/003033.png,sixteenth_note,449154fff05d000a4cf5536bb7c2a136365928686294209aee5b22127c70762b,data/raw/datasets/datasets/Notes/Sixteenth/s131.jpg,64,64,0.129638671875
data/processed/images/half_note/001684.png,half_note,82c27941ba4968e0eeb2115a0c2c756e0fabb33ad967d5002b23000279c2f949,data/raw/datasets/datasets/Notes/Half/h718.jpg,64,64,0.082275390625
data/processed/images/eighth_note/000464.png,eighth_note,bd33c86681bafd74f8556f9fb9b6f83f1755b6e354cfc6891878900ea4446c7d,data/raw/datasets/datasets/Notes/Eight/e516.jpg,64,64,0.048583984375
data/processed/images/eighth_note/000031.png,eighth_note,f3223b36631a95d9f13099594fb289855cfa331aae14a4d88fdac920b99dfccc,data/raw/datasets/datasets/Notes/Eight/e126.jpg,64,64,0.03955078125
data/processed/images/whole_note/004632.png,whole_note,5ba9784904cd73ff628ba3760825f8a310242babd962a09fe71ef76ad09a797b,data/raw/datasets/datasets/Notes/Whole/w672.jpg,64,64,0.170166015625
data/processed/images/quarter_note/002290.png,quarter_note,3dfba497806dc12d060a78f15c038c69609b7a1a461bfc2d9049b56a480c5df2,data/raw/datasets/datasets/Notes/Quarter/q363.jpg,64,64,0.0673828125
data/processed/images/whole_note/004700.png,whole_note,07c6afa6fbe9603a9b40ff3f85adeab0a13dc4541b1e2503ea81730f6e18fe80,data/raw/datasets/datasets/Notes/Whole/w733.jpg,64,64,0.1923828125
data/processed/images/quarter_note/002373.png,quarter_note,8f1571f9fe2f45329cdc8abe4ea4376ef68db1155b655d7880b06534c5ac594d,data/raw/datasets/datasets/Notes/Quarter/q438.jpg,64,64,0.031005859375
data/processed/images/whole_note/004502.png,whole_note,2a75594b9c03204998374bb19b54e98de068bc97935b734b839ac16118de5b36,data/raw/datasets/datasets/Notes/Whole/w555.jpg,64,64,0.09130859375
data/processed/images/quarter_note/002168.png,quarter_note,a62db976ba04d9afc6407314bbc3288259d7131c672671fcca588e57bc874dfa,data/raw/datasets/datasets/Notes/Quarter/q253.jpg,64,64,0.025390625
data/processed/images/sixteenth_note/003086.png,sixteenth_note,e877a5607256b03d6edb5c3ab614a85f99011cc3f27d1fd28a0d03433f8ff2ca,data/raw/datasets/datasets/Notes/Sixteenth/s18.jpg,64,64,0.1474609375
data/processed/images/half_note/001585.png,half_note,abaa02f7cea4cadd41120642de6e8e5aa9ab8bafc7576f49ba5e2c174d75e794,data/raw/datasets/datasets/Notes/Half/h629.jpg,64,64,0.0390625
data/processed/images/eighth_note/000962.png,eighth_note,ccfdf2d1ce932c3e190d46b8ae941b8ab2239c6ee364362a2df44af6ce2c4652,data/raw/datasets/datasets/Notes/Eight/e969.jpg,64,64,0.05126953125
data/processed/images/quarter_note/002380.png,quarter_note,69d6ffc9baf6f4a78d6d76191eb71be5eb33ed9ecf103b70d2de7e102ef40506,data/raw/datasets/datasets/Notes/Quarter/q444.jpg,64,64,0.020263671875
data/processed/images/sixteenth_note/003245.png,sixteenth_note,755491dbbd37b1fac75306d884161084ff2813b5d882d71616d03645fe633e5c,data/raw/datasets/datasets/Notes/Sixteenth/s322.jpg,64,64,0.05810546875
data/processed/images/quarter_note/002024.png,quarter_note,b990f8148f2c23780bb6350c3044a0ec96a7c64b5f8fd2d84bbe21601248e02d,data/raw/datasets/datasets/Notes/Quarter/q123.jpg,64,64,0.0732421875
data/processed/images/sixteenth_note/003820.png,sixteenth_note,d546977b1ad95e46d0fe9590e8fce452af5008dee01509337baeb1edd5486404,data/raw/datasets/datasets/Notes/Sixteenth/s841.jpg,64,64,0.140625
data/processed/images/sixteenth_note/003835.png,sixteenth_note,5337708374c85055a77e1acb2b750191b6bf91bfb7450901327e7677704e6654,data/raw/datasets/datasets/Notes/Sixteenth/s855.jpg,64,64,0.0654296875
data/processed/images/half_note/001742.png,half_note,d55905101e6c3913fbbccb3f0c1cd38bb5054d6b36549db4c2fa473527fc94e0,data/raw/datasets/datasets/Notes/Half/h770.jpg,64,64,0.024658203125
data/processed/images/quarter_note/002647.png,quarter_note,16ce640cf8f09496a7d3045ad07d25c986c2bd60602a0e205436b5e33e09bbd4,data/raw/datasets/datasets/Notes/Quarter/q685.jpg,64,64,0.116943359375
data/processed/images/eighth_note/000405.png,eighth_note,0356aa21e4082cdace4eab4684a2b5edd0a52b1cf547e3a8cd3385daf236ad39,data/raw/datasets/datasets/Notes/Eight/e463.jpg,64,64,0.05029296875
data/processed/images/whole_note/004411.png,whole_note,4519f135469f89847a6aaddddf51b5337c38b489f328ebeef406f4251e3f40bf,data/raw/datasets/datasets/Notes/Whole/w473.jpg,64,64,0.02783203125
data/processed/images/quarter_note/002603.png,quarter_note,72e4c1a61c14f5de953d83aef38f88f9bbe49bec923b1f1b76cfa003ea6d938a,data/raw/datasets/datasets/Notes/Quarter/q645.jpg,64,64,0.097412109375
data/processed/images/quarter_note/002013.png,quarter_note,18f3fba013c9537a2ba5541086e02d129a3cc583415171d29ed4b4ac7205b823,data/raw/datasets/datasets/Notes/Quarter/q113.jpg,64,64,0.11962890625
data/processed/images/quarter_note/002461.png,quarter_note,1e60f41a2c725d31b4fe4b57e93c2415f209ca142f301355ff3ab7fa32e489c3,data/raw/datasets/datasets/Notes/Quarter/q517.jpg,64,64,0.0419921875
data/processed/images/quarter_note/002534.png,quarter_note,ded2b44b1490b234d9e65bc6f080315e57d485432850ccc39c9cd2bfd0e77a48,data/raw/datasets/datasets/Notes/Quarter/q583.jpg,64,64,0.081298828125
data/processed/images/sixteenth_note/003941.png,sixteenth_note,d653f14433309318021aa4e7e979fa1f226509a88d40e8abbc4a5f5e279787f2,data/raw/datasets/datasets/Notes/Sixteenth/s950.jpg,64,64,0.099609375
data/processed/images/whole_note/004738.png,whole_note,4a9a883cb0b53b7e30637986b520b19db862db720ccbdec52b9e67575429763c,data/raw/datasets/datasets/Notes/Whole/w768.jpg,64,64,0.155029296875
data/processed/images/eighth_note/000307.png,eighth_note,c704f7d19990e92e11855c6c1f88e9f149a794f07d25a8ff64dc5acda66c535a,data/raw/datasets/datasets/Notes/Eight/e375.jpg,64,64,0.06103515625
data/processed/images/whole_note/004573.png,whole_note,71bbe55629dec3b1eb0353fcc938c101b97637100f4a06d303d836bcf6c84843,data/raw/datasets/datasets/Notes/Whole/w619.jpg,64,64,0.05615234375
data/processed/images/half_note/001396.png,half_note,58bfd18b3c8651a4d62e161691e9a3ddb14e5e02e6d09dab151df5867c9d28d3,data/raw/datasets/datasets/Notes/Half/h459.jpg,64,64,0.041015625
data/processed/images/quarter_note/002057.png,quarter_note,adb3b0500aa7e44f50cb8a94b1643ad8b30e28902a648408ee4ed65d89f53899,data/raw/datasets/datasets/Notes/Quarter/q153.jpg,64,64,0.0576171875
data/processed/images/half_note/001746.png,half_note,57991cb46693e717e8a2f095613332f8436d825b6c9ab68ad0079ff0a8dc10dc,data/raw/datasets/datasets/Notes/Half/h774.jpg,64,64,0.042724609375
data/processed/images/sixteenth_note/003174.png,sixteenth_note,9907b0a2ded9635d8c016593ae7794eb5e5248856f2a852ffdb6aa33216d4863,data/raw/datasets/datasets/Notes/Sixteenth/s259.jpg,64,64,0.0615234375
data/processed/images/eighth_note/000959.png,eighth_note,fad9f09c39b01e0d9166dcf363bbbb5c8bc49948bf6c1dd63282705723f6aa82,data/raw/datasets/datasets/Notes/Eight/e966.jpg,64,64,0.091064453125
data/processed/images/half_note/001838.png,half_note,53ad4e87e6ec8bfa6294cee6a3c88289f32e374e3059cb61c412ec3ed433c1d6,data/raw/datasets/datasets/Notes/Half/h857.jpg,64,64,0.06005859375
data/processed/images/quarter_note/002226.png,quarter_note,048c8c76db7037380f317e4f07e5628b5850be4d7ca36516f4fbcad59b75a7a8,data/raw/datasets/datasets/Notes/Quarter/q305.jpg,64,64,0.054443359375
data/processed/images/eighth_note/000790.png,eighth_note,caa5d2d9a3a1b616508572d6aa8cfdac89c2820152c803aac245fcf7c648621f,data/raw/datasets/datasets/Notes/Eight/e813.jpg,64,64,0.079345703125
data/processed/images/half_note/001388.png,half_note,b53d687c71a0124b1d5768c4e45e3e3572fc8761bcd91f8afb3176bdeb2bfaa2,data/raw/datasets/datasets/Notes/Half/h451.jpg,64,64,0.020263671875
data/processed/images/whole_note/004910.png,whole_note,391b5f9e7371ddb257f377bbd1c673d38238818c91b64ffede061824ee5a7e4f,data/raw/datasets/datasets/Notes/Whole/w922.jpg,64,64,0.176513671875
data/processed/images/whole_note/004061.png,whole_note,27c383e6ed55a91235e137b0f86f23aa7e063ec6fa22d75c0ac99ef3eded9f95,data/raw/datasets/datasets/Notes/Whole/w158.jpg,64,64,0.08740234375
data/processed/images/whole_note/004676.png,whole_note,a053628125b41813c75a3f7ed2016c2f049e1e37bee6e436de65ae0acb3e5ad1,data/raw/datasets/datasets/Notes/Whole/w711.jpg,64,64,0.089111328125
data/processed/images/quarter_note/002318.png,quarter_note,fd534639ed7d17d941b8879fcd4a470d8530563da30b934b1ec6e377b1d52749,data/raw/datasets/datasets/Notes/Quarter/q389.jpg,64,64,0.065673828125
data/processed/images/half_note/001239.png,half_note,c38b308950109e49ac9952ef09fa451343f44c5866a68aa80d1abe37cd528292,data/raw/datasets/datasets/Notes/Half/h317.jpg,64,64,0.0263671875
data/processed/images/eighth_note/000511.png,eighth_note,9f412b6c7383f0b831d1a28b20c2097abeff374156bd345417e75b1065c6989f,data/raw/datasets/datasets/Notes/Eight/e559.jpg,64,64,0.10498046875
data/processed/images/sixteenth_note/003805.png,sixteenth_note,ef5ba28694acbbce8b1ffe133698635f8981f111ff7a37dbb27d7037d04cdcb2,data/raw/datasets/datasets/Notes/Sixteenth/s828.jpg,64,64,0.0625
data/processed/images/sixteenth_note/003921.png,sixteenth_note,5c9eb65819eb2ed867abc3f9e93597194214f4e2a0042a6d8a3b716f881ae7b5,data/raw/datasets/datasets/Notes/Sixteenth/s932.jpg,64,64,0.13671875
data/processed/images/half_note/001464.png,half_note,c1def546b6a417b5e3f24ac5f7ff928848baf69c57193c126377d92fb631ccde,data/raw/datasets/datasets/Notes/Half/h52.jpg,64,64,0.08642578125
data/processed/images/whole_note/004843.png,whole_note,7b7deec79d5e0336e9f4d78e8be0fccc6c37329b19ea5344228a67ad064eeccc,data/raw/datasets/datasets/Notes/Whole/w862.jpg,64,64,0.2041015625
data/processed/images/quarter_note/002429.png,quarter_note,2f45ec9f27fc626162ce5d51f2caef7b7698ea2d3a497b9fdfe07c96ac38ba1e,data/raw/datasets/datasets/Notes/Quarter/q489.jpg,64,64,0.03955078125
data/processed/images/quarter_note/002088.png,quarter_note,add0d48902169f21d7a51fe53284cef09c32cf09d55d7ef226875d2ba0cb85b4,data/raw/datasets/datasets/Notes/Quarter/q181.jpg,64,64,0.056884765625
data/processed/images/eighth_note/000302.png,eighth_note,e461c673a9e51b32d658cbba61048476f9a3ffaff7156831c89579bf45db4c08,data/raw/datasets/datasets/Notes/Eight/e370.jpg,64,64,0.071044921875
data/processed/images/sixteenth_note/003948.png,sixteenth_note,3dd6d767db9eea0398882c73e842bc529d8088997df7bc4e22f3fb9f908b8265,data/raw/datasets/datasets/Notes/Sixteenth/s957.jpg,64,64,0.13623046875
data/processed/images/whole_note/004391.png,whole_note,1642339d594600ca4f842bee14130f02407cf2c63ab4ab53c93ad649bc590baa,data/raw/datasets/datasets/Notes/Whole/w455.jpg,64,64,0.035888671875
data/processed/images/sixteenth_note/003647.png,sixteenth_note,f6a0e265b3c6a53a1a453d704b9643b333c6d974d8f12f24b3fffa2ac21ec97e,data/raw/datasets/datasets/Notes/Sixteenth/s685.jpg,64,64,0.097900390625
data/processed/images/whole_note/004455.png,whole_note,8d51172081ee6be3fe249ee2f9ace3cd83a97849c4fbd16007dcb9d8a70b8f4b,data/raw/datasets/datasets/Notes/Whole/w512.jpg,64,64,0.054443359375
data/processed/images/quarter_note/002564.png,quarter_note,0a2e51272c28e61d5bb3331c14c2e6792ea3bbcda65944239d10290f11a887b0,data/raw/datasets/datasets/Notes/Quarter/q61.jpg,64,64,0.03369140625
data/processed/images/quarter_note/002247.png,quarter_note,ad9d955eca4784c6507d97a58455e0ae528e7c72f0f558da2196525b9566da5a,data/raw/datasets/datasets/Notes/Quarter/q324.jpg,64,64,0.063720703125
data/processed/images/eighth_note/000888.png,eighth_note,06a76bb6894f3ecace0c1ccabf08404e587d4e9e8f257aedb6690ccc81e21a75,data/raw/datasets/datasets/Notes/Eight/e901.jpg,64,64,0.0361328125
data/processed/images/sixteenth_note/003576.png,sixteenth_note,501e3a4590d05e482f417bb075a5cf285a6f40c34022500b071127c47ac3dd59,data/raw/datasets/datasets/Notes/Sixteenth/s620.jpg,64,64,0.088623046875
data/processed/images/quarter_note/002875.png,quarter_note,ca1b2f168d8c901e20d4c5d39b1aeb5e454110dd3dd3a3bae2c09e9be53f95c7,data/raw/datasets/datasets/Notes/Quarter/q890.jpg,64,64,0.0283203125
data/processed/images/half_note/001333.png,half_note,66b744d6690e0ef23bcefc0cf3cb0a81c7e05e207d3c2ead7e01cca9596c574e,data/raw/datasets/datasets/Notes/Half/h401.jpg,64,64,0.024658203125
data/processed/images/sixteenth_note/003109.png,sixteenth_note,b09e348704cbbd5c78c4a8a28dc927856e2d163a2bfcd5726510139b6e1d5f50,data/raw/datasets/datasets/Notes/Sixteenth/s20.jpg,64,64,0.1689453125
data/processed/images/quarter_note/002541.png,quarter_note,32a49b12b95718ba71020a60637be485b960b1fb72a5b663d4f1fb207681cbfa,data/raw/datasets/datasets/Notes/Quarter/q59.jpg,64,64,0.07080078125
data/processed/images/quarter_note/002710.png,quarter_note,6e01fd19c6d4d21004a812d06c0851abbe4df2083a8eca5643d927cffdacad6b,data/raw/datasets/datasets/Notes/Quarter/q741.jpg,64,64,0.012939453125
data/processed/images/whole_note/004169.png,whole_note,beae5b37c029f36a0af2e5807657f8f5e096c698e92e1232ce6b8dffbbe171be,data/raw/datasets/datasets/Notes/Whole/w255.jpg,64,64,0.042724609375
data/processed/images/whole_note/004128.png,whole_note,13c471e7d36c3e46a6994a40611fed56b308f1c098d560e77e1af7a4265db125,data/raw/datasets/datasets/Notes/Whole/w218.jpg,64,64,0.0634765625
data/processed/images/eighth_note/000977.png,eighth_note,c3c3004760a5885e95d4da59a4f535f094651aac1d4f39bae5c6b6abdf0cb63b,data/raw/datasets/datasets/Notes/Eight/e982.jpg,64,64,0.162353515625
data/processed/images/quarter_note/002844.png,quarter_note,865f189b5a5e374e25f2be3c90e1c2262ea2bf3e2fbe75b69f89033c88a5834a,data/raw/datasets/datasets/Notes/Quarter/q862.jpg,64,64,0.04248046875
data/processed/images/half_note/001749.png,half_note,b530d247fda5490afcef9d2203f99b3c963f81ca06ed0199965bfdd423ec339b,data/raw/datasets/datasets/Notes/Half/h777.jpg,64,64,0.021484375
data/processed/images/eighth_note/000006.png,eighth_note,2d1a2c9654223d74e14d8e1b2197bf449aa7b52076592517e057773bbd26de91,data/raw/datasets/datasets/Notes/Eight/e103.jpg,64,64,0.031982421875
data/processed/images/whole_note/004306.png,whole_note,1547d171fead75c662dc9efe625a02585b256eccdc8fd5b2d6b6d9ca1606f05d,data/raw/datasets/datasets/Notes/Whole/w379.jpg,64,64,0.04833984375
data/processed/images/quarter_note/002495.png,quarter_note,7d27f6269cd85b2607012323dc4f8973a36856774e73ecf6d14b42e78a9c4a48,data/raw/datasets/datasets/Notes/Quarter/q548.jpg,64,64,0.079345703125
data/processed/images/half_note/001761.png,half_note,c22d86f020d364a6c6cddda24054d8f0106460f541f5b40967e2ace9fc52da84,data/raw/datasets/datasets/Notes/Half/h788.jpg,64,64,0.0439453125
data/processed/images/sixteenth_note/003698.png,sixteenth_note,08f0abd9ec83fca2a63ffec8a760a161947540e2f1a6a4ab063ca2c2d6b4c002,data/raw/datasets/datasets/Notes/Sixteenth/s731.jpg,64,64,0.058349609375
data/processed/images/quarter_note/002700.png,quarter_note,6782787c4fb074da46d050af52e244bcb877f89bacf2ec169824089d3a78f292,data/raw/datasets/datasets/Notes/Quarter/q732.jpg,64,64,0.044921875
data/processed/images/whole_note/004352.png,whole_note,bc78abd56e41cec8daf54c14b9709216704a93c46b753334454be4fb41c82c56,data/raw/datasets/datasets/Notes/Whole/w42.jpg,64,64,0.22607421875
data/processed/images/whole_note/004609.png,whole_note,1ddb67abc02879294c06265b7bdcf401fb009653759fb8653f56b3c116496dee,data/raw/datasets/datasets/Notes/Whole/w651.jpg,64,64,0.129638671875
data/processed/images/half_note/001735.png,half_note,ef1f46226cbc839ceaff691afaa722fd17e119c981717b1de4595fb592e4d289,data/raw/datasets/datasets/Notes/Half/h764.jpg,64,64,0.044189453125
data/processed/images/whole_note/004885.png,whole_note,dd762f84ad2c8535499e72327d48b0822fb0031d3c61293d99bdfa90398df3c3,data/raw/datasets/datasets/Notes/Whole/w90.jpg,64,64,0.1142578125
data/processed/images/eighth_note/000928.png,eighth_note,24c0ef7ca6175597d9007cc58601e8789b9fe47f52a6e2dc871a2d39058f5c00,data/raw/datasets/datasets/Notes/Eight/e938.jpg,64,64,0.048095703125
data/processed/images/quarter_note/002177.png,quarter_note,87a586039437a82e6b79a90dafd835c3d95adf679054011bf9c5d4e1c6336392,data/raw/datasets/datasets/Notes/Quarter/q261.jpg,64,64,0.054931640625
data/processed/images/quarter_note/002433.png,quarter_note,69c57b39fd889a766004480826f0164976bf1c4d53fbd8d2896f56e5a991d095,data/raw/datasets/datasets/Notes/Quarter/q492.jpg,64,64,0.033935546875
data/processed/images/half_note/001969.png,half_note,10459eda9a967e29c83da7aaffacf0958b88ac02461fdba6c9fddb72f7b8c86c,data/raw/datasets/datasets/Notes/Half/h975.jpg,64,64,0.03466796875
data/processed/images/quarter_note/002104.png,quarter_note,e0c24349f4124eabf44c42eb6fd0c5631bac67d3697e9df1141b4ba62fa23ce4,data/raw/datasets/datasets/Notes/Quarter/q196.jpg,64,64,0.06787109375
data/processed/images/eighth_note/000758.png,eighth_note,a5311e9a308644115c6746a378d3be4e7099279e341ad9c295cd4cbe0f9a0919,data/raw/datasets/datasets/Notes/Eight/e785.jpg,64,64,0.279541015625
data/processed/images/quarter_note/002556.png,quarter_note,9e9108d11444d785835ef1d3ad5207440e27bcccf64fadfac8a208909a5baee4,data/raw/datasets/datasets/Notes/Quarter/q602.jpg,64,64,0.12744140625
data/processed/images/eighth_note/000817.png,eighth_note,7948f846ee8804c9ff8fa8d5c7a4c541cf0205e7c5e3c61ad01fcd85aafb975d,data/raw/datasets/datasets/Notes/Eight/e838.jpg,64,64,0.0693359375
data/processed/images/half_note/001009.png,half_note,ff754a71ccbc10485277f9746a9f37927ef712c5cef7caa04bfcb9109931ee1d,data/raw/datasets/datasets/Notes/Half/h11.jpg,64,64,0.08056640625
data/processed/images/half_note/001149.png,half_note,c207c389e95a90edb8ef8b92a1af0459f8c6ef2d1e0004023af1874db6fed13e,data/raw/datasets/datasets/Notes/Half/h236.jpg,64,64,0.083984375
data/processed/images/eighth_note/000221.png,eighth_note,a2adea31885ee0f20b12ad0dd44ddbe3279af33beb82c1de9b52ab23c4c517ed,data/raw/datasets/datasets/Notes/Eight/e298.jpg,64,64,0.0341796875
data/processed/images/whole_note/004380.png,whole_note,7e9a9ccaa3987020bcfe1463af33597a9a18d9f8340a51d8180cbd99906edaad,data/raw/datasets/datasets/Notes/Whole/w445.jpg,64,64,0.035888671875
data/processed/images/sixteenth_note/003051.png,sixteenth_note,439f176051c1127e8263d6dbf772cbf5b86d352e821f2a705faf8972f2b0b9ed,data/raw/datasets/datasets/Notes/Sixteenth/s148.jpg,64,64,0.04248046875
data/processed/images/sixteenth_note/003045.png,sixteenth_note,426ae1dd736623cafa5224cf734633a2f19882339ab7f365b8f896dd1d27af67,data/raw/datasets/datasets/Notes/Sixteenth/s142.jpg,64,64,0.119384765625
data/processed/images/eighth_note/000168.png,eighth_note,040755273dc053ca0cc059c3a86349edd916b9bb439606cc4e9c8ed5bff882a0,data/raw/datasets/datasets/Notes/Eight/e25.jpg,64,64,0.0751953125
data/processed/images/quarter_note/002087.png,quarter_note,888bcbe70dc4651153dbdd6dacab74536d53a3c81adac18878fd151f5775f481,data/raw/datasets/datasets/Notes/Quarter/q180.jpg,64,64,0.031982421875
data/processed/images/sixteenth_note/003862.png,sixteenth_note,6499bcf8d0b5b7f9801ab75976f5ce574a35f3c71535c271eda964f13c15c691,data/raw/datasets/datasets/Notes/Sixteenth/s88.jpg,64,64,0.053466796875
data/processed/images/sixteenth_note/003812.png,sixteenth_note,655867e95be5bf4c78a2530a7493c1c74d6bd7ea9d6c02eaa6c341a0fb4a3ae0,data/raw/datasets/datasets/Notes/Sixteenth/s834.jpg,64,64,0.06640625
data/processed/images/whole_note/004183.png,whole_note,97299e0dd6d63a0a13a5476855506423efbf07894724a5d037e86d28d1ba0eb5,data/raw/datasets/datasets/Notes/Whole/w268.jpg,64,64,0.08740234375
data/processed/images/quarter_note/002707.png,quarter_note,2e1224e5d0261f8e2f26039135d18d65b1c96c00f5fc58de805b78f7cdedb210,data/raw/datasets/datasets/Notes/Quarter/q739.jpg,64,64,0.037353515625
data/processed/images/half_note/001275.png,half_note,f53a2b3b103923b43a649eb75ef4398d787cde530cc7ff4a9c70a624d224ee12,data/raw/datasets/datasets/Notes/Half/h35.jpg,64,64,0.15478515625
data/processed/images/whole_note/004887.png,whole_note,fba1af8db202111bfdd4749717819e596f5d554ad33d591ff7a904cf5e43148d,data/raw/datasets/datasets/Notes/Whole/w901.jpg,64,64,0.153564453125
data/processed/images/sixteenth_note/003300.png,sixteenth_note,d1e90a63339e5b2fa4c6c4b9e46bf69be15d505594f8412d6ab02018fc9d6285,data/raw/datasets/datasets/Notes/Sixteenth/s372.jpg,64,64,0.036865234375
data/processed/images/quarter_note/002127.png,quarter_note,4fed04931905a14c42ebf1a8120b2897a51fafa9d19431168ead183b9f76b479,data/raw/datasets/datasets/Notes/Quarter/q216.jpg,64,64,0.029296875
data/processed/images/quarter_note/002827.png,quarter_note,0fd9692aaaffacb27a4538082316ef914ec23577c17b1b285c1027e69334beda,data/raw/datasets/datasets/Notes/Quarter/q847.jpg,64,64,0.051513671875
data/processed/images/whole_note/004389.png,whole_note,12881708aabbe02c6f2dca6af042eb768232b32f1477e149a417b8775b782c17,data/raw/datasets/datasets/Notes/Whole/w453.jpg,64,64,0.07470703125
data/processed/images/eighth_note/000676.png,eighth_note,8e403d84e8bbb9b358dfa43253af39f58c5537a9e8c50b68617aaf2e43a4185d,data/raw/datasets/datasets/Notes/Eight/e707.jpg,64,64,0.0712890625
data/processed/images/whole_note/004418.png,whole_note,7ef576e5f7f8ef6e38a9e07f60a3bb56c6deacb0ed394d41ed944932c445dda8,data/raw/datasets/datasets/Notes/Whole/w48.jpg,64,64,0.1875
data/processed/images/sixteenth_note/003628.png,sixteenth_note,3fb8fcabfc8d2ecdc2b164e4af7cc5ae063ed98f61dd1b1f8571769990599059,data/raw/datasets/datasets/Notes/Sixteenth/s668.jpg,64,64,0.052978515625
data/processed/images/quarter_note/002031.png,quarter_note,df79b56ac5c2e066362a5b6c04a3d910e0fd1aa38c27feb6703f22f98802f669,data/raw/datasets/datasets/Notes/Quarter/q13.jpg,64,64,0.026123046875
data/processed/images/half_note/001875.png,half_note,11f4517a79c999beafc9afe4e033c6bae2be203095037009a7ecb8aad1e82ccb,data/raw/datasets/datasets/Notes/Half/h890.jpg,64,64,0.01904296875
data/processed/images/quarter_note/002394.png,quarter_note,ea86979a8d9dfba0966fe8a71b8400ebaa9492e9db4031e6815c39dd3930c6ed,data/raw/datasets/datasets/Notes/Quarter/q457.jpg,64,64,0.040771484375
data/processed/images/quarter_note/002026.png,quarter_note,2a2ace39a3b5b8f2942e0d751192f50fa09d0647b7632196c3924a77ad238f5c,data/raw/datasets/datasets/Notes/Quarter/q125.jpg,64,64,0.112060546875
data/processed/images/eighth_note/000545.png,eighth_note,9bd596dfdd317bbb5f3acc937c7016dbe7a2449efb0132a6ae8646b8188d155e,data/raw/datasets/datasets/Notes/Eight/e59.jpg,64,64,0.05126953125
data/processed/images/half_note/001982.png,half_note,804d909d4a0c42c4dd9d7ce8181751103459a9c93cc2fd2cf297f5de9b16dd73,data/raw/datasets/datasets/Notes/Half/h987.jpg,64,64,0.02734375
data/processed/images/whole_note/004906.png,whole_note,4fcd44e53a3b3c809b2a633119ed2594a4317402a15b060fb2ac0a0985f16125,data/raw/datasets/datasets/Notes/Whole/w919.jpg,64,64,0.318359375
data/processed/images/sixteenth_note/003743.png,sixteenth_note,258a7d3bae15cab30ff98a958f5510fd4aab850c703432036577d633f4fa0834,data/raw/datasets/datasets/Notes/Sixteenth/s772.jpg,64,64,0.0576171875
data/processed/images/eighth_note/000846.png,eighth_note,95ac7ed795a124583a7f520af124deeaae82f7693be17465785aa15e427a0bb6,data/raw/datasets/datasets/Notes/Eight/e864.jpg,64,64,0.035400390625
data/processed/images/eighth_note/000215.png,eighth_note,28caf3c5fd2ce6ff965b7517f3d2262e4b5ce27700ef87a235e2ce9e5d1e68f4,data/raw/datasets/datasets/Notes/Eight/e292.jpg,64,64,0.046875
data/processed/images/whole_note/004673.png,whole_note,aac37f8adaff06e90ab1ed139f3629d80661e745c2532dfdcec0f8798de6208a,data/raw/datasets/datasets/Notes/Whole/w709.jpg,64,64,0.103759765625
data/processed/images/eighth_note/000066.png,eighth_note,3cd0d78acf68ff24010d0c914f762bcdec986cf38d7c39e44f33c6e39e1ca3d7,data/raw/datasets/datasets/Notes/Eight/e158.jpg,64,64,0.09814453125
data/processed/images/eighth_note/000193.png,eighth_note,1d805377f454241ea063d686a8d35db5e52bf24f2146ba2e9022ecfa7a9b5209,data/raw/datasets/datasets/Notes/Eight/e272.jpg,64,64,0.03857421875
data/processed/images/sixteenth_note/003749.png,sixteenth_note,dcb551873cc0d57787f30a5b9f9feb0cf9dcced6da907161385e159ed4efe397,data/raw/datasets/datasets/Notes/Sixteenth/s778.jpg,64,64,0.091064453125
data/processed/images/half_note/001656.png,half_note,742cd76da2ac23ef3d7ad16f0f9e5f974da38440fd8a67e34382264ee2c09669,data/raw/datasets/datasets/Notes/Half/h693.jpg,64,64,0.069580078125
data/processed/images/sixteenth_note/003298.png,sixteenth_note,34a284830ba65ac44afe698b4385b2e0bf87c701d3e45cf6be1d353441b55f33,data/raw/datasets/datasets/Notes/Sixteenth/s370.jpg,64,64,0.06884765625
data/processed/images/sixteenth_note/003037.png,sixteenth_note,2daf51a0aaf389597f1e56f00008d80abece9294f35868067ab60ba2edf8010a,data/raw/datasets/datasets/Notes/Sixteenth/s135.jpg,64,64,0.0810546875
data/processed/images/quarter_note/002058.png,quarter_note,5a28e9c9c86e286b68266c9420a7a92f1127501cdad9dc94cb0820de6271fdf1,data/raw/datasets/datasets/Notes/Quarter/q154.jpg,64,64,0.07958984375
data/processed/images/half_note/001021.png,half_note,d92f59c17139d34ff14020787f9f83bea784de8b2afc94ff05ec067e0ce41645,data/raw/datasets/datasets/Notes/Half/h120.jpg,64,64,0.06396484375
data/processed/images/quarter_note/002444.png,quarter_note,97ea10fc5c60f1f29afc67fe30f94ce8314a79f9e3d0afbc810074091042c770,data/raw/datasets/datasets/Notes/Quarter/q501.jpg,64,64,0.02490234375
data/processed/images/sixteenth_note/003355.png,sixteenth_note,197512f643305fe7bed22596e5fc5e63000335dc5caadb17b2dc2ccba9053351,data/raw/datasets/datasets/Notes/Sixteenth/s421.jpg,64,64,0.052978515625
data/processed/images/whole_note/004813.png,whole_note,995ea3fd3e3df696c86d4733bb3ceccc7ed89563b1a41276941c018a060f6b48,data/raw/datasets/datasets/Notes/Whole/w835.jpg,64,64,0.1904296875
data/processed/images/half_note/001476.png,half_note,ad3f09372f173eb89152de98af0194b7c6f19cec959417a21102c5c0d01a8a47,data/raw/datasets/datasets/Notes/Half/h530.jpg,64,64,0.039794921875
data/processed/images/sixteenth_note/003974.png,sixteenth_note,11e1ea2ac37c0c732684cf661506238bb939f99c41a5f3991ad9b4ad71e7a891,data/raw/datasets/datasets/Notes/Sixteenth/s980.jpg,64,64,0.092041015625
data/processed/images/whole_note/004931.png,whole_note,765d1f6c87077938c79074304b54676f6ea36b7af322c1571be4a688058e7a24,data/raw/datasets/datasets/Notes/Whole/w941.jpg,64,64,0.049560546875
data/processed/images/whole_note/004723.png,whole_note,9db560a215cbc4702633392e206cd1622fdfce55e8cf64f5d3a425901604284c,data/raw/datasets/datasets/Notes/Whole/w754.jpg,64,64,0.27783203125
data/processed/images/whole_note/004235.png,whole_note,53fa1650ddc3ed699169ca35aa91f05e5a1f82542eeb320374763dfbcf6e55a5,data/raw/datasets/datasets/Notes/Whole/w314.jpg,64,64,0.392822265625
data/processed/images/eighth_note/000377.png,eighth_note,c85f614057b658c179ef6e86c3b91a36396ad7173ffd756372697a822847c94b,data/raw/datasets/datasets/Notes/Eight/e438.jpg,64,64,0.037841796875
data/processed/images/whole_note/004478.png,whole_note,9cf5d27065e2698727cf693dd8530894d85cc6d189b67533a843d8c8f3e56469,data/raw/datasets/datasets/Notes/Whole/w533.jpg,64,64,0.034423828125
data/processed/images/whole_note/004932.png,whole_note,00d3cb041db5065342ce3e284f6a48359753217a291cdccbd74a6742124de027,data/raw/datasets/datasets/Notes/Whole/w942.jpg,64,64,0.033935546875
data/processed/images/half_note/001712.png,half_note,d4c314d03bc5273b616f9c8861af6eb30647934fd4088c8739cd1be0f59d107d,data/raw/datasets/datasets/Notes/Half/h743.jpg,64,64,0.04833984375
data/processed/images/half_note/001727.png,half_note,0c285bc18b25fda7f1005fb867aebaffdaa26df945fe19c505e18d0f86837cd5,data/raw/datasets/datasets/Notes/Half/h757.jpg,64,64,0.035400390625
data/processed/images/eighth_note/000448.png,eighth_note,10321d9333bea398c9e5a4f43350c50b2b50bda5ecf79b1961ce53da0080a257,data/raw/datasets/datasets/Notes/Eight/e501.jpg,64,64,0.059326171875
data/processed/images/eighth_note/000384.png,eighth_note,1fa3402f0f9a6f58eb8882d4a246736c0740e46287429b44dcfa9fa3c637ad0b,data/raw/datasets/datasets/Notes/Eight/e444.jpg,64,64,0.0458984375
data/processed/images/eighth_note/000500.png,eighth_note,9ab20528cdf6b93628259230b20a966ecb2f802d25c053252bb318193da27e30,data/raw/datasets/datasets/Notes/Eight/e549.jpg,64,64,0.080322265625
data/processed/images/half_note/001123.png,half_note,a5cedc35a50493ed4a61d31fa3f7a3b9b4ff54ee80fa91ebe7c8dc0ab17ceb13,data/raw/datasets/datasets/Notes/Half/h212.jpg,64,64,0.02294921875
data/processed/images/whole_note/004374.png,whole_note,8243999efde49a6fecc982151e86d664995c8dde24c6b758aceb20019b7ac26e,data/raw/datasets/datasets/Notes/Whole/w44.jpg,64,64,0.169677734375
data/processed/images/quarter_note/002419.png,quarter_note,e73bd1ca804de89e9301988d1bfe40988f114ce845fce3e8777ff2dcc6b9c44d,data/raw/datasets/datasets/Notes/Quarter/q48.jpg,64,64,0.034423828125
data/processed/images/eighth_note/000274.png,eighth_note,9cab8607fb9d201f265aa15e60e4c5cf9bdbbdb0a8b313a8789f9fcf5893ed3c,data/raw/datasets/datasets/Notes/Eight/e345.jpg,64,64,0.079345703125
data/processed/images/quarter_note/002784.png,quarter_note,7c359d8a44ff2b4265f378e31a2eba0cd4e86990d1953f5630c94eda79bdbb63,data/raw/datasets/datasets/Notes/Quarter/q808.jpg,64,64,0.04833984375
data/processed/images/sixteenth_note/003313.png,sixteenth_note,2182e5ab9438802449f21a210f28a77efd19bffd184753935fdedc68544377a6,data/raw/datasets/datasets/Notes/Sixteenth/s384.jpg,64,64,0.045166015625
data/processed/images/half_note/001798.png,half_note,44f8533bb729dd793aa8ca0703e4778296c289b7967fd85573d2563461c2aa64,data/raw/datasets/datasets/Notes/Half/h820.jpg,64,64,0.035400390625
data/processed/images/eighth_note/000991.png,eighth_note,488ec4be216f9e093827ed9c5a042b2f7929a4b33c17bd4037de398fb7d8f117,data/raw/datasets/datasets/Notes/Eight/e995.jpg,64,64,0.058837890625
data/processed/images/whole_note/004559.png,whole_note,5113fdf90057fd3c7319d6d69aabf737f13af08d9fddb52570afc06ef647690a,data/raw/datasets/datasets/Notes/Whole/w606.jpg,64,64,0.1123046875
data/processed/images/half_note/001439.png,half_note,7d8ab8dcc29c4245da680ae121c7d960aea8563bc9767fbe612fc19b4f1e5122,data/raw/datasets/datasets/Notes/Half/h498.jpg,64,64,0.0400390625
data/processed/images/whole_note/004008.png,whole_note,4b5779a9c3c803698b7d9b0d708ceddb2b802a317334005330204a9f1a1f6953,data/raw/datasets/datasets/Notes/Whole/w11.jpg,64,64,0.2509765625
data/processed/images/quarter_note/002342.png,quarter_note,24c78e221e8fd9b2e825176e6da1a8f108cd42d9e7a66e84ed9219ec8710d848,data/raw/datasets/datasets/Notes/Quarter/q41.jpg,64,64,0.02197265625
data/processed/images/whole_note/004201.png,whole_note,6fc852b8a5be236165d3bb427a448f331b8bc73c1d2251e2a2c99325ec7206fc,data/raw/datasets/datasets/Notes/Whole/w284.jpg,64,64,0.08056640625
data/processed/images/whole_note/004497.png,whole_note,f553ecad563048d267222e51ce44887edc40fe7c6e6a6e01f44c53d37d7b6b67,data/raw/datasets/datasets/Notes/Whole/w550.jpg,64,64,0.0634765625
data/processed/images/whole_note/004762.png,whole_note,da6c0376d70ea94143cfc0dc387c52671fda13ee94fc57b327649ff5d436e1d6,data/raw/datasets/datasets/Notes/Whole/w79.jpg,64,64,0.24609375
data/processed/images/half_note/001886.png,half_note,b17ee868ffbec4a6b6f413d585856c16c157b094a3e5351f67612249aa1301e7,data/raw/datasets/datasets/Notes/Half/h90.jpg,64,64,0.122314453125
data/processed/images/quarter_note/002358.png,quarter_note,1630e8bd05609918fc83f833c8a64cbbc68983c3a624ed0cdc2cc4edf7f26692,data/raw/datasets/datasets/Notes/Quarter/q424.jpg,64,64,0.06787109375
data/processed/images/whole_note/004695.png,whole_note,d33d09ce963e25c6db80b481882393232983ca58350563cee2fefcb47962f9c7,data/raw/datasets/datasets/Notes/Whole/w729.jpg,64,64,0.127197265625
data/processed/images/half_note/001539.png,half_note,32aae0201d3bcaae2d8d491c7fd1ccb710b33dd07fa4f37957a1bed4ab565836,data/raw/datasets/datasets/Notes/Half/h588.jpg,64,64,0.064453125
data/processed/images/quarter_note/002800.png,quarter_note,3eb71515cafc94563cc4e4d09da9453700812c702adb977f5a99148d544878f2,data/raw/datasets/datasets/Notes/Quarter/q822.jpg,64,64,0.03564453125
data/processed/images/eighth_note/000883.png,eighth_note,a4ef327d9b8344acda2b147fc0301794da948c70877fce3bd658957fdd5d2db5,data/raw/datasets/datasets/Notes/Eight/e898.jpg,64,64,0.0556640625
data/processed/images/quarter_note/002033.png,quarter_note,b3e602f24860c054e5276b85d7a0b5bcfe5c0414ab5a53942b8774f7cad0f412,data/raw/datasets/datasets/Notes/Quarter/q131.jpg,64,64,0.0673828125
data/processed/images/whole_note/004752.png,whole_note,9ee1682a695ee3a5cd05581988b410134a0ddce2581e35733d9096cb1c83069b,data/raw/datasets/datasets/Notes/Whole/w780.jpg,64,64,0.1396484375
data/processed/images/whole_note/004469.png,whole_note,23313ebc1f62297d091b5d037feff160287ae8088d89ac189092bd784f324115,data/raw/datasets/datasets/Notes/Whole/w525.jpg,64,64,0.047607421875
data/processed/images/eighth_note/000823.png,eighth_note,053bc24a086a020e05830aa2cca4c2f1ad391e20c5b16917e48a89f1c64ccb2b,data/raw/datasets/datasets/Notes/Eight/e843.jpg,64,64,0.05029296875
data/processed/images/quarter_note/002923.png,quarter_note,bc2626e7581e8ba9e09d7205f7d201511f0cfce14fcd142c149e40733260be79,data/raw/datasets/datasets/Notes/Quarter/q933.jpg,64,64,0.041748046875
data/processed/images/eighth_note/000314.png,eighth_note,a013d1100a37d0fc9ab92fa9ff55e540bfa44c36f9a842b0f2c901778869710f,data/raw/datasets/datasets/Notes/Eight/e381.jpg,64,64,0.096435546875
data/processed/images/quarter_note/002231.png,quarter_note,ad94102c0036644a4784827b53c4c9960f739c465141100e5094855e43837508,data/raw/datasets/datasets/Notes/Quarter/q31.jpg,64,64,0.024658203125
data/processed/images/half_note/001616.png,half_note,26e75b672e688cad7c95a6a747e9380d74625148ff637165f5960dd1e9dcdefb,data/raw/datasets/datasets/Notes/Half/h657.jpg,64,64,0.055908203125
data/processed/images/quarter_note/002830.png,quarter_note,7f6d5d19a4ba2627c84f0cc48fc740964548e433d6dabf3ec985d27db48915c2,data/raw/datasets/datasets/Notes/Quarter/q85.jpg,64,64,0.115478515625
data/processed/images/whole_note/004049.png,whole_note,8b9efdf45c0fdaea7495d97f467ae6964b702eddd171f82d8780099e1636e56b,data/raw/datasets/datasets/Notes/Whole/w147.jpg,64,64,0.107666015625
data/processed/images/half_note/001786.png,half_note,34614222a03fec7c0e82844c9e477c0cf668b18bd4f373d2662644fd8992bc28,data/raw/datasets/datasets/Notes/Half/h81.jpg,64,64,0.02978515625
data/processed/images/half_note/001308.png,half_note,1c45cbdb8fd620cdcb9ee057ae4a77930cac1b241f3388645e46f8b34afb6df0,data/raw/datasets/datasets/Notes/Half/h38.jpg,64,64,0.073486328125
data/processed/images/quarter_note/002036.png,quarter_note,d2f8c1cb0dc7c76df8fcc6c78f5e7c70eed8b420a36e2c1b869e6d0a6d89fd6a,data/raw/datasets/datasets/Notes/Quarter/q134.jpg,64,64,0.070068359375
data/processed/images/eighth_note/000885.png,eighth_note,4f0330d41b2c1affdb7603d32c9463574abcb4d612c4588fe3c1124bcc6425aa,data/raw/datasets/datasets/Notes/Eight/e9.jpg,64,64,0.05224609375
data/processed/images/whole_note/004180.png,whole_note,0f5695df3f0240e50541932d10e11e7af40cc53e6c9dd52fe409a025b66913b3,data/raw/datasets/datasets/Notes/Whole/w265.jpg,64,64,0.114990234375
data/processed/images/quarter_note/002693.png,quarter_note,de977f709c218e18d64b4919008ca075610997809fa6d78cb96d19324f40a0f1,data/raw/datasets/datasets/Notes/Quarter/q726.jpg,64,64,0.019775390625
data/processed/images/eighth_note/000028.png,eighth_note,9740a016e2bd75745817cca42d9f9678e5a4447b220a55071e99a9fa8c843be0,data/raw/datasets/datasets/Notes/Eight/e123.jpg,64,64,0.02734375
data/processed/images/sixteenth_note/003306.png,sixteenth_note,eb710dfca02326e379a791f8f39f469fbb4ac1d4afb0013de4b4425a9ff63986,data/raw/datasets/datasets/Notes/Sixteenth/s378.jpg,64,64,0.06201171875
data/processed/images/sixteenth_note/003601.png,sixteenth_note,d7a8e377fbd420c37747fd5a0275fe5dd74f29c785ca4eb044c4b6253e154a1b,data/raw/datasets/datasets/Notes/Sixteenth/s643.jpg,64,64,0.10791015625
data/processed/images/half_note/001946.png,half_note,93de5c3aef42725564fba62a467b1e51e2913b164d89c15be8bf82901d6306fa,data/raw/datasets/datasets/Notes/Half/h954.jpg,64,64,0.036865234375
data/processed/images/quarter_note/002781.png,quarter_note,e55f3e419fd81031d30c53c6cf0a2585238f5cc3d64715671b6864fbbc89607c,data/raw/datasets/datasets/Notes/Quarter/q805.jpg,64,64,0.0517578125
data/processed/images/sixteenth_note/003512.png,sixteenth_note,db7750f2c5c00e6df86b459d07a0b5bae0f170b3cddef256eecdbd3b38ecf1e7,data/raw/datasets/datasets/Notes/Sixteenth/s563.jpg,64,64,0.086181640625
data/processed/images/quarter_note/002518.png,quarter_note,3e451725580c4f02cdd522b86e98024c2f64c01a338c09550a97830158a22e81,data/raw/datasets/datasets/Notes/Quarter/q569.jpg,64,64,0.19580078125
data/processed/images/quarter_note/002196.png,quarter_note,65d0f1746d861388ce0ae34d3736a465d2111244d1d457b81a33348ae44b677f,data/raw/datasets/datasets/Notes/Quarter/q279.jpg,64,64,0.017333984375
data/processed/images/whole_note/004125.png,whole_note,c0131135195f2342fd971203e2abdbbcbd7514099501abfe9c095a384f0693e5,data/raw/datasets/datasets/Notes/Whole/w215.jpg,64,64,0.215087890625
data/processed/images/quarter_note/002746.png,quarter_note,2b432d0ff328e429a7d4ceb8e40ab383efcf5b4cd14479c8dccd43c0672c6338,data/raw/datasets/datasets/Notes/Quarter/q774.jpg,64,64,0.013671875
data/processed/images/sixteenth_note/003344.png,sixteenth_note,f81d1bc8cd10a1309ec27fda5b3750d94257298c5a4df536ee3c9b28a474e2c3,data/raw/datasets/datasets/Notes/Sixteenth/s411.jpg,64,64,0.040283203125
data/processed/images/quarter_note/002172.png,quarter_note,a3658d9b61262cf65757b93c3c3f2262f531b225ea3df6ff0696f4bcf3fb9994,data/raw/datasets/datasets/Notes/Quarter/q257.jpg,64,64,0.031005859375
data/processed/images/sixteenth_note/003658.png,sixteenth_note,8eba3369d509623e436ea574496f34a71fb004a29d272510193a60d365d62885,data/raw/datasets/datasets/Notes/Sixteenth/s696.jpg,64,64,0.0673828125
data/processed/images/sixteenth_note/003007.png,sixteenth_note,7929dc826692bf5a70b30ddb7aee3f0160c8dcca78e63e6b550e3dc95bdcb14f,data/raw/datasets/datasets/Notes/Sixteenth/s108.jpg,64,64,0.067626953125
data/processed/images/sixteenth_note/003516.png,sixteenth_note,79ef0ce1ed22c41d68245b20ef7b7674972937a2310d8321b8efc1941a977591,data/raw/datasets/datasets/Notes/Sixteenth/s567.jpg,64,64,0.13525390625
data/processed/images/quarter_note/002333.png,quarter_note,bcafe91849f6c91a008f7d92ba11380af62cace7d3b4ed4d346c14012bb5be23,data/raw/datasets/datasets/Notes/Quarter/q401.jpg,64,64,0.150390625
data/processed/images/sixteenth_note/003460.png,sixteenth_note,9f8bf7bdf2540449988091a033c1a650032c64fa043ec2526d9ac5059382e93a,data/raw/datasets/datasets/Notes/Sixteenth/s516.jpg,64,64,0.25732421875
data/processed/images/eighth_note/000233.png,eighth_note,fdcd3b5708a52ccf44ec684a3568499c6c9c20f39bd17ab8277538c57a3e13c1,data/raw/datasets/datasets/Notes/Eight/e308.jpg,64,64,0.033935546875
data/processed/images/half_note/001420.png,half_note,d9ecad5826ceab35ca75a92c1eccdc0f307d85d2fb4259eb255305eb79087d04,data/raw/datasets/datasets/Notes/Half/h480.jpg,64,64,0.03076171875
data/processed/images/half_note/001775.png,half_note,643f22144f05290e4ab6fc9b9d007442230939f1a7153fb83c99c897394595dd,data/raw/datasets/datasets/Notes/Half/h80.jpg,64,64,0.060546875
data/processed/images/sixteenth_note/003456.png,sixteenth_note,c405912280ff3be976beaa4aa36ea012cfd3c0da07eef75d6f48823bef7d0029,data/raw/datasets/datasets/Notes/Sixteenth/s512.jpg,64,64,0.12939453125
data/processed/images/sixteenth_note/003345.png,sixteenth_note,41d5638029d878c43ba3113efa1c2ffa0d78c4e555d96492bc2cd9c4a40af9bd,data/raw/datasets/datasets/Notes/Sixteenth/s412.jpg,64,64,0.17236328125
data/processed/images/quarter_note/002670.png,quarter_note,281a2a78b93d645bc6ae566f392f50967311f3f2652fb8b5ae08053d7d44c873,data/raw/datasets/datasets/Notes/Quarter/q705.jpg,64,64,0.066162109375
data/processed/images/half_note/001199.png,half_note,4c5982f3a55c540f72529cc2c1e0290d743386c745ce2f9d79e47b96772a1f80,data/raw/datasets/datasets/Notes/Half/h281.jpg,64,64,0.074462890625
data/processed/images/whole_note/004674.png,whole_note,b695a17863fc0c022802500a7c76edfe82418868230031f849068649e3921dce,data/raw/datasets/datasets/Notes/Whole/w71.jpg,64,64,0.09619140625
data/processed/images/eighth_note/000753.png,eighth_note,0329de4dd8bee0574f1688f3152c2ec4d7e07a75c7b4b079ea8bb3fcaaf9b1ae,data/raw/datasets/datasets/Notes/Eight/e780.jpg,64,64,0.21337890625
data/processed/images/sixteenth_note/003347.png,sixteenth_note,02a4e1b81f8ef7d69ba67201507cf1d3908998d4e384816235451dd919b9a6f8,data/raw/datasets/datasets/Notes/Sixteenth/s414.jpg,64,64,0.06591796875
data/processed/images/whole_note/004388.png,whole_note,6498edb1541ddb80b0c2e447d5712c972bba9b29e3ec2592c8c9539532fe961f,data/raw/datasets/datasets/Notes/Whole/w452.jpg,64,64,0.020751953125
data/processed/images/sixteenth_note/003417.png,sixteenth_note,4a01460907920d1e107f4f70e9d28da64467972d46216561a8ca45012c605922,data/raw/datasets/datasets/Notes/Sixteenth/s478.jpg,64,64,0.08447265625
data/processed/images/sixteenth_note/003030.png,sixteenth_note,8acd146a20bbf23241ae316e60931e0416a091bbd4405b5d2fe9e057b2c2f75b,data/raw/datasets/datasets/Notes/Sixteenth/s129.jpg,64,64,0.136962890625
data/processed/images/sixteenth_note/003483.png,sixteenth_note,fdc4e375d1189da97bc9f8c4cb629579d780a93a0c578b827b709a4653f2a28f,data/raw/datasets/datasets/Notes/Sixteenth/s537.jpg,64,64,0.27734375
data/processed/images/quarter_note/002008.png,quarter_note,a29ff3faa0ee0168bc3efbe820a5bf36c77b7b613c68b4a1e6de5c2b15c24e5b,data/raw/datasets/datasets/Notes/Quarter/q109.jpg,64,64,0.091064453125
data/processed/images/quarter_note/002890.png,quarter_note,91b2eb40071cd05d7301be75b0dc57719e32bce1b61244f8b4ad6df9883452a0,data/raw/datasets/datasets/Notes/Quarter/q903.jpg,64,64,0.078125
data/processed/images/half_note/001536.png,half_note,71fd2cf2659e56c23b69acad6f88b6cc962a54b79060d430085b37daeb4f5157,data/raw/datasets/datasets/Notes/Half/h585.jpg,64,64,0.081787109375
data/processed/images/sixteenth_note/003565.png,sixteenth_note,6eaec9e383db2ec83d00db34b68685e3a21f6020531fac7f9de23d52cf7d3e67,data/raw/datasets/datasets/Notes/Sixteenth/s610.jpg,64,64,0.126708984375
data/processed/images/sixteenth_note/003947.png,sixteenth_note,6ff63f07a79d13779103b6db5d7f6bbe0d52be8d74c3eb0766b90dbde0042afe,data/raw/datasets/datasets/Notes/Sixteenth/s956.jpg,64,64,0.219482421875
data/processed/images/eighth_note/000172.png,eighth_note,1e239e5aaefb07d33e815124e5ddee47eab0b1b5c5009d50c28d4eb86b225476,data/raw/datasets/datasets/Notes/Eight/e253.jpg,64,64,0.021240234375
data/processed/images/half_note/001500.png,half_note,51173ed1084c421bb64821b2b38ffc9e6b8c830a5b2a22a5d864bf58d02f89cf,data/raw/datasets/datasets/Notes/Half/h552.jpg,64,64,0.030517578125
data/processed/images/half_note/001259.png,half_note,00fcda7bb90e315e9585d3346af56313b7084fc477af3ea56259318cea5c62ae,data/raw/datasets/datasets/Notes/Half/h335.jpg,64,64,0.02392578125
data/processed/images/whole_note/004583.png,whole_note,b580c2576b0ca63a2fbe5154f1671b74183d81b9431b8807883e79b18f82dab2,data/raw/datasets/datasets/Notes/Whole/w628.jpg,64,64,0.072509765625
data/processed/images/whole_note/004698.png,whole_note,a67b4a4249bbaa1eed2cb3170b5cf0830caa7072e8eeb1f9ea5f7986f2158c1e,data/raw/datasets/datasets/Notes/Whole/w731.jpg,64,64,0.257568359375
data/processed/images/eighth_note/000501.png,eighth_note,8693e4a87750c0ac98721a49e72e161e6c1ce074075c1d219f50f2ad25a7ecf5,data/raw/datasets/datasets/Notes/Eight/e55.jpg,64,64,0.1328125
data/processed/images/sixteenth_note/003880.png,sixteenth_note,73ea244adc3b74b270d2b3af2c64f2e896cbe985783d1e072d2c137673e147d7,data/raw/datasets/datasets/Notes/Sixteenth/s896.jpg,64,64,0.046142578125
data/processed/images/half_note/001147.png,half_note,2eb3df7f4e778178a4bac856d91126d96411eb579072602a8a75fcc59b30a34b,data/raw/datasets/datasets/Notes/Half/h234.jpg,64,64,0.0419921875
data/processed/images/half_note/001619.png,half_note,960b5a4f3ae739566e9d78821066c29764e67ddf7d16ff26d330969cb043ef04,data/raw/datasets/datasets/Notes/Half/h66.jpg,64,64,0.079345703125
data/processed/images/sixteenth_note/003752.png,sixteenth_note,8c99f5bc10a02c8f655ede054766ce3a84c7e05371530ca4bc97c230eca43639,data/raw/datasets/datasets/Notes/Sixteenth/s780.jpg,64,64,0.06640625
data/processed/images/half_note/001411.png,half_note,32bebc841b37e2a59249a491b9b5934ef3fd7ee53d77103fc6838937c3491317,data/raw/datasets/datasets/Notes/Half/h472.jpg,64,64,0.0263671875
data/processed/images/eighth_note/000319.png,eighth_note,8a2bac0398f32dcb33082a83389992b7f5d2633d8c4b28560e0bf55dc3114e52,data/raw/datasets/datasets/Notes/Eight/e386.jpg,64,64,0.049560546875
data/processed/images/quarter_note/002278.png,quarter_note,d2edf1fee28ba62d7b813d6aef7dc91325932811b220b7f8e3004f771735c9c0,data/raw/datasets/datasets/Notes/Quarter/q352.jpg,64,64,0.07373046875
data/processed/images/whole_note/004773.png,whole_note,6b88df5f20802a6f306402e26cbe4e16737bc7c088700c99cd9a8eff3075381e,data/raw/datasets/datasets/Notes/Whole/w8.jpg,64,64,0.17822265625
data/processed/images/quarter_note/002579.png,quarter_note,bf7e92dec9da3d56e2acf26e6486f483446a42651afb7542c27eae3eb1e70cd9,data/raw/datasets/datasets/Notes/Quarter/q623.jpg,64,64,0.093994140625
data/processed/images/sixteenth_note/003155.png,sixteenth_note,9dbcf2e563f273e452016f2d3f982bc60d8ed3664bb58532eb039fa712bf3ebe,data/raw/datasets/datasets/Notes/Sixteenth/s241.jpg,64,64,0.07373046875
data/processed/images/sixteenth_note/003192.png,sixteenth_note,bd61a28ddbb98793fdec86b4feadab70f53c28f90ba07386df40e327dab55db1,data/raw/datasets/datasets/Notes/Sixteenth/s275.jpg,64,64,0.0771484375
data/processed/images/eighth_note/000212.png,eighth_note,617ce92dc1b66d8eb31993f0d6d4207e2a49f7c0af37ef581fb2a6c69559df6c,data/raw/datasets/datasets/Notes/Eight/e29.jpg,64,64,0.0458984375
data/processed/images/half_note/001514.png,half_note,d338328e66dca6f6b7ac44fa990b87990dce349f0b24877f445af54546f880ae,data/raw/datasets/datasets/Notes/Half/h565.jpg,64,64,0.067626953125
data/processed/images/half_note/001029.png,half_note,5660c0be74ea08ac42bb5874a850e6321995042519fd779be0d456ff10c5de1a,data/raw/datasets/datasets/Notes/Half/h128.jpg,64,64,0.049560546875
data/processed/images/quarter_note/002481.png,quarter_note,e9f555f939ccff381dfe527b4306f001fbcdef8558c4a0eee18a4377d10091aa,data/raw/datasets/datasets/Notes/Quarter/q535.jpg,64,64,0.147705078125
data/processed/images/whole_note/004251.png,whole_note,8aded8dd31b800c91f25ed95620cb4947919e218006d4d2aa6daf69e7627dc47,data/raw/datasets/datasets/Notes/Whole/w329.jpg,64,64,0.13818359375
data/processed/images/whole_note/004820.png,whole_note,fc6b5d349e5ba31f83f78714dea67912d5f514056956bc81b1b556ccaea8db95,data/raw/datasets/datasets/Notes/Whole/w841.jpg,64,64,0.189697265625
data/processed/images/sixteenth_note/003961.png,sixteenth_note,e079256361997864ab02066312aac2862a7a5160bae5248fb15a4d73b322399a,data/raw/datasets/datasets/Notes/Sixteenth/s969.jpg,64,64,0.062744140625
data/processed/images/eighth_note/000582.png,eighth_note,5a3d9e4ea01e6bf85de555421ddbb98ef260fde5b963a6df94856fa8751a3308,data/raw/datasets/datasets/Notes/Eight/e622.jpg,64,64,0.12841796875
data/processed/images/sixteenth_note/003326.png,sixteenth_note,44206ae8e599d056a31f0bf36f7a964c57dd6ecfb43d2f6929c23b18aa9ceab3,data/raw/datasets/datasets/Notes/Sixteenth/s396.jpg,64,64,0.064697265625
data/processed/images/half_note/001565.png,half_note,b378cbb5ca7881704c1f780ab328ae3120dd04f4b6174477934ac010ba427d79,data/raw/datasets/datasets/Notes/Half/h610.jpg,64,64,0.04541015625
data/processed/images/whole_note/004756.png,whole_note,7d8ed6d37c7c749294b7e1e2eef663f4b08ef199651247506b5f3168e8decdaf,data/raw/datasets/datasets/Notes/Whole/w784.jpg,64,64,0.211181640625
data/processed/images/half_note/001766.png,half_note,502d9101967378bcf40b9ccb519c6affcc25b7f8b979ce01d095cdd1bb65c520,data/raw/datasets/datasets/Notes/Half/h792.jpg,64,64,0.05712890625
data/processed/images/quarter_note/002079.png,quarter_note,abecdfa3e5e7b0e9237e077106b1d10b133a7e0529b4ddecd4420e9b5eff5a1e,data/raw/datasets/datasets/Notes/Quarter/q173.jpg,64,64,0.03857421875
data/processed/images/quarter_note/002549.png,quarter_note,5651ce68a4dcd2c43b8e5eae513b7e10085cda6707021e267b7eba75f87f7b38,data/raw/datasets/datasets/Notes/Quarter/q597.jpg,64,64,0.055908203125
data/processed/images/sixteenth_note/003667.png,sixteenth_note,dbf2ae063bf25fd0f6a786929810833b5ad1a2a41cf765b8c72143750dac7625,data/raw/datasets/datasets/Notes/Sixteenth/s703.jpg,64,64,0.1318359375
data/processed/images/sixteenth_note/003695.png,sixteenth_note,bd3f7fc761ef9b5f6efe345a9b9e13c0bd19e6aa56ea8e2d02a8370c2a6e1864,data/raw/datasets/datasets/Notes/Sixteenth/s729.jpg,64,64,0.08837890625
data/processed/images/half_note/001540.png,half_note,bd3e16852ce12af560eacb623d5ca24ab81737ea7a3105467055a7c4a708c274,data/raw/datasets/datasets/Notes/Half/h589.jpg,64,64,0.05712890625
data/processed/images/eighth_note/000863.png,eighth_note,549d547aef829d67e65731dc9183e20dc369330b8c60fdf51022a687317c021c,data/raw/datasets/datasets/Notes/Eight/e88.jpg,64,64,0.022216796875
data/processed/images/whole_note/004836.png,whole_note,774862604750f70f219db877a01dd259472f19c599a86c1d232fe088aa04993a,data/raw/datasets/datasets/Notes/Whole/w856.jpg,64,64,0.218017578125
data/processed/images/whole_note/004523.png,whole_note,c91a57202eb5a056481afae5fac0148ebb4d1b0bab7f02995123c7d14d1b7b35,data/raw/datasets/datasets/Notes/Whole/w574.jpg,64,64,0.117919921875
data/processed/images/quarter_note/002399.png,quarter_note,2855b11df23adbfd3e505fa12cc9bacb6a0fda2a8f6d2e3616d2795d8dc729b5,data/raw/datasets/datasets/Notes/Quarter/q461.jpg,64,64,0.071044921875
data/processed/images/eighth_note/000598.png,eighth_note,c64b5e1c7fdd0940f7dfbc5e70328a5f2ac4f638fe4547dfb584e334059dee6a,data/raw/datasets/datasets/Notes/Eight/e637.jpg,64,64,0.089599609375
data/processed/images/eighth_note/000948.png,eighth_note,e6fc9980aa6a486c5458e50ca213f516878ad490cb56fd4a6984dd91b114b3c3,data/raw/datasets/datasets/Notes/Eight/e956.jpg,64,64,0.057373046875
data/processed/images/half_note/001929.png,half_note,15809a946dead130be2ed2a41128c090bb0e98ecbbb6b1a135d6409d7e04a424,data/raw/datasets/datasets/Notes/Half/h939.jpg,64,64,0.021728515625
data/processed/images/sixteenth_note/003279.png,sixteenth_note,db69755adcb4a124620b15cfab408852aba07484f02ba6d42ce718970c0c8f2d,data/raw/datasets/datasets/Notes/Sixteenth/s353.jpg,64,64,0.104736328125
data/processed/images/half_note/001822.png,half_note,b6be07fac93111d6493b60dc6e4044de948fffe93dfd22a916e7c89cebf485cf,data/raw/datasets/datasets/Notes/Half/h842.jpg,64,64,0.051025390625
data/processed/images/sixteenth_note/003633.png,sixteenth_note,3093fab28c1416899a8d67410df54baa0e18e6ebff7aadc7eb94f47103b50b6d,data/raw/datasets/datasets/Notes/Sixteenth/s672.jpg,64,64,0.092529296875
data/processed/images/sixteenth_note/003858.png,sixteenth_note,3f7db807b489442a2085643b33858cb4bbe7d6c10e170e5be980abdc1cc737f2,data/raw/datasets/datasets/Notes/Sixteenth/s876.jpg,64,64,0.18603515625
data/processed/images/half_note/001086.png,half_note,0c5189a69ac3f52f14c48ac0f44336b3e3a164f1edbc7c72b906957ecda1c371,data/raw/datasets/datasets/Notes/Half/h18.jpg,64,64,0.052978515625
data/processed/images/sixteenth_note/003010.png,sixteenth_note,18125947e1e8b16579bedfe1a75dade2f5b755d319b87cf0caa91b386d4685fa,data/raw/datasets/datasets/Notes/Sixteenth/s110.jpg,64,64,0.188720703125
data/processed/images/whole_note/004823.png,whole_note,3c031dfec63a47e1373342eaf6ee35bce511654ea3bc826854add48bb399ec12,data/raw/datasets/datasets/Notes/Whole/w844.jpg,64,64,0.127685546875
data/processed/images/eighth_note/000616.png,eighth_note,12eaa5e98a9e3a184248172a1425ebd87c4ad773d307c9ac4de5ca899d757649,data/raw/datasets/datasets/Notes/Eight/e653.jpg,64,64,0.078125
data/processed/images/eighth_note/000197.png,eighth_note,85f0a96cbe12b68ec629ae7bcbde2f22331d5c7810ebf88af9db82fc5f2c65c2,data/raw/datasets/datasets/Notes/Eight/e276.jpg,64,64,0.073486328125
data/processed/images/half_note/001945.png,half_note,dd1e3fbb5e409eb8b9f080a112ead72992582ad87cc9ee77aa58732b5f5cba80,data/raw/datasets/datasets/Notes/Half/h953.jpg,64,64,0.018310546875
data/processed/images/eighth_note/000025.png,eighth_note,88fe3fcfbd6e24fc1f8196065ff929a19c84d9841e4603b058882a304c145360,data/raw/datasets/datasets/Notes/Eight/e120.jpg,64,64,0.048095703125
data/processed/images/sixteenth_note/003599.png,sixteenth_note,e52b803d612dd54ae3cf8926d3171cdf29dfd762746af1faa32c9a1bec197150,data/raw/datasets/datasets/Notes/Sixteenth/s641.jpg,64,64,0.14501953125
data/processed/images/sixteenth_note/003432.png,sixteenth_note,f9fe97700a61d826ebb876b0ac43e663dcfea21532c2729be3aa736ad78d343e,data/raw/datasets/datasets/Notes/Sixteenth/s491.jpg,64,64,0.111083984375
data/processed/images/eighth_note/000328.png,eighth_note,a0a4f9b96b2ea179cd6c947fdae41610e8ff009dd8e354fce747448184903596,data/raw/datasets/datasets/Notes/Eight/e394.jpg,64,64,0.0966796875
data/processed/images/quarter_note/002401.png,quarter_note,d86ae597980919d95cacff3089b22cd8bbb2580db4e8009470b3623f26f6c17e,data/raw/datasets/datasets/Notes/Quarter/q463.jpg,64,64,0.05712890625
data/processed/images/quarter_note/002297.png,quarter_note,005fea989695643dce0bc654eca5d09fba26e05388f559d2d5531b9d8f17e840,data/raw/datasets/datasets/Notes/Quarter/q37.jpg,64,64,0.04541015625
data/processed/images/quarter_note/002594.png,quarter_note,1071aa66e3b737aa9a9f193075b7cd7116dc873f0827257f1c14d8faa5dd8ad6,data/raw/datasets/datasets/Notes/Quarter/q637.jpg,64,64,0.0595703125
data/processed/images/eighth_note/000048.png,eighth_note,0164a1b35d3298f3149a1d6fdb1fdde4c1f006d16b82582f6cb76cb1850f4e09,data/raw/datasets/datasets/Notes/Eight/e141.jpg,64,64,0.044921875
data/processed/images/sixteenth_note/003041.png,sixteenth_note,4f387241f6c57fff582da8e2b69f6b741153bcea967425868ad7900090f7d1b0,data/raw/datasets/datasets/Notes/Sixteenth/s139.jpg,64,64,0.14013671875
data/processed/images/quarter_note/002554.png,quarter_note,6bda1779b65ad80dbddffb7be99f1a7170f855dff4ca6018f2d8e4559693009c,data/raw/datasets/datasets/Notes/Quarter/q600.jpg,64,64,0.061279296875
data/processed/images/half_note/001479.png,half_note,ba13377f97f3f7f84f3445ca2f855b63a368a746c4e048bb9d119b4d4eb9a0bb,data/raw/datasets/datasets/Notes/Half/h533.jpg,64,64,0.04052734375
data/processed/images/quarter_note/002599.png,quarter_note,b3d211d33f9021c0a206fd367d285e47362774017f002ea5e77413b5c21129f6,data/raw/datasets/datasets/Notes/Quarter/q641.jpg,64,64,0.076416015625
data/processed/images/eighth_note/000362.png,eighth_note,1e74fd1244a8c795f86b4ac9bfcd1b2ee16e98a65f979b0cff479800e22e6228,data/raw/datasets/datasets/Notes/Eight/e424.jpg,64,64,0.04541015625
data/processed/images/eighth_note/000077.png,eighth_note,0da0119b164fcc1e9be5eeffbd3d791fe1ccdd228468598dd0be63ae39945b13,data/raw/datasets/datasets/Notes/Eight/e168.jpg,64,64,0.053466796875
data/processed/images/eighth_note/000542.png,eighth_note,98256db0e05c84718bf05ae3c54096f6b0440b137e64dfc3db4a2e75460ef80c,data/raw/datasets/datasets/Notes/Eight/e587.jpg,64,64,0.108642578125
data/processed/images/half_note/001821.png,half_note,7d2aa4e8f1f32bf9386efa44f843a2a0053ec638225b7c3eba95cbd20318a4be,data/raw/datasets/datasets/Notes/Half/h841.jpg,64,64,0.06591796875
data/processed/images/eighth_note/000670.png,eighth_note,4c2fbeb30ab6b75b6e4d47435817f05e4a21b39c539a3315ef1fb03d058413d1,data/raw/datasets/datasets/Notes/Eight/e701.jpg,64,64,0.2216796875
data/processed/images/quarter_note/002680.png,quarter_note,ebf7bc9c920b5fe265a3f9bd26a1913a02e20dbd1658140ef4aa9e10dd7feeeb,data/raw/datasets/datasets/Notes/Quarter/q714.jpg,64,64,0.05615234375
data/processed/images/half_note/001955.png,half_note,937852dca4994f0f94ebd124951e91fc3502cb7835ea75c96b2fa3e5112eb961,data/raw/datasets/datasets/Notes/Half/h962.jpg,64,64,0.02392578125
data/processed/images/half_note/001108.png,half_note,b9d0dbaacece1d8aa7272f031c7c81455b495d9f7f4d2f8039f86411ba426200,data/raw/datasets/datasets/Notes/Half/h2.jpg,64,64,0.053466796875
data/processed/images/whole_note/004981.png,whole_note,7a0102750c7c2455e076e15788bb74fda11c83a0a7647bc533c2369f340c5cbc,data/raw/datasets/datasets/Notes/Whole/w987.jpg,64,64,0.036865234375
data/processed/images/sixteenth_note/003391.png,sixteenth_note,3753ac6ea313a59384c4899a136f8cfa24296536b6d40c4f279c658422faeb02,data/raw/datasets/datasets/Notes/Sixteenth/s454.jpg,64,64,0.107177734375
data/processed/images/half_note/001148.png,half_note,72724f72a336cb191df9a825a683b2f51db8b53d0ab754bb99616e69326f99f0,data/raw/datasets/datasets/Notes/Half/h235.jpg,64,64,0.0361328125
data/processed/images/half_note/001528.png,half_note,3960d95eafc06f3d79a05eb76172edce5f70c6988510bec76936642433487915,data/raw/datasets/datasets/Notes/Half/h578.jpg,64,64,0.042724609375
data/processed/images/quarter_note/002075.png,quarter_note,f94a3984b89f58fde04aaf229bad75ee2c06d30a856592f16bb0e267e8afe431,data/raw/datasets/datasets/Notes/Quarter/q17.jpg,64,64,0.044921875
data/processed/images/eighth_note/000382.png,eighth_note,f9fd7e10c8aa72bb96caba2793e72c02fe4d39abb31aaf5bdf716beb1a1aa7e1,data/raw/datasets/datasets/Notes/Eight/e442.jpg,64,64,0.029296875
data/processed/images/eighth_note/000985.png,eighth_note,26331636b866b2925a4b99b94f4f8b63157c06365145374c525354feabb03412,data/raw/datasets/datasets/Notes/Eight/e99.jpg,64,64,0.04541015625
data/processed/images/quarter_note/002465.png,quarter_note,eb0dd6879c970e01c7a26f1eaa6bb443bc034836cd55cbbeb68c0142577907fd,data/raw/datasets/datasets/Notes/Quarter/q520.jpg,64,64,0.134521484375
data/processed/images/eighth_note/000834.png,eighth_note,6b13867354dd0dab4e63711d81f73ff8571041a192c1fb1effce9376449aec18,data/raw/datasets/datasets/Notes/Eight/e853.jpg,64,64,0.09326171875
data/processed/images/half_note/001743.png,half_note,4e44a60cc60ee4bbae3b0b63151b8bce96489281b6bd0be754b14b0c80307907,data/raw/datasets/datasets/Notes/Half/h771.jpg,64,64,0.04833984375
data/processed/images/quarter_note/002162.png,quarter_note,8c767d7f4e9fb7a59a681134cf35e309807cb8858ee29d206ee29e7cccbe1a4e,data/raw/datasets/datasets/Notes/Quarter/q248.jpg,64,64,0.056396484375
data/processed/images/half_note/001681.png,half_note,91c0d119784b72863a5d6c80793cf909c3c3b0c9a49214b889ade6b19d854e0b,data/raw/datasets/datasets/Notes/Half/h715.jpg,64,64,0.0791015625
data/processed/images/eighth_note/000963.png,eighth_note,e99eb8e496c1bfb4c0abca256de39eb0ab743dc6afd03b9268d81d4e6257d1da,data/raw/datasets/datasets/Notes/Eight/e97.jpg,64,64,0.040283203125
data/processed/images/half_note/000999.png,half_note,05dae85d6a550d2fe6a0c9e7aa6e6d72204aba6f231d2b6ec18b22fdb96bb1fc,data/raw/datasets/datasets/Notes/Half/h1000.jpg,64,64,0.028076171875
data/processed/images/eighth_note/000414.png,eighth_note,a5fdee3c854d78166f932facc88bc1874c907d5af45749d39adc24c318fd3245,data/raw/datasets/datasets/Notes/Eight/e471.jpg,64,64,0.03662109375
data/processed/images/eighth_note/000570.png,eighth_note,115a65ac8e57159c44e7980ea46e4263de2541f4662d845cdc20f2d4a0c9751c,data/raw/datasets/datasets/Notes/Eight/e611.jpg,64,64,0.151611328125
data/processed/images/whole_note/004274.png,whole_note,d0a37f30f0d01e5b090965468d06d0a83bfa91401c59c76c4e5bf8d3ceae2cc3,data/raw/datasets/datasets/Notes/Whole/w35.jpg,64,64,0.304931640625
data/processed/images/whole_note/004162.png,whole_note,f4273010f04bfb3c0642452dcf67706ed4aa5b8053de30dbac357abef0c89576,data/raw/datasets/datasets/Notes/Whole/w249.jpg,64,64,0.049072265625
data/processed/images/eighth_note/000100.png,eighth_note,87dcf8f222bb7737a15063dd733628bc9a71b6d5c3953ea10d805355b9b0ccaa,data/raw/datasets/datasets/Notes/Eight/e189.jpg,64,64,0.103759765625
data/processed/images/whole_note/004644.png,whole_note,0b46bddb96c14b6a94318108886093fc0a4f1f37211bc46a3c6a627ad3e1d954,data/raw/datasets/datasets/Notes/Whole/w683.jpg,64,64,0.169677734375
data/processed/images/whole_note/004075.png,whole_note,846627dca4c7b2d600b7e253afc51ba0acde910f2f886d5a69355a1455ad3b6c,data/raw/datasets/datasets/Notes/Whole/w170.jpg,64,64,0.212646484375
data/processed/images/eighth_note/000762.png,eighth_note,27ff00319d031d993c5c653b956a47a72e763c2a4dd45f211afe6490744abe9c,data/raw/datasets/datasets/Notes/Eight/e789.jpg,64,64,0.11474609375
data/processed/images/quarter_note/002821.png,quarter_note,c04461528542584da017006f4d93c9443dea87cd3c7144a63d39362db12a63ee,data/raw/datasets/datasets/Notes/Quarter/q841.jpg,64,64,0.031494140625
data/processed/images/half_note/001059.png,half_note,6483c598cb9326b15a71ec780209d5701734a35f5754c5e32827823355138dff,data/raw/datasets/datasets/Notes/Half/h155.jpg,64,64,0.02783203125
data/processed/images/half_note/001274.png,half_note,3de75b325dbbc9d111095052ad82d7c7dbeb297750974c439919e86942935577,data/raw/datasets/datasets/Notes/Half/h349.jpg,64,64,0.022705078125
data/processed/images/half_note/001237.png,half_note,12afc09f86ac1d5e1944f6d64897199616482edbeafc79ff26304b51a0f8aae5,data/raw/datasets/datasets/Notes/Half/h315.jpg,64,64,0.022705078125
data/processed/images/eighth_note/000644.png,eighth_note,5bd8a33d54352711ea792df2d919762f1e0cea415813c7151b1f4c2b0c498ed4,data/raw/datasets/datasets/Notes/Eight/e679.jpg,64,64,0.0517578125
data/processed/images/quarter_note/002852.png,quarter_note,bb8449aea0b2fd0ec0ddbd1b06a7c8b01a51fac744c96019beff22c9a195bf87,data/raw/datasets/datasets/Notes/Quarter/q87.jpg,64,64,0.08642578125
data/processed/images/quarter_note/002795.png,quarter_note,18b4312d7464bbd4e597d0b0b3a28fdeaad585344689a636e5cbf53049274f46,data/raw/datasets/datasets/Notes/Quarter/q818.jpg,64,64,0.0234375
data/processed/images/whole_note/004753.png,whole_note,b432043a56fdaf9531b94a82c574bd7b7e64957d504bf3f7e0ef71ba517fd935,data/raw/datasets/datasets/Notes/Whole/w781.jpg,64,64,0.209228515625
data/processed/images/sixteenth_note/003745.png,sixteenth_note,04c55a0c92c3b046bab6e5b15cbfca3c0abe3d56803b822331aaedf61190fcb2,data/raw/datasets/datasets/Notes/Sixteenth/s774.jpg,64,64,0.064453125
data/processed/images/half_note/001355.png,half_note,68cd781f9c8c930d54e5dc219e14c18c98207c358fb9b280b2a2e8f6f36dffaa,data/raw/datasets/datasets/Notes/Half/h421.jpg,64,64,0.045654296875
data/processed/images/eighth_note/000423.png,eighth_note,ee0fcf0d810a1b07aa1959242f2242dbcc77953865d5945a19ab8ce2639e8947,data/raw/datasets/datasets/Notes/Eight/e48.jpg,64,64,0.052734375
data/processed/images/quarter_note/002595.png,quarter_note,498800462130f144c1bb9b6aec9684290e5a83c366609853eeedfa03ce75c89f,data/raw/datasets/datasets/Notes/Quarter/q638.jpg,64,64,0.067138671875
data/processed/images/half_note/001182.png,half_note,1f1cd4004ff005516411ce18230c2fd1224d28d9eca9313d098cdfbe63d14b5b,data/raw/datasets/datasets/Notes/Half/h266.jpg,64,64,0.05078125
data/processed/images/quarter_note/002628.png,quarter_note,dba9ca2ac22c29b33b8b5ba8ecdde6f70400b7aeb199aea77406a134ce673a72,data/raw/datasets/datasets/Notes/Quarter/q668.jpg,64,64,0.09033203125
data/processed/images/quarter_note/002870.png,quarter_note,0860bc3f838783a6670d2cafe0803f0aaf8644e67421514a124547463b98302a,data/raw/datasets/datasets/Notes/Quarter/q886.jpg,64,64,0.024658203125
data/processed/images/sixteenth_note/003146.png,sixteenth_note,a93a9b35220564a46c1eba6ce90d48cfd59dfb69a00676b2597f9c15fffd1a7a,data/raw/datasets/datasets/Notes/Sixteenth/s233.jpg,64,64,0.04296875
data/processed/images/whole_note/004774.png,whole_note,892f8279d8aa01bbcd3c96a6e7aea6dc389976c323d120a91a14874bd8800ec3,data/raw/datasets/datasets/Notes/Whole/w80.jpg,64,64,0.16650390625
data/processed/images/whole_note/004729.png,whole_note,5a98a8b983f41a44c55ca4fb30eab86702d5f4c389bd4496489e4d32176af7b8,data/raw/datasets/datasets/Notes/Whole/w76.jpg,64,64,0.251953125
data/processed/images/whole_note/004402.png,whole_note,5bdd23259a6836dc4dd5a7dc7dbd68933a74d5234c1b3a0dcedcad7af5f910e4,data/raw/datasets/datasets/Notes/Whole/w465.jpg,64,64,0.04296875
data/processed/images/eighth_note/000556.png,eighth_note,13b66c532a0ff751531135517b00ba695ef372a5606d6ddaa3e2db36eacb5542,data/raw/datasets/datasets/Notes/Eight/e6.jpg,64,64,0.0771484375
data/processed/images/half_note/001230.png,half_note,515365017e1e7a1b8dbe1a82f69024cbd40ad75649abc420749dba137779991d,data/raw/datasets/datasets/Notes/Half/h309.jpg,64,64,0.059326171875
data/processed/images/whole_note/004520.png,whole_note,56257d0099ad1182c498ab5a0923ae1cb1e9af4e50d845a5d8e017c95912b193,data/raw/datasets/datasets/Notes/Whole/w571.jpg,64,64,0.0576171875
data/processed/images/sixteenth_note/003553.png,sixteenth_note,77bdfac8ad7882329184c1b9967d8a4551c5a7e54ef0f950efdd3055db0c5382,data/raw/datasets/datasets/Notes/Sixteenth/s60.jpg,64,64,0.162353515625
data/processed/images/quarter_note/002906.png,quarter_note,c59d6f3b272a25c6f1be67e43d8fcf63de48b3d77c3a13903a48d3d365d2bf8a,data/raw/datasets/datasets/Notes/Quarter/q918.jpg,64,64,0.0419921875
data/processed/images/whole_note/004991.png,whole_note,272c97795b18cb9b5f99050df762ef66c0e9e81d94cb282505ed6e25edcc14ec,data/raw/datasets/datasets/Notes/Whole/w996.jpg,64,64,0.13720703125
data/processed/images/sixteenth_note/003814.png,sixteenth_note,987811d0edfc6e3f8ee749ca5144fd707555143a68dd9e0874117f7fb1781e4e,data/raw/datasets/datasets/Notes/Sixteenth/s836.jpg,64,64,0.126220703125
data/processed/images/whole_note/004228.png,whole_note,8f75a93f776c651577551d5f05639d0486908b6f8695a139dfab253352c56ac0,data/raw/datasets/datasets/Notes/Whole/w308.jpg,64,64,0.25537109375
data/processed/images/sixteenth_note/003458.png,sixteenth_note,004535257a7858cd9badcfcbd55ae407206fb00d085d1c2946dd24325181e0a0,data/raw/datasets/datasets/Notes/Sixteenth/s514.jpg,64,64,0.15771484375
data/processed/images/quarter_note/002270.png,quarter_note,9f0b56305652c150da1ca367d51ebaa37647d5bb2fe845f9eaeee81a2e30eb06,data/raw/datasets/datasets/Notes/Quarter/q345.jpg,64,64,0.103271484375
data/processed/images/sixteenth_note/003716.png,sixteenth_note,c50ac61f411cf46ff4641bf6c366673f00d18f6ab94a76c334996de5f973e92a,data/raw/datasets/datasets/Notes/Sixteenth/s748.jpg,64,64,0.04296875
data/processed/images/half_note/001657.png,half_note,949a5d9349a93b1830ab54f695a81b5f90c4080c3206735b7789a5f4c119ac82,data/raw/datasets/datasets/Notes/Half/h694.jpg,64,64,0.0537109375
data/processed/images/eighth_note/000239.png,eighth_note,20be1e1b611272755c6531b07c95933f4e9ae169e1937503f6c6072bed4d6346,data/raw/datasets/datasets/Notes/Eight/e313.jpg,64,64,0.037841796875
data/processed/images/eighth_note/000253.png,eighth_note,118b3c7cbe927b96975ec0eabe31079926eef5aaf91fdb458b72dad5c695cef1,data/raw/datasets/datasets/Notes/Eight/e326.jpg,64,64,0.050048828125
data/processed/images/eighth_note/000591.png,eighth_note,bfee203c1deaae329c14b430bc6d90d6561b88c02e6abbf9763245d11127489e,data/raw/datasets/datasets/Notes/Eight/e630.jpg,64,64,0.096923828125
data/processed/images/whole_note/004095.png,whole_note,4b4145d3757b3548977a375aaa562caeb9d55ac76fd505b7503e9a5416003b05,data/raw/datasets/datasets/Notes/Whole/w189.jpg,64,64,0.280517578125
data/processed/images/quarter_note/002608.png,quarter_note,d0713a6ed0c22b7da793363931023d75c35e3dc95c93deefb2daac57e3ff8a92,data/raw/datasets/datasets/Notes/Quarter/q65.jpg,64,64,0.04931640625
data/processed/images/half_note/001923.png,half_note,7dced6fe6f695c1720703a00d5e7764853d6752372be03162837285c19afcf57,data/raw/datasets/datasets/Notes/Half/h933.jpg,64,64,0.01220703125
data/processed/images/quarter_note/002663.png,quarter_note,b77c23cbf4a089ad6a5f9962ea4a127d6ad14ccd6ded2d5e4c6a900080e7afcd,data/raw/datasets/datasets/Notes/Quarter/q7.jpg,64,64,0.026123046875
data/processed/images/quarter_note/002655.png,quarter_note,659418375533024fb9d51ed2253fcdb4753716837fe52e1f3a155d51e9004024,data/raw/datasets/datasets/Notes/Quarter/q692.jpg,64,64,0.062255859375
data/processed/images/sixteenth_note/003305.png,sixteenth_note,5d53ad5d8d50d2ef828f9d2dd2a5c50d359d05e9da0877db5b38f7ee4da608ac,data/raw/datasets/datasets/Notes/Sixteenth/s377.jpg,64,64,0.042724609375
data/processed/images/sixteenth_note/003878.png,sixteenth_note,097dde98833280e5e0e0e8477dcf1d1f7975918598a73397dba8ae8aeeeb9fe6,data/raw/datasets/datasets/Notes/Sixteenth/s894.jpg,64,64,0.0830078125
data/processed/images/eighth_note/000666.png,eighth_note,4feacc1a705cc020e66fdf8068d5a11d549fe1ff00f55971947706fa7e57a7f7,data/raw/datasets/datasets/Notes/Eight/e699.jpg,64,64,0.06005859375
data/processed/images/whole_note/004308.png,whole_note,923180979a59606a70b451b6dbc7dbdf0eaf504613829a18703b969d5a8b23cc,data/raw/datasets/datasets/Notes/Whole/w380.jpg,64,64,0.052978515625
data/processed/images/whole_note/004340.png,whole_note,7f8bca271264aca1755f65e8c179e0789adfae8c801bc0f2ec696ac81354341b,data/raw/datasets/datasets/Notes/Whole/w409.jpg,64,64,0.08056640625
data/processed/images/quarter_note/002544.png,quarter_note,816be3e9d28704c0d72566b266fae62b1603c19586cd38da59d68b2a6c426d50,data/raw/datasets/datasets/Notes/Quarter/q592.jpg,64,64,0.0537109375
data/processed/images/eighth_note/000351.png,eighth_note,43501d9faf5fd9924618e3069ac32ff6a4eeb4d455e08e8c4cf2fbbf580387f3,data/raw/datasets/datasets/Notes/Eight/e414.jpg,64,64,0.090576171875
data/processed/images/whole_note/004207.png,whole_note,d2340bf61df23d1d7a3c9f3aebaf2b908e551d08bb05f3833931820a6d511996,data/raw/datasets/datasets/Notes/Whole/w29.jpg,64,64,0.276611328125
data/processed/images/quarter_note/002375.png,quarter_note,38d7705fbc87456d9e020e749874b5bbc3fba508fda4e652fef761d7f613253b,data/raw/datasets/datasets/Notes/Quarter/q44.jpg,64,64,0.054443359375
data/processed/images/half_note/001117.png,half_note,81e153ab21cfefdcca4fd535e48d688c4343611480c500b4fa455dad3d181d83,data/raw/datasets/datasets/Notes/Half/h207.jpg,64,64,0.0283203125
data/processed/images/half_note/001168.png,half_note,e88219bf4257d64923fb1a148990f91ccfd4f8c3ac98ff001e5ced46295ece09,data/raw/datasets/datasets/Notes/Half/h253.jpg,64,64,0.030517578125
data/processed/images/quarter_note/002020.png,quarter_note,024491c2d6981251714da6585a3a8043c0f6ba19db94c71974845c6c4d917892,data/raw/datasets/datasets/Notes/Quarter/q12.jpg,64,64,0.088623046875
data/processed/images/sixteenth_note/003063.png,sixteenth_note,c8fe882c2402bcef77a59d62dd72bee24381e4e7891a1ae763ffdc5b3eaa6298,data/raw/datasets/datasets/Notes/Sixteenth/s159.jpg,64,64,0.069091796875
data/processed/images/sixteenth_note/003252.png,sixteenth_note,fa43793dbc6744220018586fe6d9fe4946ac957ebf416db5a5ea85968d5c179e,data/raw/datasets/datasets/Notes/Sixteenth/s329.jpg,64,64,0.0849609375
data/processed/images/quarter_note/002562.png,quarter_note,2169639ece7394479fd0f7af38e8a748bd7dfb161bb89d09d50e84bdcb8ddb08,data/raw/datasets/datasets/Notes/Quarter/q608.jpg,64,64,0.046142578125
data/processed/images/eighth_note/000036.png,eighth_note,8f4f8e8dc36337f69f82a6765e15636739ae766dd6be04cb42a24c0069a3e270,data/raw/datasets/datasets/Notes/Eight/e130.jpg,64,64,0.041259765625
data/processed/images/sixteenth_note/003283.png,sixteenth_note,da56e8799b7680655446ce0414a0f2d7b278da83d78d678a900408d0a79a4ca0,data/raw/datasets/datasets/Notes/Sixteenth/s357.jpg,64,64,0.083740234375
data/processed/images/half_note/001778.png,half_note,a35e62d0a9253c3aa63939a25c828df97c4b0136b7b4bba87340dd049805dd31,data/raw/datasets/datasets/Notes/Half/h802.jpg,64,64,0.04541015625
data/processed/images/whole_note/004394.png,whole_note,578c854b94ded7c1762c9129e4fa2976f6842333b4b5aae4f6d2aae44bd35fe1,data/raw/datasets/datasets/Notes/Whole/w458.jpg,64,64,0.041015625
data/processed/images/half_note/001689.png,half_note,286657b23b6eb9e6f8670fda635783000b37bdfa972b6ad5be84aa1ccc7003bf,data/raw/datasets/datasets/Notes/Half/h722.jpg,64,64,0.078857421875
data/processed/images/whole_note/004310.png,whole_note,07924be3c340962b1b2beffb8c67034d2ff763732f45d14dcb85d21812666aee,data/raw/datasets/datasets/Notes/Whole/w382.jpg,64,64,0.031005859375
data/processed/images/quarter_note/002441.png,quarter_note,946ed347ca8387a52e179f621c6baf6983b9d05f19c4424bc9b25dd8827bb26a,data/raw/datasets/datasets/Notes/Quarter/q5.jpg,64,64,0.05908203125
data/processed/images/half_note/001573.png,half_note,6ce75be45086efa6cd73437b8d051476f120cd4658965864bf2c84f64901f51c,data/raw/datasets/datasets/Notes/Half/h618.jpg,64,64,0.025146484375
data/processed/images/sixteenth_note/003540.png,sixteenth_note,95aead7df2c57e99b383724a1fe79dc2c724424c2e88e258ad4e85f310fec23d,data/raw/datasets/datasets/Notes/Sixteenth/s589.jpg,64,64,0.062255859375
data/processed/images/eighth_note/000877.png,eighth_note,4c553505ec4a09f9f585140b0b47a65e3c87e1b55b00f104dd9738a53c2ac552,data/raw/datasets/datasets/Notes/Eight/e892.jpg,64,64,0.082763671875
data/processed/images/whole_note/004427.png,whole_note,3f583fc9dbea3b32a8f82fab12975fd07627818a13055f399d2656915fda3b41,data/raw/datasets/datasets/Notes/Whole/w488.jpg,64,64,0.02685546875
data/processed/images/half_note/001740.png,half_note,2745b6271df75d9bfcd8b5ca278a2fbd88e4ddad1e75767dfdf1e78ec4e45955,data/raw/datasets/datasets/Notes/Half/h769.jpg,64,64,0.041015625
data/processed/images/sixteenth_note/003690.png,sixteenth_note,a695ea005d4260b9e9e8251ee1f1bd367d5bc64cd8fb9e5615c4647c903a1831,data/raw/datasets/datasets/Notes/Sixteenth/s724.jpg,64,64,0.06640625
data/processed/images/half_note/001212.png,half_note,57275fbf81dd685fec93cfe31e23242312d0f26914344ae647e8cc7b58b3fd7b,data/raw/datasets/datasets/Notes/Half/h293.jpg,64,64,0.030517578125
data/processed/images/sixteenth_note/003535.png,sixteenth_note,35983e953f645cf1000918cc902906c7c604c0d7e6338e4a960751d65dff7646,data/raw/datasets/datasets/Notes/Sixteenth/s584.jpg,64,64,0.099609375
data/processed/images/whole_note/004858.png,whole_note,d2ed0b0c7fef3e3cfaf54fd2285e6a93bea7bbc75d4c6b32119418e165aa9976,data/raw/datasets/datasets/Notes/Whole/w876.jpg,64,64,0.119873046875
data/processed/images/half_note/001489.png,half_note,6edbf338d9558414e8cd244baa9505ba019d76ed6fb9e4a8ce2db68056a2fb40,data/raw/datasets/datasets/Notes/Half/h542.jpg,64,64,0.03271484375
data/processed/images/half_note/001690.png,half_note,fe1c16181d3c48b86f087281e3d985c32c2e588734bcccf9244a2fbacb371fc8,data/raw/datasets/datasets/Notes/Half/h723.jpg,64,64,0.02197265625
data/processed/images/half_note/001976.png,half_note,8284205153166f0c6dac1ec5667a73e5b7eecb8c54c838af2f64c7170603f294,data/raw/datasets/datasets/Notes/Half/h981.jpg,64,64,0.03759765625
data/processed/images/quarter_note/002157.png,quarter_note,565badfe80ea41460678f939adde352b80763a122ee1532c6109826c6242cfc2,data/raw/datasets/datasets/Notes/Quarter/q243.jpg,64,64,0.024169921875
data/processed/images/quarter_note/002258.png,quarter_note,5ef9ec9c06c24379b315099a45b2806ee31ff0ffbd557caded6d12ef57f5ad34,data/raw/datasets/datasets/Notes/Quarter/q334.jpg,64,64,0.049072265625
data/processed/images/eighth_note/000544.png,eighth_note,99b5cf738c113c06bac1dee985379fef3a7e10bee05d70816d7d255e4afed890,data/raw/datasets/datasets/Notes/Eight/e589.jpg,64,64,0.152587890625
data/processed/images/eighth_note/000619.png,eighth_note,e6f12d74c37ceab7816c59f8c32cf09808ce3fe49a2c1aa50b3e3f4e67a972ab,data/raw/datasets/datasets/Notes/Eight/e656.jpg,64,64,0.044677734375
data/processed/images/half_note/001091.png,half_note,a73a93f700435ae2ac3a39b1287ceb933ffa4ba37ff54d20ee6ceb5666cb4980,data/raw/datasets/datasets/Notes/Half/h184.jpg,64,64,0.038818359375
data/processed/images/whole_note/004982.png,whole_note,6ecbe27d1c96822113e79f56a84ce1d3a3ce570b02529c3936fe5ee134f07d81,data/raw/datasets/datasets/Notes/Whole/w988.jpg,64,64,0.03564453125
data/processed/images/quarter_note/002501.png,quarter_note,80199b07e8993f0e3c192f6ccfff16a55b617b5316ccb16dc369c2e4994799f6,data/raw/datasets/datasets/Notes/Quarter/q553.jpg,64,64,0.111572265625
data/processed/images/quarter_note/002497.png,quarter_note,4de41aaf2ee1cbe00e5cd42240915df0f49d9ec173085fabea51585586839dd3,data/raw/datasets/datasets/Notes/Quarter/q55.jpg,64,64,0.041259765625
data/processed/images/quarter_note/002566.png,quarter_note,9420010da9e8fe6343181f9f32761bca989ed8f70f92975f212d61bd637a43bd,data/raw/datasets/datasets/Notes/Quarter/q611.jpg,64,64,0.05615234375
data/processed/images/eighth_note/000188.png,eighth_note,3346a05e65dce88db62b97e350405e11ddd7d31d32ed80afdefe3e2751bd47c6,data/raw/datasets/datasets/Notes/Eight/e268.jpg,64,64,0.024658203125
data/processed/images/eighth_note/000326.png,eighth_note,25c9a74320a20f66711b3012e1ae23aabe9bddc3388f305db1b5e842850b6f64,data/raw/datasets/datasets/Notes/Eight/e392.jpg,64,64,0.0439453125
data/processed/images/eighth_note/000907.png,eighth_note,a2230fc5cede25d8682630f1de3698553450fde7f88e5ff5b2ecda04ff9bbf5a,data/raw/datasets/datasets/Notes/Eight/e919.jpg,64,64,0.100341796875
data/processed/images/whole_note/004638.png,whole_note,bc698751873f42492c455cff7323cab09c61637a50523fa4c2c1296c8f9a8f5e,data/raw/datasets/datasets/Notes/Whole/w678.jpg,64,64,0.169189453125
data/processed/images/whole_note/004480.png,whole_note,6df60e2cbf4a9204d8ad60f202f4899229d50cba277a52d14c4a5f23c2989171,data/raw/datasets/datasets/Notes/Whole/w535.jpg,64,64,0.05615234375
data/processed/images/half_note/001896.png,half_note,e2d6767ea7cfbf88898aefeb52cab10877bdd6318df6bf16a353a72c7750954e,data/raw/datasets/datasets/Notes/Half/h909.jpg,64,64,0.0390625
data/processed/images/eighth_note/000177.png,eighth_note,1a6f2fbcc5d4de999696c41cba3f3f581f3b6f7355362a026ccf674fb9d1acc7,data/raw/datasets/datasets/Notes/Eight/e258.jpg,64,64,0.064208984375
data/processed/images/eighth_note/000854.png,eighth_note,0f06ce31936be810ac9610f7260a27fbc57d0e072d11bac2ad30946822710b2b,data/raw/datasets/datasets/Notes/Eight/e871.jpg,64,64,0.0947265625
data/processed/images/sixteenth_note/003443.png,sixteenth_note,a267380f5076dcd4986a390084fa80ade18647b762ba1d6e24bee5c7af14c95e,data/raw/datasets/datasets/Notes/Sixteenth/s500.jpg,64,64,0.059326171875
data/processed/images/eighth_note/000930.png,eighth_note,b0800153e991cb7d8539c104206bc1611f2dd7ed3687c71da5b5ba96be1d7a1d,data/raw/datasets/datasets/Notes/Eight/e94.jpg,64,64,0.065673828125
data/processed/images/eighth_note/000868.png,eighth_note,65891a498e28ce58bc9274d23253a7959073176ffa0812962374914a3b253fe5,data/raw/datasets/datasets/Notes/Eight/e884.jpg,64,64,0.094482421875
data/processed/images/eighth_note/000720.png,eighth_note,a81064bcfcdb67176984ddee80c548c0b3a40cd291260c49e3b82d03369d3ce6,data/raw/datasets/datasets/Notes/Eight/e749.jpg,64,64,0.0830078125
data/processed/images/sixteenth_note/003741.png,sixteenth_note,6076a4fd1b1c6894e29380ad46865aed9f40f793d7f13137bc4cd6c3b93e74ac,data/raw/datasets/datasets/Notes/Sixteenth/s770.jpg,64,64,0.068359375
data/processed/images/eighth_note/000065.png,eighth_note,8541c516e016955347f37e55112065903a2331ee43924db3665139df3633ab9c,data/raw/datasets/datasets/Notes/Eight/e157.jpg,64,64,0.099365234375
data/processed/images/whole_note/004121.png,whole_note,fbe0b56ddb24466d4096e061233738a05444acbbce9e352df4d97460e612fef0,data/raw/datasets/datasets/Notes/Whole/w211.jpg,64,64,0.0693359375
data/processed/images/whole_note/004777.png,whole_note,b119684f41e74f9f9613252306c139f468fcbb4029ca93dbf713cb527443cec4,data/raw/datasets/datasets/Notes/Whole/w802.jpg,64,64,0.34765625
data/processed/images/quarter_note/002529.png,quarter_note,ea77d805f5a4aebd5a87ba3047b9f403e1b795d6ba7ea259e92bf50352debc7d,data/raw/datasets/datasets/Notes/Quarter/q579.jpg,64,64,0.02978515625
data/processed/images/eighth_note/000369.png,eighth_note,9d47d95580b72508ea2f439bb3c5913e963fac2e27a142430fbf7e10ed63de4b,data/raw/datasets/datasets/Notes/Eight/e430.jpg,64,64,0.076171875
data/processed/images/sixteenth_note/003564.png,sixteenth_note,82bea30419354dc0e3b920b2412ecd653868f809e65c61368c5c003e9ebeb3ab,data/raw/datasets/datasets/Notes/Sixteenth/s61.jpg,64,64,0.1904296875
data/processed/images/half_note/001098.png,half_note,1315173a660af528becdaa2829c9c56e29e5800d133a54941e030ab65292c099,data/raw/datasets/datasets/Notes/Half/h190.jpg,64,64,0.03955078125
data/processed/images/eighth_note/000375.png,eighth_note,9fb8368dd28885a805546a9a3e9bf085d27730b67e2e9ab3fd19d3aa77657ee5,data/raw/datasets/datasets/Notes/Eight/e436.jpg,64,64,0.068359375
data/processed/images/quarter_note/002011.png,quarter_note,776e35166270c0288e319ab215d7e70fbe164f82ac03fdeac54c1894f9d5ab5c,data/raw/datasets/datasets/Notes/Quarter/q111.jpg,64,64,0.109130859375
data/processed/images/eighth_note/000852.png,eighth_note,3f4e1253233f78e8fdb44e2a32e7cb8ed5328943fd57627ff5b8f3411173b4f9,data/raw/datasets/datasets/Notes/Eight/e87.jpg,64,64,0.0595703125
data/processed/images/sixteenth_note/003490.png,sixteenth_note,e98ba408492a1fc7d7202f7fe9ecc36e19fdb83b64747cc2c4623b9dca151194,data/raw/datasets/datasets/Notes/Sixteenth/s543.jpg,64,64,0.107666015625
data/processed/images/sixteenth_note/003620.png,sixteenth_note,3e5a8f06c47c05991a1930849b166da322265ddd04b11281158928bf010fef9a,data/raw/datasets/datasets/Notes/Sixteenth/s660.jpg,64,64,0.059814453125
data/processed/images/whole_note/004186.png,whole_note,f6cd3240bed0df17606050871f71275935943e5cae6524d1845deb84b9925e79,data/raw/datasets/datasets/Notes/Whole/w270.jpg,64,64,0.0732421875
data/processed/images/whole_note/004922.png,whole_note,dcfed5b6420253d4146c539e1a485d88fc3ada912899185365ffe11714394ebe,data/raw/datasets/datasets/Notes/Whole/w933.jpg,64,64,0.0869140625
data/processed/images/sixteenth_note/003441.png,sixteenth_note,d323613686447fde6db073e95462876a232ae42848096976b17ce3fd94441bc0,data/raw/datasets/datasets/Notes/Sixteenth/s5.jpg,64,64,0.1015625
data/processed/images/half_note/001419.png,half_note,5cebdcd1606a899715f270c00fd4c81a2fc92bad1539412049c46483717830af,data/raw/datasets/datasets/Notes/Half/h48.jpg,64,64,0.046630859375
data/processed/images/quarter_note/002685.png,quarter_note,7204f7b7ed64bd804d3183455c88139bb9c45d67ab39d43d6319552d48b6a62c,data/raw/datasets/datasets/Notes/Quarter/q719.jpg,64,64,0.04052734375
data/processed/images/sixteenth_note/003672.png,sixteenth_note,2bfcc20cc90671e875cf7e05358dd5041fb6c322b3bc5730dacc7e5696adeefb,data/raw/datasets/datasets/Notes/Sixteenth/s708.jpg,64,64,0.164794921875
data/processed/images/eighth_note/000358.png,eighth_note,acbbdb58e8d99adb515505b2c286d3e25d302c4e04809e0c700d91f9e39bd153,data/raw/datasets/datasets/Notes/Eight/e420.jpg,64,64,0.076171875
data/processed/images/sixteenth_note/003826.png,sixteenth_note,885fbba31ffef4602c8559d32c71987b38a0b0665433a504cecd198afe65f07d,data/raw/datasets/datasets/Notes/Sixteenth/s847.jpg,64,64,0.135009765625
data/processed/images/eighth_note/000625.png,eighth_note,2989093ddd3e44a7547a21a0a3ae1d2aa25bf673e867809ef7892c9b52a380e7,data/raw/datasets/datasets/Notes/Eight/e661.jpg,64,64,0.043701171875
data/processed/images/sixteenth_note/003261.png,sixteenth_note,8aca1a2d9436afa649c2b9e677746c993c62ea879c32b44a3d1ddcb990b3bebd,data/raw/datasets/datasets/Notes/Sixteenth/s337.jpg,64,64,0.253173828125
data/processed/images/whole_note/004129.png,whole_note,72bc260f62d87e9e8aa4e8b27843d24b6f520cb53e18811f11d73216be4ece6b,data/raw/datasets/datasets/Notes/Whole/w219.jpg,64,64,0.05419921875
data/processed/images/quarter_note/002513.png,quarter_note,bd600ae5310c79b73faefa6aec1eeeb00355c22de070182de31b6fdba5221175,data/raw/datasets/datasets/Notes/Quarter/q564.jpg,64,64,0.118408203125
data/processed/images/half_note/001503.png,half_note,b83e26e48d73480df3e1659084a1fdafbaa4aa950aec66d7e594c98481bfd9a1,data/raw/datasets/datasets/Notes/Half/h555.jpg,64,64,0.07177734375
data/processed/images/sixteenth_note/003705.png,sixteenth_note,68bd900a61ec4100d8188c8d1b4983d7b206538c5f1e4cdba42332f4409ebe91,data/raw/datasets/datasets/Notes/Sixteenth/s738.jpg,64,64,0.054443359375
data/processed/images/eighth_note/000278.png,eighth_note,44b8c8df6fba65605ff344d0ed8c209135a0ec819d47d65722d90cba79b795e4,data/raw/datasets/datasets/Notes/Eight/e349.jpg,64,64,0.040771484375
data/processed/images/quarter_note/002540.png,quarter_note,76822975e8bc3a275eabc3c42beeefe414423da40456a22a4c1fef36f748a185,data/raw/datasets/datasets/Notes/Quarter/q589.jpg,64,64,0.031494140625
data/processed/images/quarter_note/002532.png,quarter_note,5f4f07f8a0da55200c51261552e6b1f96212703b3b0d1b54fc2a4fddfc4f6932,data/raw/datasets/datasets/Notes/Quarter/q581.jpg,64,64,0.07177734375
data/processed/images/eighth_note/000185.png,eighth_note,7deb0116765b2c145da5ad4fa6726bfd9faeacf952d62c78d66498220ca85c4c,data/raw/datasets/datasets/Notes/Eight/e265.jpg,64,64,0.030029296875
data/processed/images/half_note/001635.png,half_note,28d75c10f0a2e318d3d3cf62f8acda28b25444cc8e8572d1b57841c88f4d58ca,data/raw/datasets/datasets/Notes/Half/h674.jpg,64,64,0.060302734375
data/processed/images/sixteenth_note/003844.png,sixteenth_note,1bd654d8c3d67f59dfe4bb8eebb6279d5c2c40e95f88406cc3f3c190991fe273,data/raw/datasets/datasets/Notes/Sixteenth/s863.jpg,64,64,0.05078125
data/processed/images/half_note/001049.png,half_note,fe72e40e4c17f183ff90762befccd15f1f69c8a10557206cf8a04bdb35bb42c7,data/raw/datasets/datasets/Notes/Half/h146.jpg,64,64,0.0439453125
data/processed/images/half_note/001233.png,half_note,1a51735c6ac9bdd8b0babbf0fa01869d98f42fe7093b88eb83974ce09307641b,data/raw/datasets/datasets/Notes/Half/h311.jpg,64,64,0.044677734375
data/processed/images/quarter_note/002918.png,quarter_note,34299017a6ae753f52bd7436ee0e7d7b8632acf6c099b4d73f281b446752540f,data/raw/datasets/datasets/Notes/Quarter/q929.jpg,64,64,0.058349609375
data/processed/images/eighth_note/000487.png,eighth_note,6fd8781d13b9c7d6437e7e8a2e409a6bbbce06d9fae684d5c3f32ec2c9e6359a,data/raw/datasets/datasets/Notes/Eight/e537.jpg,64,64,0.09423828125
data/processed/images/whole_note/004090.png,whole_note,513ca2b31e3fad19bc1a467bf3475c0ccd320b77908d0ab522f0ddfe7ee7c373,data/raw/datasets/datasets/Notes/Whole/w184.jpg,64,64,0.1337890625
data/processed/images/whole_note/004942.png,whole_note,732d1e0219de5236facd7c3c8a169990091dc7ba90612ade428c73284e536605,data/raw/datasets/datasets/Notes/Whole/w951.jpg,64,64,0.08740234375
data/processed/images/eighth_note/000084.png,eighth_note,b49065a44455b7fc6a2c8824b08995b5d58dbb6b3be6b025c28368c5ebfc2444,data/raw/datasets/datasets/Notes/Eight/e174.jpg,64,64,0.102783203125
data/processed/images/whole_note/004770.png,whole_note,c57edd7c33e951febf4ec293a02fd2da49ac15a11c199ab3fb5571487359061f,data/raw/datasets/datasets/Notes/Whole/w797.jpg,64,64,0.4931640625
data/processed/images/half_note/001843.png,half_note,86cbdf3356bc62f7d75f899d9082a12a085f085e0a4771a6196cacd0e648fb32,data/raw/datasets/datasets/Notes/Half/h861.jpg,64,64,0.044677734375
data/processed/images/eighth_note/000784.png,eighth_note,7ffa6b895fa032cd380a9e2c02b0cd5f3d166e8cff0688471df29d37e9d20109,data/raw/datasets/datasets/Notes/Eight/e808.jpg,64,64,0.043212890625
data/processed/images/half_note/001112.png,half_note,def7065ac15dea43079ff05a96eb4f2f950732f366f51bb392a9f65b6d320a02,data/raw/datasets/datasets/Notes/Half/h202.jpg,64,64,0.03125
data/processed/images/sixteenth_note/003047.png,sixteenth_note,f6860c5732c83292e86d6a5705e10d101206868320be8e56cc7acffa427329aa,data/raw/datasets/datasets/Notes/Sixteenth/s144.jpg,64,64,0.092041015625
data/processed/images/whole_note/004017.png,whole_note,5bde852dff9800d66bddd99fa9600cbaa5348369e96916269c30f3e3f2ccb41a,data/raw/datasets/datasets/Notes/Whole/w118.jpg,64,64,0.385986328125
data/processed/images/half_note/001150.png,half_note,845b5ff6acc4c11255800a1f19830e5b0d665e7a09753f12902a722d1bda9b81,data/raw/datasets/datasets/Notes/Half/h237.jpg,64,64,0.08740234375
data/processed/images/sixteenth_note/003895.png,sixteenth_note,920e8c0fbacd5d203811f46ab6fb3503f7088da3965d0a564ae2f785b83d29b9,data/raw/datasets/datasets/Notes/Sixteenth/s909.jpg,64,64,0.087158203125
data/processed/images/quarter_note/002905.png,quarter_note,1998445c7d4c1a5da1ee05a5f00f96fd5e6960a85c5fc3bf07eed34406422ce2,data/raw/datasets/datasets/Notes/Quarter/q917.jpg,64,64,0.05224609375
data/processed/images/eighth_note/000722.png,eighth_note,1cc6792aa92b13f2bd93f3b0a5e648ef0fcc142714606b9d64095dbaac16f37f,data/raw/datasets/datasets/Notes/Eight/e750.jpg,64,64,0.124755859375
data/processed/images/quarter_note/002690.png,quarter_note,b65583401e71c2a3efd178c614533b6c4f4a3b9e105b193d31a4f54d72a0e407,data/raw/datasets/datasets/Notes/Quarter/q723.jpg,64,64,0.02294921875
data/processed/images/whole_note/004928.png,whole_note,2564bfcd3da57c0bfab4f4f4cb6cbc612297b119fc9c6c1d407414f4146c9e38,data/raw/datasets/datasets/Notes/Whole/w939.jpg,64,64,0.039306640625
data/processed/images/half_note/001693.png,half_note,ebfcd54781de3ab665fd04b6dffbf670cbc42dbb15a4d2b1259c00550a2166c4,data/raw/datasets/datasets/Notes/Half/h726.jpg,64,64,0.041748046875
data/processed/images/whole_note/004731.png,whole_note,22e6aacb38a009839718543d77ac569e7240e47093b3edd7a2d089a4f78d4b48,data/raw/datasets/datasets/Notes/Whole/w761.jpg,64,64,0.208984375
data/processed/images/eighth_note/000331.png,eighth_note,78419d084677fb47221b74c52b365b8bd69966dc61c8c4f3e0dda08a00d6fa7f,data/raw/datasets/datasets/Notes/Eight/e397.jpg,64,64,0.05712890625
data/processed/images/half_note/001584.png,half_note,cb16e43685205fce28fe311406601f7448b66fc05404d7446076bbcef8f1c4c4,data/raw/datasets/datasets/Notes/Half/h628.jpg,64,64,0.0390625
data/processed/images/whole_note/004273.png,whole_note,1eaa7837b7865823098db68ac54ebf0686366c320de291e5042921bde085c861,data/raw/datasets/datasets/Notes/Whole/w349.jpg,64,64,0.13427734375
data/processed/images/eighth_note/000403.png,eighth_note,f920d56a3b439a363041a671b16df77094b5444bbf62e10dc7e787442dfc3dc6,data/raw/datasets/datasets/Notes/Eight/e461.jpg,64,64,0.08544921875
data/processed/images/half_note/001485.png,half_note,4a2c7c01d1ed8e24f9c680cdddeb57250e8a865a6e66b0793dfbad06fee89088,data/raw/datasets/datasets/Notes/Half/h539.jpg,64,64,0.026611328125
data/processed/images/quarter_note/002963.png,quarter_note,a5faa72f16d9bc0aab5cf371fa01dbedaa3b765ab8729f21f6f6bce4d92eec5f,data/raw/datasets/datasets/Notes/Quarter/q97.jpg,64,64,0.090576171875
data/processed/images/whole_note/004629.png,whole_note,c57ae92d9800514aaaa2c0cf7c92f30098b528f10900ad3c5723fe21b6402fa3,data/raw/datasets/datasets/Notes/Whole/w67.jpg,64,64,0.13671875
data/processed/images/quarter_note/002740.png,quarter_note,cdf43d4d2f003c8891b7b9e91987fef6ed116126882014511ed9baab15a38a1d,data/raw/datasets/datasets/Notes/Quarter/q769.jpg,64,64,0.042724609375
data/processed/images/whole_note/004144.png,whole_note,64d1e73134807256d8d0b1501fcc4c14aa59ee451e5546f90263d92174da8384,data/raw/datasets/datasets/Notes/Whole/w232.jpg,64,64,0.1123046875
data/processed/images/sixteenth_note/003087.png,sixteenth_note,e91eeca6b51019c733fd19b12e245d40efa846f77b5b8f615b44008604fecebf,data/raw/datasets/datasets/Notes/Sixteenth/s180.jpg,64,64,0.040771484375
data/processed/images/quarter_note/002245.png,quarter_note,c266600e3f43e78d86d94625a14729013aefc5817717816ffb14c2acb77a2b50,data/raw/datasets/datasets/Notes/Quarter/q322.jpg,64,64,0.037841796875
data/processed/images/whole_note/004680.png,whole_note,5a68ce89149551787b8710c180f0dbb8a2f6a43381b21f732a63281292dbee09,data/raw/datasets/datasets/Notes/Whole/w715.jpg,64,64,0.311767578125
data/processed/images/quarter_note/002867.png,quarter_note,69ea4adfc0d118deea4d8d77a6a1fc33a517dcbb7e4d66173ee739bd5e888356,data/raw/datasets/datasets/Notes/Quarter/q883.jpg,64,64,0.083984375
data/processed/images/eighth_note/000114.png,eighth_note,63ff5fe935d5ce2c12315127b084c206dba02379cd2a8f55ecf70df4508a4ccc,data/raw/datasets/datasets/Notes/Eight/e200.jpg,64,64,0.06298828125
data/processed/images/sixteenth_note/003701.png,sixteenth_note,c47752ccc58115de95ec6f6eee7fd9247dfd64fed22ae3963d41586d509f3744,data/raw/datasets/datasets/Notes/Sixteenth/s734.jpg,64,64,0.048095703125
data/processed/images/sixteenth_note/003834.png,sixteenth_note,bd066e19edcafa2cfcd012cbe0df03220e309252d50b645f27505db4e80d4d27,data/raw/datasets/datasets/Notes/Sixteenth/s854.jpg,64,64,0.11083984375
data/processed/images/half_note/001499.png,half_note,9478bd19514a4927e2b3f36db5de86cead769cc2b95dcd8e84418802dbcdadac,data/raw/datasets/datasets/Notes/Half/h551.jpg,64,64,0.027587890625
data/processed/images/eighth_note/000668.png,eighth_note,1ecde54733881044d64187d348caa25a6ed5b90c595c258634a2be4c1daf5c24,data/raw/datasets/datasets/Notes/Eight/e70.jpg,64,64,0.08837890625
data/processed/images/eighth_note/000107.png,eighth_note,221b4953ea14958ff8f1be7c2828ce5525ca7b0f0c35bf5a08245ef16ab50d9b,data/raw/datasets/datasets/Notes/Eight/e195.jpg,64,64,0.147705078125
data/processed/images/quarter_note/002175.png,quarter_note,9b25391f5e215a4a8dd33ed410973e685864468ec0ee62a3f91971574f3df4fb,data/raw/datasets/datasets/Notes/Quarter/q26.jpg,64,64,0.04296875
data/processed/images/eighth_note/000957.png,eighth_note,aabf1555c865b4f8be7f4739e33aec8a507296ed3032e7c0913484eed9bd148f,data/raw/datasets/datasets/Notes/Eight/e964.jpg,64,64,0.05517578125
data/processed/images/quarter_note/002934.png,quarter_note,1819fef50b0c22e7055c7ec80794bc9279f191b3a902bcf2f2e450e8def17879,data/raw/datasets/datasets/Notes/Quarter/q943.jpg,64,64,0.09619140625
data/processed/images/half_note/001575.png,half_note,9da94c5863a46a38892eefd81ada41dbd490a209198615903aa7a8a6bd2d12f4,data/raw/datasets/datasets/Notes/Half/h62.jpg,64,64,0.0595703125
data/processed/images/half_note/001440.png,half_note,cad33ca22e268dc46f9af2500141cbf0e51374980c9e2c1b5b9bff498d3918bf,data/raw/datasets/datasets/Notes/Half/h499.jpg,64,64,0.017822265625
data/processed/images/sixteenth_note/003714.png,sixteenth_note,9b4c3a8099b64562732b76236fb90acc9a30f61fcd713007568e47fd2580074c,data/raw/datasets/datasets/Notes/Sixteenth/s746.jpg,64,64,0.105224609375
data/processed/images/quarter_note/002816.png,quarter_note,d84db9b6f7b2267a362a56e595e23e4443d153d4216d7e3e0ed29755af35c4a4,data/raw/datasets/datasets/Notes/Quarter/q837.jpg,64,64,0.068115234375
data/processed/images/eighth_note/000608.png,eighth_note,3a16632d4f90b11f5a552e0bf6795d2dfb8d7337e2d49a380e259e9cb743126e,data/raw/datasets/datasets/Notes/Eight/e646.jpg,64,64,0.069091796875
data/processed/images/whole_note/004749.png,whole_note,71da36d4a90fa152c8581f3fefe53831c5aa398e07e85de55e08597eebb96125,data/raw/datasets/datasets/Notes/Whole/w778.jpg,64,64,0.186279296875
data/processed/images/quarter_note/002001.png,quarter_note,4945c4960dfbcd6d76ade79143ec8039f424556ace6f4d069abb7fa5def0fbeb,data/raw/datasets/datasets/Notes/Quarter/q102.jpg,64,64,0.065673828125
data/processed/images/sixteenth_note/003543.png,sixteenth_note,2ce8cdf70f5fdf0bfa0348484c570d5411d0c85997cc455ee781a9850a96f003,data/raw/datasets/datasets/Notes/Sixteenth/s591.jpg,64,64,0.05224609375
data/processed/images/quarter_note/002908.png,quarter_note,c5c662a19ecee5d9b41f264b03caf3b298bb62b99d49fee1bf90f07dd03c30b1,data/raw/datasets/datasets/Notes/Quarter/q92.jpg,64,64,0.075439453125
data/processed/images/quarter_note/002779.png,quarter_note,78cc806171298f223602c549aeb8a4685c77a7c517a0e31266984495390cbcf6,data/raw/datasets/datasets/Notes/Quarter/q803.jpg,64,64,0.02490234375
data/processed/images/whole_note/004793.png,whole_note,cf79f2fbf92c6bb92a2042c743db6290faad19560f80cf61cc03e770bec9e972,data/raw/datasets/datasets/Notes/Whole/w817.jpg,64,64,0.16259765625
data/processed/images/sixteenth_note/003796.png,sixteenth_note,318e0d23661e9740fa806be965b384a104fc57d44ebda359034168977e6fa232,data/raw/datasets/datasets/Notes/Sixteenth/s82.jpg,64,64,0.08154296875
data/processed/images/sixteenth_note/003803.png,sixteenth_note,3270398fd37f62ce64ceb7f1cce3ab094953679d988b28128999d5cbe2fef83b,data/raw/datasets/datasets/Notes/Sixteenth/s826.jpg,64,64,0.073486328125
data/processed/images/sixteenth_note/003293.png,sixteenth_note,e5bb9c09eb0ed53469aae1713378b2c686f674685f87bf51b131fddf98c303e3,data/raw/datasets/datasets/Notes/Sixteenth/s366.jpg,64,64,0.053955078125
data/processed/images/sixteenth_note/003216.png,sixteenth_note,67b0d11668f88e7e18902bb46648f8e67c7b3a1712fbc3841a90ec27eb4426e8,data/raw/datasets/datasets/Notes/Sixteenth/s297.jpg,64,64,0.135009765625
data/processed/images/half_note/001851.png,half_note,b48c6a08d00faa77b8b54240bdf7979ea686cd287ec1d17a1571eb801e8f74f9,data/raw/datasets/datasets/Notes/Half/h869.jpg,64,64,0.011474609375
data/processed/images/quarter_note/002993.png,quarter_note,bdd616a4d9e767385f4fe49c5964cc0627eabcee9badce589654c78fb8fda052,data/raw/datasets/datasets/Notes/Quarter/q997.jpg,64,64,0.078857421875
data/processed/images/eighth_note/000119.png,eighth_note,32b4eb8b53488b25d8b18c05ea11fd19821c87d71c01d6965244021f8f11d478,data/raw/datasets/datasets/Notes/Eight/e205.jpg,64,64,0.091552734375
data/processed/images/eighth_note/000987.png,eighth_note,46a59131fb92b2a92bb7ef1fa47653cb27ea4809a047143594c930fb9bfa9b2d,data/raw/datasets/datasets/Notes/Eight/e991.jpg,64,64,0.05712890625
data/processed/images/sixteenth_note/003617.png,sixteenth_note,9673a593175409ade80338a2ee34219b28d157f2bd93cb59ce7bfbd074996d99,data/raw/datasets/datasets/Notes/Sixteenth/s658.jpg,64,64,0.11962890625
data/processed/images/half_note/001056.png,half_note,33b1cd329ef4fef78de3e9aab3348d3788751fa430f2eb4f47612f28dc10474e,data/raw/datasets/datasets/Notes/Half/h152.jpg,64,64,0.08935546875
data/processed/images/quarter_note/002120.png,quarter_note,1c3257c5aae6fff9b1ef1809ec3d249ca824dde63ae0d5ae562c908f1dd7016f,data/raw/datasets/datasets/Notes/Quarter/q21.jpg,64,64,0.10009765625
data/processed/images/quarter_note/002414.png,quarter_note,57d247e84afd17bafd2c53662beeb5647b7779cae7f52eec94cb4e64b5c5d9b1,data/raw/datasets/datasets/Notes/Quarter/q475.jpg,64,64,0.018798828125
data/processed/images/sixteenth_note/003638.png,sixteenth_note,0fe8b5dbd05b196f4ace5b94c8959ed04b040898f2db7bd6bd668379b3e1fa17,data/raw/datasets/datasets/Notes/Sixteenth/s677.jpg,64,64,0.136474609375
data/processed/images/whole_note/004012.png,whole_note,812ca39cde216289f048066b3db11dfa76d38d2f6c00a26714a8c6c6d7152f4a,data/raw/datasets/datasets/Notes/Whole/w113.jpg,64,64,0.236328125
data/processed/images/half_note/001991.png,half_note,40522356a6c35fcfbabe562ff933ad5fbd754a376592b3a54e3c79a65c0d7ab7,data/raw/datasets/datasets/Notes/Half/h995.jpg,64,64,0.026123046875
data/processed/images/whole_note/004761.png,whole_note,f0178a9f06dd766cbc660f4544726eb173d5b768114027c7a98fdf0baef59b2b,data/raw/datasets/datasets/Notes/Whole/w789.jpg,64,64,0.11767578125
data/processed/images/half_note/001824.png,half_note,cfe9d6e342c4cc087e920555e6e362770674dcfeb6e6834311ac6119aaa76651,data/raw/datasets/datasets/Notes/Half/h844.jpg,64,64,0.04443359375
data/processed/images/half_note/001646.png,half_note,d825969f2b1a1a8d13162664c8a25e0c5b50cace779045085fb42ec7c9b966a1,data/raw/datasets/datasets/Notes/Half/h684.jpg,64,64,0.06982421875
data/processed/images/whole_note/004227.png,whole_note,6d4044c35c0cb950375462f086641e2723262cd4ddd5a86c6caeea2a0e61d7d6,data/raw/datasets/datasets/Notes/Whole/w307.jpg,64,64,0.177978515625
data/processed/images/eighth_note/000993.png,eighth_note,9412ec0384258394bfcad7104b2fd6b77ebeadb14c633ba3173a546dee838789,data/raw/datasets/datasets/Notes/Eight/e997.jpg,64,64,0.12744140625
data/processed/images/quarter_note/002536.png,quarter_note,9e03e68571fe6f2071291db1e9ce6625dd587fc972e4649c0ab8cdeb16d469e7,data/raw/datasets/datasets/Notes/Quarter/q585.jpg,64,64,0.056884765625
data/processed/images/quarter_note/002560.png,quarter_note,e52e7675b1b6f67898dc45a8173ec96b13f5465147b6882b240f96bc36f1e22d,data/raw/datasets/datasets/Notes/Quarter/q606.jpg,64,64,0.040771484375
data/processed/images/sixteenth_note/003338.png,sixteenth_note,8156bc438432ea6801f6beb43c664530c7c7c5ea1d745185174e5c5d2f6896fa,data/raw/datasets/datasets/Notes/Sixteenth/s406.jpg,64,64,0.070068359375
data/processed/images/whole_note/004556.png,whole_note,41b13e6c763da4b7d11f34bb187f6f417426862eab1e8ff37d6cb3ac0953a303,data/raw/datasets/datasets/Notes/Whole/w603.jpg,64,64,0.0810546875
data/processed/images/whole_note/004465.png,whole_note,c671d434eea6d6280d8f30e5af99d104cde53dbadc8aadabdb1125df90103148,data/raw/datasets/datasets/Notes/Whole/w521.jpg,64,64,0.0361328125
data/processed/images/half_note/001953.png,half_note,d83f9b1a8d6d5bbd63004dd7ac6ec67d413aec66f0a751fc321c84a56ab6cb07,data/raw/datasets/datasets/Notes/Half/h960.jpg,64,64,0.0302734375
data/processed/images/quarter_note/002359.png,quarter_note,15de5371894af7151d4d01ab72ea8288503810b1c5326d6ddfcefd591489f46b,data/raw/datasets/datasets/Notes/Quarter/q425.jpg,64,64,0.0849609375
data/processed/images/quarter_note/002337.png,quarter_note,bcdf3c26cfac11f4296cf1561771af72838dcb0e3d88460724a4e3fdfffc6d34,data/raw/datasets/datasets/Notes/Quarter/q405.jpg,64,64,0.132080078125
data/processed/images/sixteenth_note/003918.png,sixteenth_note,2a00e90e2bb3cbc58abb841958a391a610e869a6d98532903d825722ff905cc7,data/raw/datasets/datasets/Notes/Sixteenth/s93.jpg,64,64,0.092529296875
data/processed/images/half_note/001166.png,half_note,f08cdac99b32ab4e046af81fc93a561fdaf81440eaf6d47b4983fa951c237964,data/raw/datasets/datasets/Notes/Half/h251.jpg,64,64,0.053466796875
data/processed/images/sixteenth_note/003551.png,sixteenth_note,d92357e86e9956b7ee8a0110ba3b667d6ebbbcf5b4c5fa19281d9dc61b6a8df1,data/raw/datasets/datasets/Notes/Sixteenth/s599.jpg,64,64,0.23681640625
data/processed/images/eighth_note/000947.png,eighth_note,303dabba894f58983dce3212910d1ca1c93dac03608721552591d33105017a62,data/raw/datasets/datasets/Notes/Eight/e955.jpg,64,64,0.04150390625
data/processed/images/quarter_note/002052.png,quarter_note,c6bf43516fb49bde4bc029374da92866a9c8059c0ae1dcd62336394f8277952b,data/raw/datasets/datasets/Notes/Quarter/q149.jpg,64,64,0.13330078125
data/processed/images/sixteenth_note/003914.png,sixteenth_note,d135c816ea5140f56369dd7c068a6d84b65c02588d3c2dec78dfbb15665deb91,data/raw/datasets/datasets/Notes/Sixteenth/s926.jpg,64,64,0.08349609375
data/processed/images/eighth_note/000409.png,eighth_note,6b6dc9a0499fdd7bd2ce15d4fbcb7b0ab5864366c3913a48228bfb33ca0bfcb9,data/raw/datasets/datasets/Notes/Eight/e467.jpg,64,64,0.044677734375
data/processed/images/eighth_note/000652.png,eighth_note,4362fb57a118b261560e04590bcbeafba4c397a4fb561dbba7e9ba67895399aa,data/raw/datasets/datasets/Notes/Eight/e686.jpg,64,64,0.066650390625
data/processed/images/eighth_note/000710.png,eighth_note,d3f358cba9c07a522eb3a87cb8b2b0a1d266dd19339b69d9d2f3b6087a5172d0,data/raw/datasets/datasets/Notes/Eight/e74.jpg,64,64,0.03857421875
data/processed/images/whole_note/004040.png,whole_note,a2256d1a4cd8b2e6d3ffc43a9069215d7c0b72a3846ceb2d9f568ee5a0a06ad3,data/raw/datasets/datasets/Notes/Whole/w139.jpg,64,64,0.120361328125
data/processed/images/eighth_note/000858.png,eighth_note,09f5dcabf6e336620f92d2fe3092721976e12d1b6c3b6511c09d238ef938608d,data/raw/datasets/datasets/Notes/Eight/e875.jpg,64,64,0.067138671875
data/processed/images/half_note/001919.png,half_note,1008960de433971f0e540be9cbb295609acd24c3d2e68b812e9137eb07bb1cae,data/raw/datasets/datasets/Notes/Half/h93.jpg,64,64,0.032470703125
data/processed/images/half_note/001022.png,half_note,ab2b6a775b5b68e970dc5bb58ba9be892ba0b9771e8ffd1625bfaac65184148b,data/raw/datasets/datasets/Notes/Half/h121.jpg,64,64,0.056396484375
data/processed/images/whole_note/004500.png,whole_note,9fd0e26c5fa073e42a8b028b4c6402c77b1b2f200956ba2064fc611671199f00,data/raw/datasets/datasets/Notes/Whole/w553.jpg,64,64,0.058837890625
data/processed/images/half_note/001390.png,half_note,7a1d468f5c007f5239fb07c83fba0ac3dc28d7fc6418c015ed327360c6fa0140,data/raw/datasets/datasets/Notes/Half/h453.jpg,64,64,0.0458984375
data/processed/images/quarter_note/002959.png,quarter_note,473459968dd98cc3f8c66abfc63abbd318d60e612853b45938e3975287ab86b9,data/raw/datasets/datasets/Notes/Quarter/q966.jpg,64,64,0.058349609375
data/processed/images/whole_note/004658.png,whole_note,39a870ef04b7364b9f0064ceb9837998c0676d3a43f36e98718e3ddf262aada0,data/raw/datasets/datasets/Notes/Whole/w696.jpg,64,64,0.120849609375
data/processed/images/whole_note/004293.png,whole_note,aafd129acc4efb5b1cf6bf959f8b3edaee3c7ac90963df40c9e9302ae5446368,data/raw/datasets/datasets/Notes/Whole/w367.jpg,64,64,0.05517578125
data/processed/images/sixteenth_note/003813.png,sixteenth_note,cec35f88f66f4a084570eee74940698e5c518746926800fd02ad5eab76fb5cce,data/raw/datasets/datasets/Notes/Sixteenth/s835.jpg,64,64,0.096923828125
data/processed/images/half_note/001620.png,half_note,1ec89c76f8e225da04953982e59585fd4edc301bfd733d7fbe89be3211ccc72f,data/raw/datasets/datasets/Notes/Half/h660.jpg,64,64,0.08349609375
data/processed/images/sixteenth_note/003663.png,sixteenth_note,b9a562be23f30d5c61c9ac889b0b5aa8b299101d383a0bbf6ce1beba246cd16b,data/raw/datasets/datasets/Notes/Sixteenth/s70.jpg,64,64,0.119384765625
data/processed/images/eighth_note/000287.png,eighth_note,fc2c6a88ce4592ee47de0d8854265b2b305d5c1774b8996b60ae6a297ddf9307,data/raw/datasets/datasets/Notes/Eight/e357.jpg,64,64,0.038818359375
data/processed/images/quarter_note/002975.png,quarter_note,76e25c2384f708773d94391695560109c52097a34a5075180b702898df86cb8a,data/raw/datasets/datasets/Notes/Quarter/q980.jpg,64,64,0.108642578125
data/processed/images/half_note/001756.png,half_note,591450b067ba1fd713237db2918d85bff5158b8e24f18de78d03fd8064b5ce67,data/raw/datasets/datasets/Notes/Half/h783.jpg,64,64,0.078125
data/processed/images/sixteenth_note/003988.png,sixteenth_note,d53d4fe334577dd0f6a7545ae546bb80cb796caa11ddfdeaaf71d01d982df620,data/raw/datasets/datasets/Notes/Sixteenth/s993.jpg,64,64,0.0703125
data/processed/images/half_note/001192.png,half_note,5bc2c49076b2c8e7f46c0ce41500a45933dc40318bdf9bee80a6f52767c30f2c,data/raw/datasets/datasets/Notes/Half/h275.jpg,64,64,0.063720703125
data/processed/images/half_note/001114.png,half_note,1d39cb98c91a71f9ceb3819497652a3befe1d3671298a119e152e58d3af905dd,data/raw/datasets/datasets/Notes/Half/h204.jpg,64,64,0.031982421875
data/processed/images/whole_note/004606.png,whole_note,49b63d4dda97bcfd08fca4f04d4695d666ba7a770041a5bc7548ef36b470ef7a,data/raw/datasets/datasets/Notes/Whole/w649.jpg,64,64,0.08056640625
data/processed/images/quarter_note/002868.png,quarter_note,2626b539348933ef0b987115600812ebd1b33704565a5b867478fefad0942ed6,data/raw/datasets/datasets/Notes/Quarter/q884.jpg,64,64,0.071533203125
data/processed/images/half_note/001428.png,half_note,640c3ce4cb601ad63c80c38bd0fc92ce10c6a902f2f0fd3bd3ef34f775d32789,data/raw/datasets/datasets/Notes/Half/h488.jpg,64,64,0.022216796875
data/processed/images/half_note/001014.png,half_note,87e11e90a5164f88b7e7a8cfa82c4061fd5047fe6dc23cd3c177f6c01b755553,data/raw/datasets/datasets/Notes/Half/h114.jpg,64,64,0.06494140625
data/processed/images/half_note/001188.png,half_note,eb3d152d6dd0a10a75ea5b7e2c9db35c05e7d9f940561f3be11797dbdcb8c899,data/raw/datasets/datasets/Notes/Half/h271.jpg,64,64,0.064697265625
data/processed/images/quarter_note/002101.png,quarter_note,6b50ba688653880ce4da161b26625bae36db1f1d39166106a35e7b3135b57702,data/raw/datasets/datasets/Notes/Quarter/q193.jpg,64,64,0.0576171875
data/processed/images/half_note/001901.png,half_note,55629e1d7178d3b889d85b48ad3980d82a45bb1613b088d69bb48606ab763f70,data/raw/datasets/datasets/Notes/Half/h913.jpg,64,64,0.01708984375
data/processed/images/sixteenth_note/003433.png,sixteenth_note,9a9060343c0531003ce0cecd06cc93b2140b8b9a7d87672f37b6e6a01c1c27fd,data/raw/datasets/datasets/Notes/Sixteenth/s492.jpg,64,64,0.050048828125
data/processed/images/whole_note/004262.png,whole_note,8e8035a5e067e19f7053683e17bee89636aa6339345c16493d9cf4ec63443a48,data/raw/datasets/datasets/Notes/Whole/w339.jpg,64,64,0.079345703125
data/processed/images/sixteenth_note/003907.png,sixteenth_note,519268e43ca59191760504e2e9fe64fea955542eddc354685f877ea54c2c5842,data/raw/datasets/datasets/Notes/Sixteenth/s92.jpg,64,64,0.081298828125
data/processed/images/quarter_note/002575.png,quarter_note,afd4b82a4189d74b02d26690c5916e2612d9e706ac0f2bc4293bf3b69e5d9eaa,data/raw/datasets/datasets/Notes/Quarter/q62.jpg,64,64,0.078125
data/processed/images/whole_note/004608.png,whole_note,6caa09a260093712c71a24c69a0105debd2b912d09fddffe1aa45acbd804b6b1,data/raw/datasets/datasets/Notes/Whole/w650.jpg,64,64,0.255859375
data/processed/images/half_note/001714.png,half_note,85f0921c98c4a16d1a6ff865fc60c74c14c16c092de0de88a89713a14348d83a,data/raw/datasets/datasets/Notes/Half/h745.jpg,64,64,0.078125
data/processed/images/whole_note/004742.png,whole_note,3761016619f19ac02575a64958eec61302a7541779f2681b5e019afe105e263b,data/raw/datasets/datasets/Notes/Whole/w771.jpg,64,64,0.392333984375
data/processed/images/eighth_note/000231.png,eighth_note,e003fcabb249d7504f9dc63c82abb6b26772f842e909201489f72a9e92a935c9,data/raw/datasets/datasets/Notes/Eight/e306.jpg,64,64,0.033447265625
data/processed/images/sixteenth_note/003059.png,sixteenth_note,ef0d91c5486e5c9b0aba1b621c574343a004d185fd39b896e343f9c724231dcd,data/raw/datasets/datasets/Notes/Sixteenth/s155.jpg,64,64,0.125244140625
data/processed/images/sixteenth_note/003763.png,sixteenth_note,87dcd5343cfb35d7eb7382355015f8316f0c26b2421bd2c8d44f4a0454522e87,data/raw/datasets/datasets/Notes/Sixteenth/s790.jpg,64,64,0.060302734375
data/processed/images/eighth_note/000290.png,eighth_note,f6dde78ecfdf5c4682922a6a8d72be5ccfada0194c297dba6b4455d0b8f14b07,data/raw/datasets/datasets/Notes/Eight/e36.jpg,64,64,0.06787109375
data/processed/images/sixteenth_note/003842.png,sixteenth_note,3bfc45e1e9f49348a0b5b0be21fbcb77f1eb8eddc8c7a6eff325b110dce6d21b,data/raw/datasets/datasets/Notes/Sixteenth/s861.jpg,64,64,0.108154296875
data/processed/images/half_note/001754.png,half_note,87f7b2270189b4807e20cd54fcb2672c455f04701c62a0251c65a75a6f8e312f,data/raw/datasets/datasets/Notes/Half/h781.jpg,64,64,0.053466796875
data/processed/images/whole_note/004073.png,whole_note,a0d3f01b664eb6a2ac2aa1e2f715c6b0cc749e3f3cff2db660040e07611ba8f8,data/raw/datasets/datasets/Notes/Whole/w169.jpg,64,64,0.1337890625
data/processed/images/half_note/001246.png,half_note,587fb808ba85b96996fd90a4a16dbad2a6cdb3963cde7acd0b6ea1176df4eb96,data/raw/datasets/datasets/Notes/Half/h323.jpg,64,64,0.064453125
data/processed/images/whole_note/004286.png,whole_note,fa973275f0d47c3073f39d9e2ad55192ce3c91df61bbb587d9bede1ed4acf3ae,data/raw/datasets/datasets/Notes/Whole/w360.jpg,64,64,0.105712890625
data/processed/images/quarter_note/002851.png,quarter_note,d624a185ad2ac658115f75a4b3a7a9386dde9dc490237f6d356635f356e96ddd,data/raw/datasets/datasets/Notes/Quarter/q869.jpg,64,64,0.044189453125
data/processed/images/eighth_note/000659.png,eighth_note,fc92a04479b7b2e9db2dad7561c078cc7e0ef95c6b559b8c2427253342f36362,data/raw/datasets/datasets/Notes/Eight/e692.jpg,64,64,0.066162109375
data/processed/images/half_note/001769.png,half_note,8c1878cd1569f03e13b8d0b71695ce9af5796fd6c2c42d761746c4e0772fb2e1,data/raw/datasets/datasets/Notes/Half/h795.jpg,64,64,0.0498046875
data/processed/images/eighth_note/000649.png,eighth_note,53cef186961807848562dbe6dcd09a6b7792fde3f866229aa1acbc3b6bfc1d75,data/raw/datasets/datasets/Notes/Eight/e683.jpg,64,64,0.05029296875
data/processed/images/whole_note/004846.png,whole_note,3377e8f38d2683bdde8304e5278fb799f409491ade1b36d13bb3cd36e83c5e06,data/raw/datasets/datasets/Notes/Whole/w865.jpg,64,64,0.10400390625
data/processed/images/eighth_note/000921.png,eighth_note,d434b0d4bc97b22f2c973d60104d280af7d9ce69f59764e0fa8fc50f060c8ca5,data/raw/datasets/datasets/Notes/Eight/e931.jpg,64,64,0.104248046875
data/processed/images/sixteenth_note/003664.png,sixteenth_note,da4ce89d5345cdc6765ae6452e4e7b46142db91ee836535eb9b47055cee91726,data/raw/datasets/datasets/Notes/Sixteenth/s700.jpg,64,64,0.10498046875
data/processed/images/sixteenth_note/003052.png,sixteenth_note,2d08797fcbb6743469249638bfb3bc44123a61b7a22ebb04aff145a9286ecf4b,data/raw/datasets/datasets/Notes/Sixteenth/s149.jpg,64,64,0.0771484375
data/processed/images/sixteenth_note/003074.png,sixteenth_note,4a43cfeaa381e4ed3e0b42070cd52135be96531f8cf95fcfb4c67d2637ae2f33,data/raw/datasets/datasets/Notes/Sixteenth/s169.jpg,64,64,0.0498046875
data/processed/images/eighth_note/000737.png,eighth_note,7b076917d7e25c340683fe3a019a1d30fd6d7a866263c98699c2ce57a865c0de,data/raw/datasets/datasets/Notes/Eight/e765.jpg,64,64,0.157470703125
data/processed/images/sixteenth_note/003561.png,sixteenth_note,e4ae8fd4a5745f56cf450ee17bc78f333eefc2860181f42d21dfa15a1ad95a16,data/raw/datasets/datasets/Notes/Sixteenth/s607.jpg,64,64,0.143310546875
data/processed/images/half_note/001137.png,half_note,848d13be5f04888294cfeeb05395cd9a6bc413f1af36a5226e519eac1950c434,data/raw/datasets/datasets/Notes/Half/h225.jpg,64,64,0.04736328125
data/processed/images/whole_note/004208.png,whole_note,740cf5af1392b9d2c9e123bee83bc2802520d7904a034bca78025ed131aa9de9,data/raw/datasets/datasets/Notes/Whole/w290.jpg,64,64,0.212158203125
data/processed/images/whole_note/004158.png,whole_note,5b070e2b0a3c8d75750ca687772a5f8d52a894ffe15a76f0ccbdeae1bd7bd2ba,data/raw/datasets/datasets/Notes/Whole/w245.jpg,64,64,0.080810546875
data/processed/images/sixteenth_note/003304.png,sixteenth_note,db043a443481c711ec8230f136b4602ac92c2e996048c81845e84d1f485db2af,data/raw/datasets/datasets/Notes/Sixteenth/s376.jpg,64,64,0.041259765625
data/processed/images/eighth_note/000167.png,eighth_note,d2191b6031e6c351eccefd6f9efcc8d92906fcfef6a2c00fa282ad4941be1343,data/raw/datasets/datasets/Notes/Eight/e249.jpg,64,64,0.0185546875
data/processed/images/eighth_note/000271.png,eighth_note,af64e5a4203dea7710af242b10267e9de29650c3b4e0f53d25ccbdec0b82ba13,data/raw/datasets/datasets/Notes/Eight/e342.jpg,64,64,0.08203125
data/processed/images/half_note/001456.png,half_note,889e91b61fd793cffd1f428ea264b30786dc0370d31df7ef07ac60fc2fe7d10c,data/raw/datasets/datasets/Notes/Half/h512.jpg,64,64,0.032958984375
data/processed/images/sixteenth_note/003469.png,sixteenth_note,e820ab3fc4fee338f04f3bf11d8e257a6aff281449184d25b1f26b6e8a7384f7,data/raw/datasets/datasets/Notes/Sixteenth/s524.jpg,64,64,0.135498046875
data/processed/images/eighth_note/000567.png,eighth_note,6d29d6923f37e953117706e7b21493c94f86fca416f7b77406715eecf3086f73,data/raw/datasets/datasets/Notes/Eight/e609.jpg,64,64,0.18505859375
data/processed/images/sixteenth_note/003582.png,sixteenth_note,7563a8a009802dd035b0f4403203eb73a7d8bdfcd3094a0e7457f549a4340321,data/raw/datasets/datasets/Notes/Sixteenth/s626.jpg,64,64,0.177001953125
data/processed/images/sixteenth_note/003187.png,sixteenth_note,c626770cf7819fc25504ce1e719b38977e609c4d1ac2754f71b2ce85e8afbbdd,data/raw/datasets/datasets/Notes/Sixteenth/s270.jpg,64,64,0.058349609375
data/processed/images/eighth_note/000163.png,eighth_note,08f8501f8d9fab89255440239b5e1803b60ed68c6cd4aa90455c4d4193823439,data/raw/datasets/datasets/Notes/Eight/e245.jpg,64,64,0.032958984375
data/processed/images/sixteenth_note/003926.png,sixteenth_note,d4cbc2bebba149245197e2be5a15a26cd23693aa7472a1db0845e555a06ba332,data/raw/datasets/datasets/Notes/Sixteenth/s937.jpg,64,64,0.0908203125
data/processed/images/eighth_note/000691.png,eighth_note,58ce2457a8f34d4d872b51aed2ba184d93fcdab62b75bcd0a017bac5ca5e25ff,data/raw/datasets/datasets/Notes/Eight/e720.jpg,64,64,0.179931640625
data/processed/images/eighth_note/000000.png,eighth_note,5220a0b601fefc3232c7c01f881cdc7f1dc611d26672cff5990c12b624b10055,data/raw/datasets/datasets/Notes/Eight/e1.jpg,64,64,0.057373046875
data/processed/images/half_note/001729.png,half_note,b88eaa5f91160068a5d1c5cf77bed62b921f530547786fc72c4d1dffd94fab58,data/raw/datasets/datasets/Notes/Half/h759.jpg,64,64,0.039794921875
data/processed/images/half_note/001730.png,half_note,2f892f7207ee1ca09e98602f3982d33d19d8e2c7303d79ca7b32595db26ad832,data/raw/datasets/datasets/Notes/Half/h76.jpg,64,64,0.053466796875
data/processed/images/half_note/001921.png,half_note,48c1223ab4c7f5b622361319cf025a0d08d76e4ec960b1237207c5dc13383166,data/raw/datasets/datasets/Notes/Half/h931.jpg,64,64,0.01953125
data/processed/images/whole_note/004643.png,whole_note,c41230e2bf04a08e3a5bea0b70b208a6b30abb51af1fed700a35571f5b51f1a5,data/raw/datasets/datasets/Notes/Whole/w682.jpg,64,64,0.12158203125
data/processed/images/whole_note/004562.png,whole_note,28791643d2ca8126fd861ffb81c3b891f08628c891ff7468a6dc26611ebd6d82,data/raw/datasets/datasets/Notes/Whole/w609.jpg,64,64,0.08447265625
data/processed/images/sixteenth_note/003736.png,sixteenth_note,834da95d7a4d652624a5f3f930ee52bf3a062a0cd9902dc729bcb58b37297e5d,data/raw/datasets/datasets/Notes/Sixteenth/s766.jpg,64,64,0.078857421875
data/processed/images/half_note/001412.png,half_note,25ab6c90e4590a0bb4fdb98257b119974857307d15cd996a4cd500a051f31a3d,data/raw/datasets/datasets/Notes/Half/h473.jpg,64,64,0.071533203125
data/processed/images/sixteenth_note/003080.png,sixteenth_note,6394b15c8eb895fd88472f5ff91649f02dd3db130c8529f056d459b5b52fb127,data/raw/datasets/datasets/Notes/Sixteenth/s174.jpg,64,64,0.051513671875
data/processed/images/sixteenth_note/003009.png,sixteenth_note,19fc7be4ad7c6c8332b3819320d0e414313427a78ed20e31ceb9739c59154ff6,data/raw/datasets/datasets/Notes/Sixteenth/s11.jpg,64,64,0.089111328125
data/processed/images/quarter_note/002220.png,quarter_note,ffa8ae41c098286bab2ecd708962d431a90d8eeb82b36dfa34a2bc81647af6d9,data/raw/datasets/datasets/Notes/Quarter/q30.jpg,64,64,0.045166015625
data/processed/images/whole_note/004196.png,whole_note,d7194d08e3f8b1320a478287b50659c719c785b889d1ad97af7d5896213261f1,data/raw/datasets/datasets/Notes/Whole/w28.jpg,64,64,0.364501953125
data/processed/images/quarter_note/002396.png,quarter_note,939ad547479245a02b80ed14332e09403e6930b5b63c4247ae70803ec8b33c0c,data/raw/datasets/datasets/Notes/Quarter/q459.jpg,64,64,0.0224609375
data/processed/images/sixteenth_note/003362.png,sixteenth_note,03f74ee7ed2fd9bb4c462aa4580e64cdd382cdcfae8d8fc4fa573ab46ab6ed36,data/raw/datasets/datasets/Notes/Sixteenth/s428.jpg,64,64,0.124267578125
data/processed/images/eighth_note/000752.png,eighth_note,09b79ed9b40d981d5e311620a84cf916c13ccc28fc1baed8155d2cee613c3c97,data/raw/datasets/datasets/Notes/Eight/e78.jpg,64,64,0.043701171875
data/processed/images/whole_note/004212.png,whole_note,94a795bc658d3cdebfcf2ca53ec75f0e3a9a62def66b5b733d209da0a8f56563,data/raw/datasets/datasets/Notes/Whole/w294.jpg,64,64,0.115966796875
data/processed/images/quarter_note/002438.png,quarter_note,2a1344fdbc1f9265a0572d87014bc29568aae2a7a08b492ed98b161b01281d75,data/raw/datasets/datasets/Notes/Quarter/q497.jpg,64,64,0.046630859375
data/processed/images/half_note/001395.png,half_note,d5ec47ca821254f937f29faf8e788c085278179d70fe17b87caea9ec9c9d1c7d,data/raw/datasets/datasets/Notes/Half/h458.jpg,64,64,0.032470703125
data/processed/images/half_note/001483.png,half_note,7ab5263c39037f664c2b90ca0f20bc51b263dcd48f2ddc333857b28c04233e84,data/raw/datasets/datasets/Notes/Half/h537.jpg,64,64,0.039794921875
data/processed/images/whole_note/004471.png,whole_note,0643d22267d803d19317b031614551dde1960e7ecfc91d95e29086d0a34e53fb,data/raw/datasets/datasets/Notes/Whole/w527.jpg,64,64,0.03564453125
data/processed/images/sixteenth_note/003634.png,sixteenth_note,b72ffcbee8a2f3e0057a138cac7817bf96ddbc9e4f7616aac686626ff1503ded,data/raw/datasets/datasets/Notes/Sixteenth/s673.jpg,64,64,0.199951171875
data/processed/images/half_note/001935.png,half_note,c728a274ab0523c245d9dee93f532ba4549a30e2708685f57504ac66d663dd04,data/raw/datasets/datasets/Notes/Half/h944.jpg,64,64,0.024169921875
data/processed/images/sixteenth_note/003484.png,sixteenth_note,c08c366a4e94f016c923cba2414ae010f58930f076c7a43b1049dcf5bd03ba7f,data/raw/datasets/datasets/Notes/Sixteenth/s538.jpg,64,64,0.07177734375
data/processed/images/quarter_note/002382.png,quarter_note,226435cd626e25b26cf3affb4adf471bd5315fe2c2cf6731b690501a0d4c6f82,data/raw/datasets/datasets/Notes/Quarter/q446.jpg,64,64,0.02685546875
data/processed/images/half_note/001030.png,half_note,04b7a91a30e8d7bc4ea8222a2e727db42cb2a8f58a4cd6d6b4c308c6308be000,data/raw/datasets/datasets/Notes/Half/h129.jpg,64,64,0.05419921875
data/processed/images/whole_note/004966.png,whole_note,e248077409460195bc2e5de79e4a30c3944ee32ee7d35f40ca22d131303ec743,data/raw/datasets/datasets/Notes/Whole/w973.jpg,64,64,0.050048828125
data/processed/images/sixteenth_note/003636.png,sixteenth_note,5e7ee5dc03958f916923108c8644acc8dd9d1c39c3080086e1f3645470646798,data/raw/datasets/datasets/Notes/Sixteenth/s675.jpg,64,64,0.1533203125
data/processed/images/whole_note/004533.png,whole_note,4105b7132ac6d6abcdf03148efe5c3f4cd3a95c078b8436baf961adf31ee4931,data/raw/datasets/datasets/Notes/Whole/w583.jpg,64,64,0.079833984375
data/processed/images/whole_note/004850.png,whole_note,c53436f5b561d8906e3e6f374750e0c9d550550e2ee7f6cc56ee08adf6ca55e0,data/raw/datasets/datasets/Notes/Whole/w869.jpg,64,64,0.16162109375
data/processed/images/eighth_note/000685.png,eighth_note,b3a1ab5f650cb1b4e2418ee12b96b1c219779d481c1270fdd13cb1da2497b19d,data/raw/datasets/datasets/Notes/Eight/e715.jpg,64,64,0.059326171875
data/processed/images/half_note/001340.png,half_note,dbe82a1a52cd0bcc5f21b9eec3876b0fc1249e1530f359f0ea6b2277d639fc23,data/raw/datasets/datasets/Notes/Half/h408.jpg,64,64,0.063720703125
data/processed/images/quarter_note/002721.png,quarter_note,362bd7d3bd837643319f0ffc72ec17fef8b0a1ab19320b0fb4f60cbf38137942,data/raw/datasets/datasets/Notes/Quarter/q751.jpg,64,64,0.024658203125
data/processed/images/sixteenth_note/003602.png,sixteenth_note,ac0b9ebcc8173914460fb77cbca774ac3769fa8284252d285e283106ebcac304,data/raw/datasets/datasets/Notes/Sixteenth/s644.jpg,64,64,0.09423828125
data/processed/images/quarter_note/002302.png,quarter_note,8e5e6fd5155296baaf7f0721574c7151cda68aca1ff36a97f6c8dc8aca7d24db,data/raw/datasets/datasets/Notes/Quarter/q374.jpg,64,64,0.10107421875
data/processed/images/quarter_note/002590.png,quarter_note,265831535ff62186824b7677014f333c532feaf5a73240b3a183e36908fb5170,data/raw/datasets/datasets/Notes/Quarter/q633.jpg,64,64,0.093017578125
data/processed/images/half_note/001959.png,half_note,eac7a6b22d223698aba01ddb8470dd55859ed28563b2c13a5f44e0518d9d06d0,data/raw/datasets/datasets/Notes/Half/h966.jpg,64,64,0.025634765625
data/processed/images/half_note/001444.png,half_note,53906bc1ba75d3e5ca395508ffb800b750c5daf8ecd4405d5be8416c7896247d,data/raw/datasets/datasets/Notes/Half/h501.jpg,64,64,0.017822265625
data/processed/images/half_note/001089.png,half_note,4bd8760e80434b8e25b1e7c3162b50240ff61cedc860b2ada7aba144fa29ce2c,data/raw/datasets/datasets/Notes/Half/h182.jpg,64,64,0.0283203125
data/processed/images/whole_note/004496.png,whole_note,282d4a5fd2da80b5a21673b5570dd38c38fdb3679329db76efc7614eaf9862f9,data/raw/datasets/datasets/Notes/Whole/w55.jpg,64,64,0.26025390625
data/processed/images/quarter_note/002365.png,quarter_note,7627f58c9e2f0c6b113d4b5b6f00d576fbdb55ac4e4db722600ad3195666d68c,data/raw/datasets/datasets/Notes/Quarter/q430.jpg,64,64,0.104248046875
data/processed/images/sixteenth_note/003821.png,sixteenth_note,6ab4047fa3ce865fe444e3408feefc4ffd9efe25127c2ac48a75040f6ef3f8db,data/raw/datasets/datasets/Notes/Sixteenth/s842.jpg,64,64,0.1845703125
data/processed/images/half_note/001687.png,half_note,4d76d9f3ce53225d2956160b8be5e68519c7c67720344d01039e239e1a967a7d,data/raw/datasets/datasets/Notes/Half/h720.jpg,64,64,0.0888671875
data/processed/images/whole_note/004714.png,whole_note,278d3267f4977b3d0001e7399c23b716e8dadae2421483fd6ca3c25c2898238d,data/raw/datasets/datasets/Notes/Whole/w746.jpg,64,64,0.21728515625
data/processed/images/eighth_note/000438.png,eighth_note,a6862e0334aec969c5564c01ec71b7fa12ae1df899bcaf5013061fd74a2254d5,data/raw/datasets/datasets/Notes/Eight/e493.jpg,64,64,0.10546875
data/processed/images/sixteenth_note/003395.png,sixteenth_note,74333c6b89a362c41828cd370821700ce235f2772286de4258ea42aea785d70b,data/raw/datasets/datasets/Notes/Sixteenth/s458.jpg,64,64,0.113037109375
data/processed/images/eighth_note/000236.png,eighth_note,0060fa98be727e9d124f7535bf62b0c9b655bebf5e6c9e5abc38a5bf19faa237,data/raw/datasets/datasets/Notes/Eight/e310.jpg,64,64,0.041748046875
data/processed/images/eighth_note/000255.png,eighth_note,8f445bef6fa30d8b5edeef861e10e49b4294a135a53ce723d763f84ac50d4bc2,data/raw/datasets/datasets/Notes/Eight/e328.jpg,64,64,0.06640625
data/processed/images/sixteenth_note/003331.png,sixteenth_note,f8af591e91864d08eeab63a1d475bc4cbabc8364719bab16e3ea0ec563f48675,data/raw/datasets/datasets/Notes/Sixteenth/s40.jpg,64,64,0.281005859375
data/processed/images/quarter_note/002309.png,quarter_note,54f627b16b45deb2b3a56a4de6314db08347846169276173fc67d52179e8808d,data/raw/datasets/datasets/Notes/Quarter/q380.jpg,64,64,0.053955078125
data/processed/images/half_note/001671.png,half_note,8375d67f5d1b32bc9aa86cce8657bc6d700c1b294937f8d060a2a7b9884031d6,data/raw/datasets/datasets/Notes/Half/h706.jpg,64,64,0.037109375
data/processed/images/eighth_note/000894.png,eighth_note,c1677fd2034e509b9afc73815828f63186beb305e83610d6be03311ee3735f89,data/raw/datasets/datasets/Notes/Eight/e907.jpg,64,64,0.16650390625
data/processed/images/sixteenth_note/003962.png,sixteenth_note,b93feed36278f6bd23976f7a9ce90d74af89dada0904545649c6d333c1f0d4f6,data/raw/datasets/datasets/Notes/Sixteenth/s97.jpg,64,64,0.075439453125
data/processed/images/eighth_note/000693.png,eighth_note,0bbe12928c18563d9756e7e181d2805679214ef2bddce7a28d97fd50c1e647d2,data/raw/datasets/datasets/Notes/Eight/e722.jpg,64,64,0.139404296875
data/processed/images/half_note/001263.png,half_note,3a1c0edb05ee2ffbe2370155036f855650086ddeba7b089d62cfe97fd2189fda,data/raw/datasets/datasets/Notes/Half/h339.jpg,64,64,0.03857421875
data/processed/images/quarter_note/002799.png,quarter_note,a9b7db2b1dad2e647e1da703f2344ec3abacf2f69f5b9a4e5bebcd401bebe193,data/raw/datasets/datasets/Notes/Quarter/q821.jpg,64,64,0.058349609375
data/processed/images/half_note/001380.png,half_note,4ad41b2e487a5efebdcdccc1421599a9c1870bd041a18a2dad26574c1e5d0392,data/raw/datasets/datasets/Notes/Half/h444.jpg,64,64,0.05224609375
data/processed/images/eighth_note/000218.png,eighth_note,d54635a748518dd8ebb3ace8b398740fea838e653d30604e26db2ba0c53a25b7,data/raw/datasets/datasets/Notes/Eight/e295.jpg,64,64,0.047119140625
data/processed/images/half_note/001429.png,half_note,7627f4e6717edf4cfa1a6e39546fec3c0884fa5a22f7a4b6e1d634c05ae5b008,data/raw/datasets/datasets/Notes/Half/h489.jpg,64,64,0.026611328125
data/processed/images/whole_note/004596.png,whole_note,becc83b54ad09a1245ea590a2ee314d95c09c87b2e97f646a92cf4e2cb192b23,data/raw/datasets/datasets/Notes/Whole/w64.jpg,64,64,0.10791015625
data/processed/images/quarter_note/002022.png,quarter_note,bcaee8618be4a392229b02bd702232a7322aa7c05023928661837e05673c923f,data/raw/datasets/datasets/Notes/Quarter/q121.jpg,64,64,0.156982421875
data/processed/images/whole_note/004571.png,whole_note,451691f462b3391ccb5390d048e21d67688c18c66f52fa6cc188b2a5b68cd441,data/raw/datasets/datasets/Notes/Whole/w617.jpg,64,64,0.068603515625
data/processed/images/sixteenth_note/003625.png,sixteenth_note,2d61cf82f41f593e5eed7941e7c080e14aa1bf91a3c948ee202c450b966740f2,data/raw/datasets/datasets/Notes/Sixteenth/s665.jpg,64,64,0.103271484375
data/processed/images/eighth_note/000911.png,eighth_note,f23ac8c99d6604d4dbc9942e0a67860f553f68c1c8451d39a978b9543a416b30,data/raw/datasets/datasets/Notes/Eight/e922.jpg,64,64,0.098388671875
data/processed/images/eighth_note/000272.png,eighth_note,637d0b9c7ece9f97df911f1184c79cf3267ce7f2cf2dc1f39d8a44dfbc5f01b7,data/raw/datasets/datasets/Notes/Eight/e343.jpg,64,64,0.047607421875
data/processed/images/whole_note/004875.png,whole_note,7ea1499f0e5e65e587c60917618ba8c31ac35863d55c88eddc5851d33938d0c6,data/raw/datasets/datasets/Notes/Whole/w891.jpg,64,64,0.12744140625
data/processed/images/whole_note/004104.png,whole_note,a0c4557c066442d2ba5df880ce7aff41842104044403916c497ef365bd6034a7,data/raw/datasets/datasets/Notes/Whole/w197.jpg,64,64,0.17236328125
data/processed/images/quarter_note/002369.png,quarter_note,f488eb3b50414f7e94bdd42baa73d608e29557e0a25129792a4abcfdfed1124c,data/raw/datasets/datasets/Notes/Quarter/q434.jpg,64,64,0.03271484375
data/processed/images/quarter_note/002850.png,quarter_note,117fdeba78f143add9ee7b4828045b50adfcb09a6259ee5646b8a2304cc51409,data/raw/datasets/datasets/Notes/Quarter/q868.jpg,64,64,0.031005859375
data/processed/images/half_note/001234.png,half_note,006ecbd8858b749357c664716b3dd01d5e9f136e63513055d3d0245103249e82,data/raw/datasets/datasets/Notes/Half/h312.jpg,64,64,0.0322265625
data/processed/images/eighth_note/000751.png,eighth_note,11ec13ea6327579d9e491e757a1a6ae958dd69cd8d90b1eb3e33861c90c1d444,data/raw/datasets/datasets/Notes/Eight/e779.jpg,64,64,0.291015625
data/processed/images/quarter_note/002304.png,quarter_note,526f4bd18ac6bfb677cd78000d48dbf068d218e0f36452b197de730fef24f5cb,data/raw/datasets/datasets/Notes/Quarter/q376.jpg,64,64,0.067138671875
data/processed/images/sixteenth_note/003722.png,sixteenth_note,2d01daab53d85883522564410ef6f4e3676e59f18962fb952f2662c6ae37b253,data/raw/datasets/datasets/Notes/Sixteenth/s753.jpg,64,64,0.0439453125
data/processed/images/whole_note/004706.png,whole_note,3f3c9c36fbd7cf32a5ada5e983cba3755e377f29eb9937e7f20d07b38b3e68cc,data/raw/datasets/datasets/Notes/Whole/w739.jpg,64,64,0.119873046875
data/processed/images/sixteenth_note/003464.png,sixteenth_note,d37e17c2eb32b913e686585902820f5c137832242de7a7eaeadbbf88355a537e,data/raw/datasets/datasets/Notes/Sixteenth/s52.jpg,64,64,0.25732421875
data/processed/images/half_note/001301.png,half_note,087fa982f7f973fe90a73ac4f0965b3ae6488d080479fa6e07b9e4fe3366e68d,data/raw/datasets/datasets/Notes/Half/h373.jpg,64,64,0.03759765625
data/processed/images/eighth_note/000190.png,eighth_note,25278f0a62c369c67fbc987146c3f321cfc7337fe645c863c89777dc8b37a97c,data/raw/datasets/datasets/Notes/Eight/e27.jpg,64,64,0.060791015625
data/processed/images/eighth_note/000208.png,eighth_note,fc9b2b1ddb398b87519c2e92dbc6c995254e749f7604f5e5c0f41677cafc6c3a,data/raw/datasets/datasets/Notes/Eight/e286.jpg,64,64,0.041259765625
data/processed/images/quarter_note/002119.png,quarter_note,75ac3e560a79aee6c4676dd09207d1f0a40bda2bfa5e46eb5144cf9daa10aaa1,data/raw/datasets/datasets/Notes/Quarter/q209.jpg,64,64,0.055908203125
data/processed/images/whole_note/004027.png,whole_note,b244b9f0e75459012ba2a9a1ad31e5fd21cc2587eef7ddcc0dddab23998c0f85,data/raw/datasets/datasets/Notes/Whole/w127.jpg,64,64,0.18701171875
data/processed/images/sixteenth_note/003149.png,sixteenth_note,fb4d60a319b6bbb975bdc4c4ac15a86e93a3e361de0d89f6d0bd2641e1b74d7f,data/raw/datasets/datasets/Notes/Sixteenth/s236.jpg,64,64,0.0498046875
data/processed/images/quarter_note/002653.png,quarter_note,77dae4551e746d60f1f6efc9d6df37ebb65c4abdea0af539d05f5ab85a4a0e01,data/raw/datasets/datasets/Notes/Quarter/q690.jpg,64,64,0.05859375
data/processed/images/eighth_note/000453.png,eighth_note,4900bad58098cd30ea7866fb3a05582b07c083f252bb19e61c4052fe37dc8a9b,data/raw/datasets/datasets/Notes/Eight/e506.jpg,64,64,0.059814453125
data/processed/images/eighth_note/000424.png,eighth_note,7afd8a48a3c5323c8edc02784a53e3709bebc769537f0674326ce8540e262325,data/raw/datasets/datasets/Notes/Eight/e480.jpg,64,64,0.036865234375
data/processed/images/eighth_note/000393.png,eighth_note,c1cef997ea52c756e31b91c21d5180cf698c8036e4da189ffed3b694e57ef8fa,data/raw/datasets/datasets/Notes/Eight/e452.jpg,64,64,0.052734375
data/processed/images/eighth_note/000938.png,eighth_note,258400cd45e701c6c49273285756895140fb502ef0c99503e00743fbfc807f08,data/raw/datasets/datasets/Notes/Eight/e947.jpg,64,64,0.12158203125
data/processed/images/eighth_note/000827.png,eighth_note,125ff45ce6df08270fc7198a1d6c2f652b87ee9f76a7b5238cadaca3affa4e66,data/raw/datasets/datasets/Notes/Eight/e847.jpg,64,64,0.09716796875
data/processed/images/eighth_note/000800.png,eighth_note,dbb13d04e7b692e38fedd13dade185649e71660ca0c0ecc16cac0bcda17497a3,data/raw/datasets/datasets/Notes/Eight/e822.jpg,64,64,0.12744140625
data/processed/images/half_note/001862.png,half_note,04b281902e70fee8671f4ac398e52b244ca97e597e980f6d005d9fa8d39f84d4,data/raw/datasets/datasets/Notes/Half/h879.jpg,64,64,0.0234375
data/processed/images/quarter_note/002077.png,quarter_note,d8f44ac9f4bf216fc6a9d91816e1d5839e1e666f2310c38c940e6e04cbb98630,data/raw/datasets/datasets/Notes/Quarter/q171.jpg,64,64,0.033935546875
data/processed/images/eighth_note/000732.png,eighth_note,7f14a410618dd315edc714004ffb9e4bcf5db71b9f2571e0d8c07f48872b509b,data/raw/datasets/datasets/Notes/Eight/e76.jpg,64,64,0.080810546875
data/processed/images/quarter_note/002770.png,quarter_note,35dfc9db94de15658ea151835520fad9abbe07487a06f3570256477e40753daf,data/raw/datasets/datasets/Notes/Quarter/q796.jpg,64,64,0.055908203125
data/processed/images/eighth_note/000258.png,eighth_note,ddfeb30e551ae96fe894331ce5e29a61223f7f375fdb52c8bce7967d563bbe35,data/raw/datasets/datasets/Notes/Eight/e330.jpg,64,64,0.03857421875
data/processed/images/eighth_note/000074.png,eighth_note,8e4a8dff82c5386bcae292de5b56d02d1fae54003af3e8b49a4ce80a01dee2ba,data/raw/datasets/datasets/Notes/Eight/e165.jpg,64,64,0.063720703125
data/processed/images/half_note/001949.png,half_note,439d1930e223ae00d526dfacc799c4b67cc51a7522ff8b6d8144b668a2a9c7a3,data/raw/datasets/datasets/Notes/Half/h957.jpg,64,64,0.058349609375
data/processed/images/eighth_note/000137.png,eighth_note,e1c128ab057472863b5153c6acf3e5530a7efbccd6b8ea4950287c18794874ec,data/raw/datasets/datasets/Notes/Eight/e221.jpg,64,64,0.046875
data/processed/images/half_note/001245.png,half_note,96d0f23810228ffd05c949076cb99811183fcf56a218c75f90e565b9f8365aeb,data/raw/datasets/datasets/Notes/Half/h322.jpg,64,64,0.0341796875
data/processed/images/quarter_note/002820.png,quarter_note,e7fa0f669b5f9f8bd1d28420dcbeb00f97aec1442450a2b008df738cf6bd5e14,data/raw/datasets/datasets/Notes/Quarter/q840.jpg,64,64,0.02392578125
data/processed/images/quarter_note/002733.png,quarter_note,edc5e55b51191f73012af6b51b76b63819e1a06a3431569f3da9bd2c67544c24,data/raw/datasets/datasets/Notes/Quarter/q762.jpg,64,64,0.023193359375
data/processed/images/whole_note/004526.png,whole_note,7586ed68472214537915b3e33605efc62a031047e2c2c70ca5f509f11f31a5ea,data/raw/datasets/datasets/Notes/Whole/w577.jpg,64,64,0.095947265625
data/processed/images/whole_note/004258.png,whole_note,8935b7791a979e4972be1eb6aae2853c1e4c4ce3d8c3268db1607c5f2c29d5ef,data/raw/datasets/datasets/Notes/Whole/w335.jpg,64,64,0.234619140625
data/processed/images/quarter_note/002681.png,quarter_note,0d64ea4470b776755191c0059616ae714674b868010a1cb7d94cdc7ceed6196d,data/raw/datasets/datasets/Notes/Quarter/q715.jpg,64,64,0.0537109375
data/processed/images/whole_note/004390.png,whole_note,aa3823ba86d93e2f1a9756b1f6e7645bd17155e49985b8c3b146a52b7e17e79a,data/raw/datasets/datasets/Notes/Whole/w454.jpg,64,64,0.0556640625
data/processed/images/sixteenth_note/003773.png,sixteenth_note,fbd2d526fa5792ff56e500b1eeb6bde5a6f88e5b4d46aadbe194236f64fde145,data/raw/datasets/datasets/Notes/Sixteenth/s8.jpg,64,64,0.0986328125
data/processed/images/whole_note/004230.png,whole_note,345f27ac7745a5b5e2af3b1804337e927a814bd89cdae012273ff4eb9b17cd02,data/raw/datasets/datasets/Notes/Whole/w31.jpg,64,64,0.15771484375
data/processed/images/eighth_note/000408.png,eighth_note,528453e3c037754f8539946bdb94c28314a11db38454f654842e332b31126135,data/raw/datasets/datasets/Notes/Eight/e466.jpg,64,64,0.054931640625
data/processed/images/half_note/001609.png,half_note,e5735561c6b5c2946882026ed1eac66e157aa1878c466b711a694cafe55ee9ad,data/raw/datasets/datasets/Notes/Half/h650.jpg,64,64,0.051513671875
data/processed/images/eighth_note/000023.png,eighth_note,89adfba8d3eb5941eebc39cc3e6238ed4af93c45fb7cbab668dc24956802684d,data/raw/datasets/datasets/Notes/Eight/e119.jpg,64,64,0.105224609375
data/processed/images/whole_note/003998.png,whole_note,0e245f88c383983875ff6b7998e98be1ed9fd232e90e658356da95d74710ba24,data/raw/datasets/datasets/Notes/Whole/w1000.jpg,64,64,0.05224609375
data/processed/images/half_note/001144.png,half_note,7727e65bcaef44721cd2f6182e7fe6689363768ec5426b39f74a6bb095dabb72,data/raw/datasets/datasets/Notes/Half/h231.jpg,64,64,0.071533203125
data/processed/images/sixteenth_note/003229.png,sixteenth_note,21913eef2dc9440f77a70ae5a94712a4b0b4d35eda7bbcaf284c08010a91248a,data/raw/datasets/datasets/Notes/Sixteenth/s308.jpg,64,64,0.105224609375
data/processed/images/sixteenth_note/003536.png,sixteenth_note,a428b3577abf7f8a1a4ced6e132b51383b32a46af4cb5a7b794a2d3075c3426b,data/raw/datasets/datasets/Notes/Sixteenth/s585.jpg,64,64,0.077880859375
data/processed/images/whole_note/004016.png,whole_note,5570f6bab71f9249decef4bab5dbbb5e1f4a1f955e337ad0c8267ed1f765bd40,data/raw/datasets/datasets/Notes/Whole/w117.jpg,64,64,0.155029296875
data/processed/images/half_note/001392.png,half_note,8c7b6995d0951c6caab02ff3089d6ec5613e82de5b2abdbb031a7a1ea6f839e4,data/raw/datasets/datasets/Notes/Half/h455.jpg,64,64,0.030029296875
data/processed/images/half_note/001331.png,half_note,1e8f9d09a1de52eb38953c039964557acbfeb4f0a7fbc01d1a8bf3fadaeb5430,data/raw/datasets/datasets/Notes/Half/h40.jpg,64,64,0.054931640625
data/processed/images/whole_note/004290.png,whole_note,99780d47dfa63df0243c09eed00c19d84eae54a1de22f27fb981f0632862336d,data/raw/datasets/datasets/Notes/Whole/w364.jpg,64,64,0.03271484375
data/processed/images/eighth_note/000352.png,eighth_note,e08007585a323fd1fe72b1bf0da9ac076bc9cc611ac62a563753e73d93250f67,data/raw/datasets/datasets/Notes/Eight/e415.jpg,64,64,0.047119140625
data/processed/images/quarter_note/002348.png,quarter_note,1f828d1a1f071d8a5a68e2e3d10f50078878160625dcf5d72e964e256d53ef78,data/raw/datasets/datasets/Notes/Quarter/q415.jpg,64,64,0.056640625
data/processed/images/half_note/001726.png,half_note,7393e311513552c8d55fc0bdf0e0b402e6c4e16a5760f0b8a4799ba1bdcfc1c9,data/raw/datasets/datasets/Notes/Half/h756.jpg,64,64,0.05908203125
data/processed/images/half_note/001175.png,half_note,e99a0fd7a5bf62d913320bdde30d0cdafd2a2d51f8c6bc04da806aa32022d081,data/raw/datasets/datasets/Notes/Half/h26.jpg,64,64,0.048828125
data/processed/images/half_note/001879.png,half_note,9149375e5d8b315b451bfd7cf6d677e3e6d5cb0720dd796ca874299bb547d0e0,data/raw/datasets/datasets/Notes/Half/h894.jpg,64,64,0.02685546875
data/processed/images/half_note/001847.png,half_note,dab4020c6c3f44343ad85b9dc533492cea6ab523801f1f2449bc73d5d0aec841,data/raw/datasets/datasets/Notes/Half/h865.jpg,64,64,0.02099609375
data/processed/images/eighth_note/000181.png,eighth_note,06eab253f7d787533ff5878deb03dc0f99a0362412531ff768aef3cf38013bb4,data/raw/datasets/datasets/Notes/Eight/e261.jpg,64,64,0.0322265625
data/processed/images/eighth_note/000550.png,eighth_note,37dccd1b37067cf9eb6e029090acb2f9dbaef053b6575fe2d2fd09234dca2857,data/raw/datasets/datasets/Notes/Eight/e594.jpg,64,64,0.105224609375
data/processed/images/eighth_note/000990.png,eighth_note,646c3973cb60fccc02ce7f78891be5c322c2be50202790049ed7e03a178f6d79,data/raw/datasets/datasets/Notes/Eight/e994.jpg,64,64,0.097900390625
data/processed/images/whole_note/004359.png,whole_note,351234d083bc0d0225ce2c7e1ff877d9579985a6be916506cf0a9a6adf507ece,data/raw/datasets/datasets/Notes/Whole/w426.jpg,64,64,0.029541015625
data/processed/images/quarter_note/002248.png,quarter_note,7214c3ccb50070c0e93d68fe48c4121af413238b0621620436c8333a3e081390,data/raw/datasets/datasets/Notes/Quarter/q325.jpg,64,64,0.07958984375
data/processed/images/whole_note/004834.png,whole_note,d7dc90746c530a3ea4c8377298eb59a5ba940fa1110b15d78029b8b014a0b6b5,data/raw/datasets/datasets/Notes/Whole/w854.jpg,64,64,0.33544921875
data/processed/images/sixteenth_note/003897.png,sixteenth_note,567eff157421959ef9624f675366ef0b13c826af12f45fe7c5e17806b0a7a016,data/raw/datasets/datasets/Notes/Sixteenth/s910.jpg,64,64,0.054931640625
data/processed/images/whole_note/004043.png,whole_note,64171510985f0f82290b2d9903fc4c23ad40eea22efd4c869f7ba1a7879b3098,data/raw/datasets/datasets/Notes/Whole/w141.jpg,64,64,0.140380859375
data/processed/images/half_note/001437.png,half_note,9eb9108d0cb47a93f161b25584aeffbc8531c0b85290304c463493434e93fa93,data/raw/datasets/datasets/Notes/Half/h496.jpg,64,64,0.051513671875
data/processed/images/sixteenth_note/003662.png,sixteenth_note,7f7de8072d0f37f5dfe1e49eb1b2805fdda6be9d2e65ac5cb0278131978ba39f,data/raw/datasets/datasets/Notes/Sixteenth/s7.jpg,64,64,0.2265625
data/processed/images/eighth_note/000941.png,eighth_note,cedba4a5b6e52d262f5a9bf0108881236a14be8499329a7732cccd7bef8fc620,data/raw/datasets/datasets/Notes/Eight/e95.jpg,64,64,0.05029296875
data/processed/images/sixteenth_note/003228.png,sixteenth_note,e1f81b2b268aefb6b31e4f356e8629a8098c4499a34a7c46c63fcb0c460a90a1,data/raw/datasets/datasets/Notes/Sixteenth/s307.jpg,64,64,0.140625
data/processed/images/quarter_note/002181.png,quarter_note,58985f33ee479b7d6bafb1099902d94386427f35bbf2f8182f5ab6de656ee4b7,data/raw/datasets/datasets/Notes/Quarter/q265.jpg,64,64,0.02392578125
data/processed/images/eighth_note/000572.png,eighth_note,af90b0c4c063e56e91391be79fe54474b730fc46ee52ef33d15f0d0c074594bd,data/raw/datasets/datasets/Notes/Eight/e613.jpg,64,64,0.137451171875
data/processed/images/sixteenth_note/003413.png,sixteenth_note,5909ca5a666965a32249c2f8ecd11a1efcc5084af8abaa496b39e1c62d2656d4,data/raw/datasets/datasets/Notes/Sixteenth/s474.jpg,64,64,0.188232421875
data/processed/images/half_note/001343.png,half_note,ee63a4e24d60a10c6e9e00cd83e3d78a9563c93867228f784c11327a36f5425d,data/raw/datasets/datasets/Notes/Half/h410.jpg,64,64,0.0400390625
data/processed/images/eighth_note/000318.png,eighth_note,0b8501c90da546477467f53f4aed3867186cc7dcc40b842aa61af18e78b99cdf,data/raw/datasets/datasets/Notes/Eight/e385.jpg,64,64,0.125
data/processed/images/eighth_note/000029.png,eighth_note,508dc04f4b2469cd6dc0392a51581c58c3dd11bfed0ad9702f187ed74d1f4b4a,data/raw/datasets/datasets/Notes/Eight/e124.jpg,64,64,0.033935546875
data/processed/images/quarter_note/002189.png,quarter_note,f42b863a151f39110490b16b9976a2101484754c9e5a9d992c271dd9024585b1,data/raw/datasets/datasets/Notes/Quarter/q272.jpg,64,64,0.027099609375
data/processed/images/whole_note/004319.png,whole_note,6f3e3f602ec82d4531461fe280d3c5b908afc74cda421ae5f55b467974566311,data/raw/datasets/datasets/Notes/Whole/w390.jpg,64,64,0.0244140625
data/processed/images/half_note/001088.png,half_note,49eb93526195abaa24afdde2f2a71cce964d959e172fc2f2fee568c3f6ee9914,data/raw/datasets/datasets/Notes/Half/h181.jpg,64,64,0.034912109375
data/processed/images/half_note/001634.png,half_note,147ee519b6fa71ffc805b61f64ec63fa0c541d3e86bc3ad3e2654b8ca3554d09,data/raw/datasets/datasets/Notes/Half/h673.jpg,64,64,0.082275390625
data/processed/images/quarter_note/002092.png,quarter_note,e7db4d39eebbb5736611f70eb5f6baa28336394c4e654de9c6f4a016ac452e2e,data/raw/datasets/datasets/Notes/Quarter/q185.jpg,64,64,0.0927734375
data/processed/images/quarter_note/002017.png,quarter_note,2813836fcfb73d9c355e5511e9ad1a6d21819adf39ef9737d325ab65ba2fcd08,data/raw/datasets/datasets/Notes/Quarter/q117.jpg,64,64,0.2138671875
data/processed/images/whole_note/004913.png,whole_note,5f0753adaa6bbbae1f79d5cfea5701b2e246ddbf7169ce075d9c02fad7383848,data/raw/datasets/datasets/Notes/Whole/w925.jpg,64,64,0.1240234375
data/processed/images/eighth_note/000801.png,eighth_note,78fc6ecac414199c42b78912084a19d435fac75f55f413e821c925103b6a5c40,data/raw/datasets/datasets/Notes/Eight/e823.jpg,64,64,0.0966796875
data/processed/images/half_note/001327.png,half_note,3c02d986746a712dd61f0cf445089ceac2cc6945e4814a3299071edf60944b92,data/raw/datasets/datasets/Notes/Half/h397.jpg,64,64,0.030517578125
data/processed/images/whole_note/004631.png,whole_note,e32d0275f9665ba82ef21e54c237e36e9a12fc403663f39d171b1813d0caa62a,data/raw/datasets/datasets/Notes/Whole/w671.jpg,64,64,0.147216796875
data/processed/images/half_note/001799.png,half_note,69bf6204a574dc2a1cc86206769ada1aa5891285bf935ba67d31f2ce39608b15,data/raw/datasets/datasets/Notes/Half/h821.jpg,64,64,0.038818359375
data/processed/images/sixteenth_note/003420.png,sixteenth_note,588a4bcf7417cc332e1fc7b16ad9e1fe2e8289bc3f104bdc546d5ff5b9ae64aa,data/raw/datasets/datasets/Notes/Sixteenth/s480.jpg,64,64,0.108642578125
data/processed/images/eighth_note/000211.png,eighth_note,e4d15f81a5e5bfd897c1888e5744bf3732c17a7c5197e17683c56d4a78eeeb6d,data/raw/datasets/datasets/Notes/Eight/e289.jpg,64,64,0.08349609375
data/processed/images/sixteenth_note/003852.png,sixteenth_note,2c452a677ff37b6a32d1d85256f0a1eb0f4f05af37286bfd857be14509ef786f,data/raw/datasets/datasets/Notes/Sixteenth/s870.jpg,64,64,0.093017578125
data/processed/images/eighth_note/000679.png,eighth_note,008e2f633d71af4cc2db59abdae44424758bbbd0e0fc8e962456a3d9d0920a8d,data/raw/datasets/datasets/Notes/Eight/e71.jpg,64,64,0.04833984375
data/processed/images/half_note/001784.png,half_note,fdda3ef6b55dc2695137382522368976d23769d54cf0157b7d2478029144bb36,data/raw/datasets/datasets/Notes/Half/h808.jpg,64,64,0.0341796875
data/processed/images/whole_note/004214.png,whole_note,978de67032ed0fedc591178d30b961ed8499a9199ec35f1d39b8f338b978390e,data/raw/datasets/datasets/Notes/Whole/w296.jpg,64,64,0.161376953125
data/processed/images/quarter_note/002385.png,quarter_note,d8387b707be1517fe283498da831bf343bdf667245c2f8eeadbf24224769c295,data/raw/datasets/datasets/Notes/Quarter/q449.jpg,64,64,0.040771484375
data/processed/images/quarter_note/002144.png,quarter_note,9627f13caa961eb9c5f22dce00e86d50a72e2969b8772c62c6015f43fa23554b,data/raw/datasets/datasets/Notes/Quarter/q231.jpg,64,64,0.024658203125
data/processed/images/whole_note/004920.png,whole_note,4c8b65fa3a34a289c99bac89289dc84921365274cb2cb212ac6666b2aa70e4a1,data/raw/datasets/datasets/Notes/Whole/w931.jpg,64,64,0.09814453125
data/processed/images/quarter_note/002435.png,quarter_note,f2103cb2c0e5fbd4330547ad3805b9eee4723129856d9febfb87e9e79b4d1a42,data/raw/datasets/datasets/Notes/Quarter/q494.jpg,64,64,0.043212890625
data/processed/images/whole_note/004524.png,whole_note,c0c61bdb08e33ce7dc847cc02350c3a719ef3f02d0074009207b6f2ad899cf54,data/raw/datasets/datasets/Notes/Whole/w575.jpg,64,64,0.03515625
data/processed/images/sixteenth_note/003204.png,sixteenth_note,3cbbf6a4098168819b833f8eae3cbf1c7f26d92be56d295f7720dfdbe3700dc1,data/raw/datasets/datasets/Notes/Sixteenth/s286.jpg,64,64,0.09521484375
data/processed/images/whole_note/004521.png,whole_note,fc10f822a7243b092e95f387a94939aef6b092bf465c2e9b325384c89bf437c0,data/raw/datasets/datasets/Notes/Whole/w572.jpg,64,64,0.036865234375
data/processed/images/eighth_note/000655.png,eighth_note,fdd0c5d6e2d6fd72e310ecb3e53b20e66599a994f7d0cec3a59b9336c97dff8d,data/raw/datasets/datasets/Notes/Eight/e689.jpg,64,64,0.109130859375
data/processed/images/half_note/001232.png,half_note,1b80d9700ffb7aa9dc9bf99366c8a9c5df952bc64c029803eda387a66ace68e6,data/raw/datasets/datasets/Notes/Half/h310.jpg,64,64,0.044189453125
data/processed/images/sixteenth_note/003423.png,sixteenth_note,e5cfcbffdad88ec4fc20b295d81779287c47319c7728098d5be9e02312351246,data/raw/datasets/datasets/Notes/Sixteenth/s483.jpg,64,64,0.0498046875
data/processed/images/eighth_note/000687.png,eighth_note,48732cc1f58d355664ab54004977c9706552f1a807da3a510bc7e101ea710532,data/raw/datasets/datasets/Notes/Eight/e717.jpg,64,64,0.07421875
data/processed/images/quarter_note/002451.png,quarter_note,32322261371472e0fb1537b17dc006e1108d6a475ceffb09bdef73becc930cba,data/raw/datasets/datasets/Notes/Quarter/q508.jpg,64,64,0.10498046875
data/processed/images/half_note/001165.png,half_note,e639f5a92e1db864a59a3ca646134aa1f86efc9c6eb01a4325bde04e0bcc7813,data/raw/datasets/datasets/Notes/Half/h250.jpg,64,64,0.03857421875
data/processed/images/eighth_note/000770.png,eighth_note,27dff7418976e34d4290ab89e64d04fb3c0ff981decf52b708834c1db0171997,data/raw/datasets/datasets/Notes/Eight/e796.jpg,64,64,0.069091796875
data/processed/images/sixteenth_note/003020.png,sixteenth_note,cd28a41636b12931f3c11ffa1ad109801c6da63066047b5c1565de4794c4f6bf,data/raw/datasets/datasets/Notes/Sixteenth/s12.jpg,64,64,0.140869140625
data/processed/images/whole_note/004467.png,whole_note,7aa349700689b05d48f3e8ebdfa0dd1fba282c34b77aca791ed25bbdda6c7311,data/raw/datasets/datasets/Notes/Whole/w523.jpg,64,64,0.044189453125
data/processed/images/quarter_note/002352.png,quarter_note,6367ed6c9f1cb296537d89599b7f9dcaa5fde8a42f91c2d3088d06cd6c322345,data/raw/datasets/datasets/Notes/Quarter/q419.jpg,64,64,0.0849609375
data/processed/images/eighth_note/000554.png,eighth_note,f2c061c9642364b20b34a5f33e305159fa49c87f0b7879899dbe32d011f6c766,data/raw/datasets/datasets/Notes/Eight/e598.jpg,64,64,0.160400390625
data/processed/images/half_note/001036.png,half_note,5333416bf170982c9df9e1bc1fb37ea2597537b72c5bb6bc3c22b0449d47e55c,data/raw/datasets/datasets/Notes/Half/h134.jpg,64,64,0.09912109375
data/processed/images/sixteenth_note/003408.png,sixteenth_note,7f4ae8baf0cde197b11f928e2a24d657307ddd5b402f4a85ddbed87048f55671,data/raw/datasets/datasets/Notes/Sixteenth/s47.jpg,64,64,0.158203125
data/processed/images/whole_note/004570.png,whole_note,fb523fad330c2a214ce2909678f4168743ccb54dbc6d32de9902b2c74f5c0c73,data/raw/datasets/datasets/Notes/Whole/w616.jpg,64,64,0.077880859375
data/processed/images/quarter_note/002338.png,quarter_note,8b8f2edc499d33ef90e0744c78a39b6fd9dfc42b2cdbafcf128972018a31be03,data/raw/datasets/datasets/Notes/Quarter/q406.jpg,64,64,0.041015625
data/processed/images/eighth_note/000096.png,eighth_note,8a261815cd1640e1ef36efcd6a5ad12431f0f33b6bd7b2873c11f0185e24e60d,data/raw/datasets/datasets/Notes/Eight/e185.jpg,64,64,0.11328125
data/processed/images/half_note/001705.png,half_note,52c72e7bc2f4e7970005f4876c2c7e4a0d4c9896177ee0a3246b175ca6c4d63b,data/raw/datasets/datasets/Notes/Half/h737.jpg,64,64,0.037353515625
data/processed/images/sixteenth_note/003668.png,sixteenth_note,6788657885ecd4eb0de874c86f4c817517dc8d5c6c9024c55cfd33b569792dc0,data/raw/datasets/datasets/Notes/Sixteenth/s704.jpg,64,64,0.235107421875
data/processed/images/sixteenth_note/003178.png,sixteenth_note,a84d23a9baec8adf9550dc22308e07fa91238d6a792dbce15ba775480ad9f298,data/raw/datasets/datasets/Notes/Sixteenth/s262.jpg,64,64,0.160888671875
data/processed/images/quarter_note/002313.png,quarter_note,11c085ef548201f02583fee27e3da3d8cc219e9abab17499ea4f74193563121e,data/raw/datasets/datasets/Notes/Quarter/q384.jpg,64,64,0.1064453125
data/processed/images/half_note/001461.png,half_note,174af71abcb1b0e66020345904fc574c6219d16f1f5006c3f9f6a9b525de7b33,data/raw/datasets/datasets/Notes/Half/h517.jpg,64,64,0.05419921875
data/processed/images/whole_note/004057.png,whole_note,d52b89560a4eb1cc480b02b64326adb3836be7d59a9b62eba03b3d565ef0a4c5,data/raw/datasets/datasets/Notes/Whole/w154.jpg,64,64,0.083984375
data/processed/images/whole_note/004965.png,whole_note,8a2b99517a589bacd809d7dfa1a365088db1be1abbff61798db9e9e7c0b38c68,data/raw/datasets/datasets/Notes/Whole/w972.jpg,64,64,0.07470703125
data/processed/images/whole_note/004792.png,whole_note,39abc5b006e55423c3123c8d2f25ec23daf52f3fe38984bc059035e8c2e48300,data/raw/datasets/datasets/Notes/Whole/w816.jpg,64,64,0.235595703125
data/processed/images/eighth_note/000131.png,eighth_note,33fdc279a4e616e2e04bd75dc3fc759d0b1cb8ba189342583128b675cbf13a3c,data/raw/datasets/datasets/Notes/Eight/e216.jpg,64,64,0.171142578125
data/processed/images/quarter_note/002163.png,quarter_note,b268197eb32f457172d98f2641f506e106131e34cae68b86ab79eb9db7c02b2e,data/raw/datasets/datasets/Notes/Quarter/q249.jpg,64,64,0.0341796875
data/processed/images/quarter_note/002523.png,quarter_note,db1e3f0a91a17185363132ceb3163fc21676b5de0c085c52c3857474c377ab2f,data/raw/datasets/datasets/Notes/Quarter/q573.jpg,64,64,0.078369140625
data/processed/images/sixteenth_note/003610.png,sixteenth_note,4772eea91b7efdf8bd9310854dba3262caf85613df063c011d4423af2033b65e,data/raw/datasets/datasets/Notes/Sixteenth/s651.jpg,64,64,0.0849609375
data/processed/images/sixteenth_note/003991.png,sixteenth_note,39805f4cbbe37a7cd7973d1b6b2e1af0f1c657d853ebc752b5c4e23a6205ceb0,data/raw/datasets/datasets/Notes/Sixteenth/s996.jpg,64,64,0.05908203125
data/processed/images/sixteenth_note/003106.png,sixteenth_note,801bdded3298891f721d75c3673808b5110f6d674793d8fc0a35b31869d38ffc,data/raw/datasets/datasets/Notes/Sixteenth/s198.jpg,64,64,0.0439453125
data/processed/images/sixteenth_note/003448.png,sixteenth_note,08fbf01f86fa0713ec0944ca7b872d43749d72cdfd42aec14b1ab5bfdc66a4e5,data/raw/datasets/datasets/Notes/Sixteenth/s505.jpg,64,64,0.126953125
data/processed/images/quarter_note/002324.png,quarter_note,891a059eaa3d4bc8d807f342b4016954e14fdee1a331e2ffcee36918c19fe05c,data/raw/datasets/datasets/Notes/Quarter/q394.jpg,64,64,0.085205078125
data/processed/images/quarter_note/002442.png,quarter_note,d7b50612db43676ea311fda7e3aaf13fae915decc01e873d892b5dbae9dfc338,data/raw/datasets/datasets/Notes/Quarter/q50.jpg,64,64,0.028076171875
data/processed/images/whole_note/004056.png,whole_note,d79b523bc179628a5528526b78784476583d3b54e059ee5e8ec4741287287977,data/raw/datasets/datasets/Notes/Whole/w153.jpg,64,64,0.11376953125
data/processed/images/quarter_note/002158.png,quarter_note,a8ad729381f7f77d26b4fe11f7059c766a2f228af30fe6d3a1c66ee47f02ea5d,data/raw/datasets/datasets/Notes/Quarter/q244.jpg,64,64,0.025390625
data/processed/images/sixteenth_note/003548.png,sixteenth_note,f3bdf80b243418b2c635cf772232fcffbca3bb4c9feecb097732fff8f455f61a,data/raw/datasets/datasets/Notes/Sixteenth/s596.jpg,64,64,0.0908203125
data/processed/images/whole_note/004854.png,whole_note,27f2a7e4ae1dd4b826c6f5376431aae3cfe2ef1c7ae256314b86e2025e11ac57,data/raw/datasets/datasets/Notes/Whole/w872.jpg,64,64,0.231689453125
data/processed/images/eighth_note/000356.png,eighth_note,e99123004cf9b182c8da30cedf0787c402192cd6e577bca2b3e837fef26d870c,data/raw/datasets/datasets/Notes/Eight/e419.jpg,64,64,0.054443359375
data/processed/images/eighth_note/000532.png,eighth_note,17b65087fbbf127ee20aaba4f8d28ecc905a54178113a9013cb212e78873a9c8,data/raw/datasets/datasets/Notes/Eight/e578.jpg,64,64,0.12353515625
data/processed/images/half_note/001484.png,half_note,6a9d6abb6cfd629fe5982513bc6ecc826fc0359b7d9bebf6d0c73b54163f294e,data/raw/datasets/datasets/Notes/Half/h538.jpg,64,64,0.064208984375
data/processed/images/half_note/001176.png,half_note,7f7b4b787710e03973caa7b703ad61251491324827715f26e64067d4f4722036,data/raw/datasets/datasets/Notes/Half/h260.jpg,64,64,0.05322265625
data/processed/images/half_note/001146.png,half_note,82698986958c2087688cab7de6c93a36a8e4ec359fdf6b72faf26003c7f78a16,data/raw/datasets/datasets/Notes/Half/h233.jpg,64,64,0.039306640625
data/processed/images/half_note/001706.png,half_note,fa823aa2136cc14ae50d67b6397c59a1a85aef7be8bb6dd869ecf50c260e2bd9,data/raw/datasets/datasets/Notes/Half/h738.jpg,64,64,0.044189453125
data/processed/images/whole_note/004029.png,whole_note,079e8de157749cb7e2d33f26985f49cd1471a03086840a0e1d9b77fef64030ab,data/raw/datasets/datasets/Notes/Whole/w129.jpg,64,64,0.1884765625
data/processed/images/sixteenth_note/003739.png,sixteenth_note,7d6b808a1ac1466221c3b7c73fd9b0c0f5d13d104a504037a61660705ba30764,data/raw/datasets/datasets/Notes/Sixteenth/s769.jpg,64,64,0.050048828125
data/processed/images/eighth_note/000678.png,eighth_note,1b5d1003fff525e8d6d7a7abb26d7eb852593f4ed460adc63e082e7e45289824,data/raw/datasets/datasets/Notes/Eight/e709.jpg,64,64,0.099853515625
data/processed/images/quarter_note/002922.png,quarter_note,7fc1e293d9de3364f15bc4ff014ead20b274620a9bb04980cdef93edadd55818,data/raw/datasets/datasets/Notes/Quarter/q932.jpg,64,64,0.1064453125
data/processed/images/eighth_note/000641.png,eighth_note,abe9977b72e47c88ea15c6d41484bdb6b126bee02882718d63a6ca623f796df6,data/raw/datasets/datasets/Notes/Eight/e676.jpg,64,64,0.1513671875
data/processed/images/eighth_note/000879.png,eighth_note,fe5d72c7cc4d9e3eabd0366142f08d4c66f185f344b960918bee91eaaa5c34dc,data/raw/datasets/datasets/Notes/Eight/e894.jpg,64,64,0.07080078125
data/processed/images/quarter_note/002281.png,quarter_note,759ce899021d102989ae3a8d541ba056fc9ce40062f745d52605bdf67bbb3654,data/raw/datasets/datasets/Notes/Quarter/q355.jpg,64,64,0.0322265625
data/processed/images/sixteenth_note/003656.png,sixteenth_note,ea219f9c162e2ef9c5a1d8a093cc61d5be27cb8cc9cce56972e46c3ce040afa2,data/raw/datasets/datasets/Notes/Sixteenth/s694.jpg,64,64,0.073486328125
data/processed/images/half_note/001032.png,half_note,0e17c897fbfa704376b8bccf9eb0ccc9ef81b79d2350fc3927593cbb84bc2db5,data/raw/datasets/datasets/Notes/Half/h130.jpg,64,64,0.068359375
data/processed/images/sixteenth_note/003068.png,sixteenth_note,15c2ec6369e5e42e9e8326408d8b1df11d6741d188519d8f0292ca1d184d9760,data/raw/datasets/datasets/Notes/Sixteenth/s163.jpg,64,64,0.080078125
data/processed/images/half_note/001262.png,half_note,0d7f79aae7717f56f712b59413b0bbaf732b86156c395dd0a83ceb4ef5a4d668,data/raw/datasets/datasets/Notes/Half/h338.jpg,64,64,0.042236328125
data/processed/images/quarter_note/002169.png,quarter_note,42a1f9e737b553d089308879a92bb799fb71377726558ce22aba57026b182c67,data/raw/datasets/datasets/Notes/Quarter/q254.jpg,64,64,0.035400390625
data/processed/images/half_note/001120.png,half_note,ad71df49c802a0e15502910fe15da4e622eb3acd01f65289687d6d143f93503c,data/raw/datasets/datasets/Notes/Half/h21.jpg,64,64,0.12255859375
data/processed/images/eighth_note/000291.png,eighth_note,6cee2008b667fbbafb5d9de77068b6e4b71a07e3a0a86cd820da44c0f5a4c3d4,data/raw/datasets/datasets/Notes/Eight/e360.jpg,64,64,0.105712890625
data/processed/images/eighth_note/000755.png,eighth_note,74c59b9e8a0eacdaa10aa2ab130a53e4cb6343956dead5e8b2d95b658a55feee,data/raw/datasets/datasets/Notes/Eight/e782.jpg,64,64,0.08935546875
data/processed/images/half_note/001654.png,half_note,d1beaa7a258c6daa622caaa7324e53de4591471bee34f7035a2c8263856ff45b,data/raw/datasets/datasets/Notes/Half/h691.jpg,64,64,0.074462890625
data/processed/images/quarter_note/002543.png,quarter_note,bb609772ae6185a4153d06efca85b35ebf6905844213535546ce4f8a006542e9,data/raw/datasets/datasets/Notes/Quarter/q591.jpg,64,64,0.03564453125
data/processed/images/whole_note/004844.png,whole_note,73a1e04cb39af25376acad137e75af0689f50935e0c2d05931b8fb131a9f06fb,data/raw/datasets/datasets/Notes/Whole/w863.jpg,64,64,0.435546875
data/processed/images/eighth_note/000135.png,eighth_note,5d69dec43e32e80cbfca19595e16e4b507ea6a3d304aa03cdaeb65b023537c8f,data/raw/datasets/datasets/Notes/Eight/e22.jpg,64,64,0.04345703125
data/processed/images/sixteenth_note/003485.png,sixteenth_note,f001b25859a2d2a6ced0fe81ac7108a6dc5803c7ac0888d1b9d63a9daf68b5d5,data/raw/datasets/datasets/Notes/Sixteenth/s539.jpg,64,64,0.061767578125
data/processed/images/half_note/001304.png,half_note,b0429ac24157a9b99ba5cc5ffc7eeafe88fe17a5d18c68dc48fc94793e880578,data/raw/datasets/datasets/Notes/Half/h376.jpg,64,64,0.058837890625
data/processed/images/sixteenth_note/003198.png,sixteenth_note,ac9ce7db1f8ce942660397b48fb735cfa3343a4e8b6f9d5a498104d237140702,data/raw/datasets/datasets/Notes/Sixteenth/s280.jpg,64,64,0.09619140625
data/processed/images/quarter_note/002958.png,quarter_note,1978ddbbc869d8a33023fe636dcd0b88509afa839a7162877f30c0b19f290949,data/raw/datasets/datasets/Notes/Quarter/q965.jpg,64,64,0.078857421875
data/processed/images/eighth_note/000199.png,eighth_note,63a8ad4ce076e070db31685a66cf5fd43776517fd7dda87be4be3f59e4cd7d6e,data/raw/datasets/datasets/Notes/Eight/e278.jpg,64,64,0.01708984375
data/processed/images/half_note/001360.png,half_note,77737bb7cfaf6677ba76dbdb0043d64db30b75954155dc704b75c2c4402682fd,data/raw/datasets/datasets/Notes/Half/h426.jpg,64,64,0.02490234375
data/processed/images/quarter_note/002629.png,quarter_note,9c7e6f74606dbafd5cbfc1a4494ef583862447bf14c45341ec5f4012dc76d3c1,data/raw/datasets/datasets/Notes/Quarter/q669.jpg,64,64,0.0859375
data/processed/images/sixteenth_note/003117.png,sixteenth_note,75f92f42c2055b08ffa2787df2cf6bf821b5901947022b3b543f2160c4f3395a,data/raw/datasets/datasets/Notes/Sixteenth/s207.jpg,64,64,0.072509765625
data/processed/images/half_note/001183.png,half_note,2b625ad4790bcd6fd6003c18fac26b569759338c27abfe397aa4d445c3b640dd,data/raw/datasets/datasets/Notes/Half/h267.jpg,64,64,0.056640625
data/processed/images/sixteenth_note/003934.png,sixteenth_note,70564b3865b62008b3b5a46d4882c8d9e3607da03d1cbe8db32a2425cfe898df,data/raw/datasets/datasets/Notes/Sixteenth/s944.jpg,64,64,0.08447265625
data/processed/images/sixteenth_note/003002.png,sixteenth_note,16b059b793c358d27ab3f4a4d5a9937742030b1ef3f9079144d932aa462f9119,data/raw/datasets/datasets/Notes/Sixteenth/s103.jpg,64,64,0.10888671875
data/processed/images/half_note/001317.png,half_note,38dd5042af69414a05ad449c28bc641150a9f6b7fa2998bc1b48ff8448177263,data/raw/datasets/datasets/Notes/Half/h388.jpg,64,64,0.08935546875
data/processed/images/whole_note/004504.png,whole_note,0daffabd13844a6cfc10484582daa85c584d86e33dc78630b24c2835b0e059f4,data/raw/datasets/datasets/Notes/Whole/w557.jpg,64,64,0.043701171875
data/processed/images/eighth_note/000896.png,eighth_note,f0fa1b0abd8c962a51418f8e4bd694e1c359f70514b9f809e4a74709d0915581,data/raw/datasets/datasets/Notes/Eight/e909.jpg,64,64,0.03466796875
data/processed/images/half_note/001987.png,half_note,22e370005ee7812abd1e87cb034cdeb376e5ea2cd8eac0ad43f4c19112718bfd,data/raw/datasets/datasets/Notes/Half/h991.jpg,64,64,0.033203125
data/processed/images/whole_note/004179.png,whole_note,07cf958427d07fc71a7bfe8099563aea2de6a64eab365e63fcd375ec9cd815b1,data/raw/datasets/datasets/Notes/Whole/w264.jpg,64,64,0.080078125
data/processed/images/half_note/001892.png,half_note,7080c382659e5279c6c726d61a542e0b4a370dc55d9bb3762263c6104d719bd9,data/raw/datasets/datasets/Notes/Half/h905.jpg,64,64,0.020751953125
data/processed/images/sixteenth_note/003555.png,sixteenth_note,5ca0d196f8599f137bf9084a164d95eabc0735d333c247110e2442343abdaf2f,data/raw/datasets/datasets/Notes/Sixteenth/s601.jpg,64,64,0.15673828125
data/processed/images/sixteenth_note/003713.png,sixteenth_note,b1d0103559f64c782f86c242c968b5f4a92c5a6d141a44dc3b5bf57247628631,data/raw/datasets/datasets/Notes/Sixteenth/s745.jpg,64,64,0.065185546875
data/processed/images/eighth_note/000472.png,eighth_note,24f54cb969d35e9a41308330fd2a828f9224f2062d3c50696bebb842802ee57b,data/raw/datasets/datasets/Notes/Eight/e523.jpg,64,64,0.0458984375
data/processed/images/sixteenth_note/003544.png,sixteenth_note,8514031b8fe826e6d2187ffffbca59c48e81184d653308463c4a050788f90a91,data/raw/datasets/datasets/Notes/Sixteenth/s592.jpg,64,64,0.084228515625
data/processed/images/whole_note/004588.png,whole_note,eff20e68889420f4a4c5681eededfd5d4000ef38ae7683a00e1456eb46f260e5,data/raw/datasets/datasets/Notes/Whole/w632.jpg,64,64,0.06103515625
data/processed/images/eighth_note/000967.png,eighth_note,015971867cb2c29e87fd7ff1c8ca72a8f70461dda89c5f6d15ffbcec4c4d3011,data/raw/datasets/datasets/Notes/Eight/e973.jpg,64,64,0.078125
data/processed/images/eighth_note/000983.png,eighth_note,9ccd1e3e513e52c4105670bad4dbcec8ccb598612973cac4061c53f62f550b7b,data/raw/datasets/datasets/Notes/Eight/e988.jpg,64,64,0.134765625
data/processed/images/half_note/001082.png,half_note,72b239e997ff3347074131d3d5284c86606fc972ad5514f400f90c1b4598e6a8,data/raw/datasets/datasets/Notes/Half/h176.jpg,64,64,0.029541015625
data/processed/images/whole_note/004491.png,whole_note,0e3f85bca50178386964e42ac19c1a899009349a3c91e85e11646bbb8837b090,data/raw/datasets/datasets/Notes/Whole/w545.jpg,64,64,0.058837890625
data/processed/images/sixteenth_note/003609.png,sixteenth_note,ff658c731f81d615364201cca87e0b84690c33d48d6b7533f2811277cfda9f90,data/raw/datasets/datasets/Notes/Sixteenth/s650.jpg,64,64,0.08203125
data/processed/images/eighth_note/000207.png,eighth_note,0d7b825e57139ba47b1ffa8841f38136d2acf4a287b21e3eddee6ecc428c865f,data/raw/datasets/datasets/Notes/Eight/e285.jpg,64,64,0.024658203125
data/processed/images/sixteenth_note/003072.png,sixteenth_note,f94b7c1e6c26e83d92a468b12bbcf83e1891e405b220f0466a7b82aeb94c37bc,data/raw/datasets/datasets/Notes/Sixteenth/s167.jpg,64,64,0.0517578125
data/processed/images/half_note/001759.png,half_note,c2ec69db5c4c5964396ca9988026e8140c6bd1b7fa02dbde72637dcd445247cf,data/raw/datasets/datasets/Notes/Half/h786.jpg,64,64,0.03271484375
data/processed/images/eighth_note/000173.png,eighth_note,cb6dbcfafe1550752731af3484c836ad104cce52de871d7758e8aea31487f1e4,data/raw/datasets/datasets/Notes/Eight/e254.jpg,64,64,0.0390625
data/processed/images/eighth_note/000373.png,eighth_note,0e60bd719afb89ca2b6723c79015cb05f73322652625b752c12b2b6317b6e83c,data/raw/datasets/datasets/Notes/Eight/e434.jpg,64,64,0.063232421875
data/processed/images/eighth_note/000499.png,eighth_note,6e6ccd67a97da3d2280fbb3167aa5409d870b50f491bc94283f446a0951e6252,data/raw/datasets/datasets/Notes/Eight/e548.jpg,64,64,0.05615234375
data/processed/images/sixteenth_note/003771.png,sixteenth_note,4d5d007a27f3a979ce64b4a6e8c84618b3769402c6d8e83df56ff3ad84cb6b82,data/raw/datasets/datasets/Notes/Sixteenth/s798.jpg,64,64,0.075439453125
data/processed/images/whole_note/004832.png,whole_note,9790d0de1556c053eba1ee2e118c315a42f406c6ea2eb5938f845636de8a5f09,data/raw/datasets/datasets/Notes/Whole/w852.jpg,64,64,0.276611328125
data/processed/images/half_note/001097.png,half_note,73c20affc2a33364504aba9ea731cc27dc11e8b136782ffa630fbe489bf9c15a,data/raw/datasets/datasets/Notes/Half/h19.jpg,64,64,0.054931640625
data/processed/images/quarter_note/002110.png,quarter_note,2bc4754a5c1b0bc35fd0ae817f6d8b859bb8aa556960830dc69d91f40d9cac7d,data/raw/datasets/datasets/Notes/Quarter/q200.jpg,64,64,0.0625
data/processed/images/whole_note/004648.png,whole_note,cd3332f91a771fab72d3b7d689c59ce7e658c49fd24195520ee7009e0b55745a,data/raw/datasets/datasets/Notes/Whole/w687.jpg,64,64,0.13818359375
data/processed/images/half_note/001659.png,half_note,f4806ff43137c35305bd34d92283b4ded5b7e742e4f3cce6c0e104990462e609,data/raw/datasets/datasets/Notes/Half/h696.jpg,64,64,0.055419921875
data/processed/images/eighth_note/000757.png,eighth_note,d2273ed9aef107b64e1ca1c46bfa68f8a0000e1e07c6b29e12171d441577e627,data/raw/datasets/datasets/Notes/Eight/e784.jpg,64,64,0.079345703125
data/processed/images/whole_note/004058.png,whole_note,89c3e71d344c92d31048422af8b1d01754c8ccb6b4b7f3c8313e9fa9d7647f69,data/raw/datasets/datasets/Notes/Whole/w155.jpg,64,64,0.13818359375
data/processed/images/half_note/001568.png,half_note,8cd3c5ab3f5721f83fd01f2eae7c0465bc1dbd151e4275f46ea8036c0a3876eb,data/raw/datasets/datasets/Notes/Half/h613.jpg,64,64,0.07666015625
data/processed/images/quarter_note/002723.png,quarter_note,94048aeb75a7f3a648479976164729324d661c26606c65d3c229e253e397dc7d,data/raw/datasets/datasets/Notes/Quarter/q753.jpg,64,64,0.033935546875
data/processed/images/half_note/001356.png,half_note,0de95e308bdd6a73ba6f3edc65f29bd820418649c050aab5b02b64b04c78eba2,data/raw/datasets/datasets/Notes/Half/h422.jpg,64,64,0.09423828125
data/processed/images/eighth_note/000913.png,eighth_note,fbd08cf51cf9bd71bd0ccd9d02ab58db81f696c97be8d647bc9c4cb04802888b,data/raw/datasets/datasets/Notes/Eight/e924.jpg,64,64,0.0654296875
data/processed/images/quarter_note/002730.png,quarter_note,26cc97b23cb4fb7fa4e1dadd8a1ed0bba326ed4c5c9211a2f2acd3c23a0ebf8f,data/raw/datasets/datasets/Notes/Quarter/q76.jpg,64,64,0.078857421875
data/processed/images/half_note/001845.png,half_note,6ef3ed222cbff03948089113157477cf0c8b5012cd270cf0c129a8ba8441401c,data/raw/datasets/datasets/Notes/Half/h863.jpg,64,64,0.03125
data/processed/images/sixteenth_note/003316.png,sixteenth_note,b63e16f42d5f7d78f34485a6a6bf417a1aa5e06eac26add56055043171a90c0b,data/raw/datasets/datasets/Notes/Sixteenth/s387.jpg,64,64,0.047119140625
data/processed/images/eighth_note/000463.png,eighth_note,476327bd7c04a54a4a613e794a874ef829ba33642642b47c96ac3eb8fc4bec3e,data/raw/datasets/datasets/Notes/Eight/e515.jpg,64,64,0.0478515625
data/processed/images/half_note/001962.png,half_note,96fab54adef46afd29a6925a3cc5a7b3799a44775099b944e7d923c2d41b8549,data/raw/datasets/datasets/Notes/Half/h969.jpg,64,64,0.03271484375
data/processed/images/quarter_note/002527.png,quarter_note,60cb457c9996490b066c859b5eb7c9478b5f85791f3f7ae9e47dae5b9803ccdc,data/raw/datasets/datasets/Notes/Quarter/q577.jpg,64,64,0.126708984375
data/processed/images/whole_note/004733.png,whole_note,200c2efda89993da2ef93f5b2654acf4d928c87fca4bf6d36d59fc2e41d779dc,data/raw/datasets/datasets/Notes/Whole/w763.jpg,64,64,0.291015625
data/processed/images/whole_note/004171.png,whole_note,f436885e98209e1beec5fe29253b9fcc6f6bcd487d918ec072d6fff4cf01d384,data/raw/datasets/datasets/Notes/Whole/w257.jpg,64,64,0.12060546875
data/processed/images/whole_note/004494.png,whole_note,984b694140ff17de5ac67a69abbe2fe62a3a9d68eabdcfc0b5cf0ec563d49eb5,data/raw/datasets/datasets/Notes/Whole/w548.jpg,64,64,0.059326171875
data/processed/images/eighth_note/000580.png,eighth_note,3c599453facb806ac7bf4440e5ad3ecd94a911bd04da38e53c6361ee35e542c1,data/raw/datasets/datasets/Notes/Eight/e620.jpg,64,64,0.075927734375
data/processed/images/whole_note/004414.png,whole_note,f2724b1e791a794bbfe503552d2be6d936e94c8a57b6ed4ce6352fd11655bdfc,data/raw/datasets/datasets/Notes/Whole/w476.jpg,64,64,0.048095703125
data/processed/images/sixteenth_note/003371.png,sixteenth_note,b460395aa2cb3bb1df6641e37405f28bd17e20a1d21dfaac7229fb618698c1ef,data/raw/datasets/datasets/Notes/Sixteenth/s436.jpg,64,64,0.08447265625
data/processed/images/quarter_note/002503.png,quarter_note,9c54a585f16f211f07982e22764b5bf5af7ff02e92ed3adb9d02b522749af13a,data/raw/datasets/datasets/Notes/Quarter/q555.jpg,64,64,0.095458984375
data/processed/images/sixteenth_note/003951.png,sixteenth_note,62dd3c3fb5841d427ef0a5f12ca57457f9ac1822c4cb1f573ebdc67cc4eea883,data/raw/datasets/datasets/Notes/Sixteenth/s96.jpg,64,64,0.13818359375
data/processed/images/sixteenth_note/003688.png,sixteenth_note,cb108e718604a87d147acfdef2c5e253223918075d958ace27c54997c25bd3f5,data/raw/datasets/datasets/Notes/Sixteenth/s722.jpg,64,64,0.036865234375
data/processed/images/quarter_note/002745.png,quarter_note,db393d7aae00a70dccb57e5b53e9be411f2f848bcc3c6eb58df03a902d1cf22d,data/raw/datasets/datasets/Notes/Quarter/q773.jpg,64,64,0.032958984375
data/processed/images/half_note/001874.png,half_note,432d2ee779fc106afb9e8a1b3c85dfafd773144847793e2680b918e21e945df9,data/raw/datasets/datasets/Notes/Half/h89.jpg,64,64,0.053955078125
data/processed/images/quarter_note/002214.png,quarter_note,74b8479ea9367d48f08ce167d84ff60e9c80b4fba7a0b38cb3579a42febe4231,data/raw/datasets/datasets/Notes/Quarter/q295.jpg,64,64,0.08837890625
data/processed/images/eighth_note/000038.png,eighth_note,fe766ebd5990af9922433ab53a18e5f5b36743d40951cfb92913013353a9df05,data/raw/datasets/datasets/Notes/Eight/e132.jpg,64,64,0.029052734375
data/processed/images/eighth_note/000117.png,eighth_note,515cab0cb5f730a7da38bc764d15d14064129380d1a26d209f8807bf0292d9dd,data/raw/datasets/datasets/Notes/Eight/e203.jpg,64,64,0.202392578125
data/processed/images/half_note/001210.png,half_note,c865a4a52f5d258802d5766e5db4a482f5a4994f98153eefa478c9c79e1099dd,data/raw/datasets/datasets/Notes/Half/h291.jpg,64,64,0.0400390625
data/processed/images/quarter_note/002505.png,quarter_note,a6ceebdffb7db34ac204c311b630f622bbb5420818a22e712ffe0e4ab7352755,data/raw/datasets/datasets/Notes/Quarter/q557.jpg,64,64,0.0703125
data/processed/images/eighth_note/000110.png,eighth_note,2bbdc99aa0691a2225b68927999a483658c7f36e229a12fda77326def4d058f5,data/raw/datasets/datasets/Notes/Eight/e198.jpg,64,64,0.10009765625
data/processed/images/quarter_note/002457.png,quarter_note,a85ef8baeee346f02bc432ee3e72de524c9b72650bfd6f68db81f2c927551b35,data/raw/datasets/datasets/Notes/Quarter/q513.jpg,64,64,0.120361328125
data/processed/images/sixteenth_note/003071.png,sixteenth_note,51dcd4135dc5ae98508237702d08a3eefb9c9118fc1b05a22e787fe538b44582,data/raw/datasets/datasets/Notes/Sixteenth/s166.jpg,64,64,0.04736328125
data/processed/images/half_note/001717.png,half_note,9a6a50c68201885915709f6ea8951a2c323ded4ea92b5e8701b3b859939c2203,data/raw/datasets/datasets/Notes/Half/h748.jpg,64,64,0.0400390625
data/processed/images/whole_note/004400.png,whole_note,5c4559cf09acc459030f4dc1bf628a91914236764f5c60b231e8aa77da301c06,data/raw/datasets/datasets/Notes/Whole/w463.jpg,64,64,0.05517578125
data/processed/images/quarter_note/002717.png,quarter_note,976211e79123836d680699d1d3580f79216803b527a8ed1a49f9e8ff53616cce,data/raw/datasets/datasets/Notes/Quarter/q748.jpg,64,64,0.042724609375
data/processed/images/sixteenth_note/003913.png,sixteenth_note,710b4c6021bedc720a937ebd193265714f2d44194457e72f9149674a2f8169fd,data/raw/datasets/datasets/Notes/Sixteenth/s925.jpg,64,64,0.0654296875
data/processed/images/sixteenth_note/003958.png,sixteenth_note,ddacb874638e0c8f82e961bf4643de4222fbf452091e5915a37f75dfbd0ef1af,data/raw/datasets/datasets/Notes/Sixteenth/s966.jpg,64,64,0.05078125
data/processed/images/quarter_note/002471.png,quarter_note,6149aa38d1833e80f22a0996bfbf093e9b55cbf87f98cfdd229be92769fee02a,data/raw/datasets/datasets/Notes/Quarter/q526.jpg,64,64,0.080810546875
data/processed/images/whole_note/004566.png,whole_note,152957af335764dd0d94d622c12cb77a0633c15da17b007564137720c503e4bd,data/raw/datasets/datasets/Notes/Whole/w612.jpg,64,64,0.060302734375
data/processed/images/eighth_note/000979.png,eighth_note,0b06b6476f39e3922d66a7f966b345b8ef8c99cb81cb65498824e6f487ab3c5a,data/raw/datasets/datasets/Notes/Eight/e984.jpg,64,64,0.088134765625
data/processed/images/half_note/001248.png,half_note,0d6741cb01ab3c3fce773813e328cf16d1700467041dbda30d714960bfb398be,data/raw/datasets/datasets/Notes/Half/h325.jpg,64,64,0.030517578125
data/processed/images/whole_note/004678.png,whole_note,19e503ad079484c539beffff660d37c26a1e081c84f60b264735b9425f4999fb,data/raw/datasets/datasets/Notes/Whole/w713.jpg,64,64,0.192138671875
data/processed/images/half_note/001557.png,half_note,3ad0ff6def404e51525b752d69b5bb5d0719bda88937b897ec841829bb8bec33,data/raw/datasets/datasets/Notes/Half/h603.jpg,64,64,0.054931640625
data/processed/images/eighth_note/000525.png,eighth_note,e9206aa46edda7dbf1681702f59d91b7ab3f0ba80163371d1b0c3bb4ed31d5a8,data/raw/datasets/datasets/Notes/Eight/e571.jpg,64,64,0.06591796875
data/processed/images/whole_note/004515.png,whole_note,cf6776001e4a522842e2ab38e55a26e5982c1cd1cd912b21aa29924412bc76a0,data/raw/datasets/datasets/Notes/Whole/w567.jpg,64,64,0.054931640625
data/processed/images/quarter_note/002053.png,quarter_note,0f3ebdbb413e3afcff559590606f837a4173c2ca387918b060ba8c9d7ad23340,data/raw/datasets/datasets/Notes/Quarter/q15.jpg,64,64,0.021240234375
data/processed/images/half_note/001589.png,half_note,17e74c71744b882ebfeffe5abd709eb8ab8daf492db33b30c2b6b7c7236d60be,data/raw/datasets/datasets/Notes/Half/h632.jpg,64,64,0.054443359375
data/processed/images/whole_note/004916.png,whole_note,746e4c0141b3abbf3cbab93a090d5e13e7c264cd55c96ce331670380741ab6e2,data/raw/datasets/datasets/Notes/Whole/w928.jpg,64,64,0.11865234375
data/processed/images/whole_note/004261.png,whole_note,6d84eb62a8d3d9eb63b1914e650353f4c520241d4e250209dddda9c1134715c1,data/raw/datasets/datasets/Notes/Whole/w338.jpg,64,64,0.109375
data/processed/images/half_note/001445.png,half_note,58b6885fc9cadbd15ab8cb11a1831c6dfd36ddaa6d31aa3d2edaf21b687c6da6,data/raw/datasets/datasets/Notes/Half/h502.jpg,64,64,0.03271484375
data/processed/images/sixteenth_note/003524.png,sixteenth_note,8ae212dcd04de25d71a137c39a02709668d5c4f8a221ae603b5a8fab93ff1d5a,data/raw/datasets/datasets/Notes/Sixteenth/s574.jpg,64,64,0.14111328125
data/processed/images/eighth_note/000869.png,eighth_note,c270918c54e6d150427321aa0e5b3951786fb4f10918aa085d3d36a6bf9412db,data/raw/datasets/datasets/Notes/Eight/e885.jpg,64,64,0.0380859375
data/processed/images/half_note/001771.png,half_note,0f5e2966f94d12334fdbc084b11c63e4219e179db526e0057e6cc785318424ec,data/raw/datasets/datasets/Notes/Half/h797.jpg,64,64,0.048095703125
data/processed/images/eighth_note/000118.png,eighth_note,8615a9aec3e5d669402b07c67db3ca217ea46f31b5dc482d004c9b51f101f331,data/raw/datasets/datasets/Notes/Eight/e204.jpg,64,64,0.121337890625
data/processed/images/whole_note/004461.png,whole_note,c514e9af634631a736d4645314bb7342eb32c5d30f228450a21c9df70d3d829b,data/raw/datasets/datasets/Notes/Whole/w518.jpg,64,64,0.048828125
data/processed/images/quarter_note/002082.png,quarter_note,12fa74c3b4b31bba375be06a9dde6874d7eae8af492bdda6f9991f15b057947d,data/raw/datasets/datasets/Notes/Quarter/q176.jpg,64,64,0.056640625
data/processed/images/half_note/001281.png,half_note,caa32fd71dea0fc25443fcdc3fdec869e4dce677520e2baed6ef52d2348a331d,data/raw/datasets/datasets/Notes/Half/h355.jpg,64,64,0.068603515625
data/processed/images/half_note/001737.png,half_note,30dfa24c6677baaa6b04a3b8b492f01c331b3cfecf38b10ea79be069c4e7454b,data/raw/datasets/datasets/Notes/Half/h766.jpg,64,64,0.033203125
data/processed/images/quarter_note/002067.png,quarter_note,fdfb980a52d9c8d7fe8a67b136c45fa2a946480bf6516d0f8cdb3c1617f4edfc,data/raw/datasets/datasets/Notes/Quarter/q162.jpg,64,64,0.078125
data/processed/images/eighth_note/000819.png,eighth_note,50bcea4e8929af37004ea5465fd3c8406ae61ebfbdc8e4e62ff7cff65677a878,data/raw/datasets/datasets/Notes/Eight/e84.jpg,64,64,0.063720703125
data/processed/images/sixteenth_note/003888.png,sixteenth_note,eb0a140af81966594a4a89df34a810b3e0e2d3e3c831f09859ebc15ce48a407e,data/raw/datasets/datasets/Notes/Sixteenth/s902.jpg,64,64,0.05078125
data/processed/images/quarter_note/002205.png,quarter_note,58a7a41ea174e2c547ecd7868b1ddedbc397935dc13964333a4db52dc225332a,data/raw/datasets/datasets/Notes/Quarter/q287.jpg,64,64,0.037353515625
data/processed/images/quarter_note/002604.png,quarter_note,dcf9bfc9a819b77e57ebe82027e54c9cece9a39471822ca6c7e2db7d6b65476a,data/raw/datasets/datasets/Notes/Quarter/q646.jpg,64,64,0.107177734375
data/processed/images/quarter_note/002610.png,quarter_note,d2b5413e62d66fdce0b30047b5092657068c4cad79078d1b2621d5886f636c78,data/raw/datasets/datasets/Notes/Quarter/q651.jpg,64,64,0.064697265625
data/processed/images/eighth_note/000024.png,eighth_note,74d24f5a11713dd5efb8743ea9b6d066d622dd69f1afbadd01f45d42f16405dc,data/raw/datasets/datasets/Notes/Eight/e12.jpg,64,64,0.072509765625
data/processed/images/whole_note/004803.png,whole_note,4a0b2cb0b9c452b59b4d17cf8d16cf14e973c6276d1df40f9efcfaea0bf8f384,data/raw/datasets/datasets/Notes/Whole/w826.jpg,64,64,0.13232421875
data/processed/images/whole_note/004375.png,whole_note,1c528495dc6ef8240fcc7f6ef3fb1a6d0dc85414d17c8b3bafcc0b266e8c561a,data/raw/datasets/datasets/Notes/Whole/w440.jpg,64,64,0.021728515625
data/processed/images/sixteenth_note/003270.png,sixteenth_note,ff53aceac58f54afe5afa23f513badbb8f34d2a17aab76fc44decd5d015adb45,data/raw/datasets/datasets/Notes/Sixteenth/s345.jpg,64,64,0.08544921875
data/processed/images/sixteenth_note/003321.png,sixteenth_note,4d7462a619df1ba03deac7b92e8225da11f39cc67234287bf9c5d2b0bbd7ecad,data/raw/datasets/datasets/Notes/Sixteenth/s391.jpg,64,64,0.087646484375
data/processed/images/eighth_note/000434.png,eighth_note,fae42c0b3f83ba10fc3e80e8362b47513619d7df276907d634371fd55fc12258,data/raw/datasets/datasets/Notes/Eight/e49.jpg,64,64,0.0380859375
data/processed/images/half_note/001894.png,half_note,792c216d6a4307d460b07176375a99984c000d3fb73b1a91827de4029fab7160,data/raw/datasets/datasets/Notes/Half/h907.jpg,64,64,0.025390625
data/processed/images/sixteenth_note/003833.png,sixteenth_note,78533f8816bdfa4dd115a888b4f3383e963b35451ab98b085ba2b88b303661a2,data/raw/datasets/datasets/Notes/Sixteenth/s853.jpg,64,64,0.15380859375
data/processed/images/half_note/001434.png,half_note,ebfd8c31eff1ee3a8910da3abe0f630806c3f891c987019db0196c482463f2dc,data/raw/datasets/datasets/Notes/Half/h493.jpg,64,64,0.015625
data/processed/images/eighth_note/000456.png,eighth_note,24bf822b02439ea360622d497392bc7728a66c949104110db2f0f7207b17f569,data/raw/datasets/datasets/Notes/Eight/e509.jpg,64,64,0.060546875
data/processed/images/sixteenth_note/003201.png,sixteenth_note,9e33928cfd1d52d647428115a0d19864bbf81b0200a51af2260899d077a8596d,data/raw/datasets/datasets/Notes/Sixteenth/s283.jpg,64,64,0.18017578125
data/processed/images/whole_note/004908.png,whole_note,efd1f0a1be6fb56ad470e4b7f2bbf0857d4d06f6aaf8ea61e8d0c786e67b6093,data/raw/datasets/datasets/Notes/Whole/w920.jpg,64,64,0.115234375
data/processed/images/eighth_note/000144.png,eighth_note,33a594f372bc00126566fbd4021d02672c1ef09d414e4ccd7385f1800bea87df,data/raw/datasets/datasets/Notes/Eight/e228.jpg,64,64,0.02734375
data/processed/images/sixteenth_note/003488.png,sixteenth_note,6623b1f82d8c850c0bd17653441b4445dbab5608183486c8f85b666cb8c373a1,data/raw/datasets/datasets/Notes/Sixteenth/s541.jpg,64,64,0.07177734375
data/processed/images/quarter_note/002598.png,quarter_note,be53df4cc201031ca204f73caa28b0c59129906217b297b9dfb67d2bcb55eb6c,data/raw/datasets/datasets/Notes/Quarter/q640.jpg,64,64,0.0673828125
data/processed/images/half_note/001698.png,half_note,b7ae658afa47aed8c330c96b74cccbc971f5a2ad471a06fd06cee58b090662c5,data/raw/datasets/datasets/Notes/Half/h730.jpg,64,64,0.025146484375
data/processed/images/whole_note/004202.png,whole_note,a98ff10aa2b9dc80b1378021bbb17afe7cc06280f43599c3c3808340ce1d2be4,data/raw/datasets/datasets/Notes/Whole/w285.jpg,64,64,0.05419921875
data/processed/images/whole_note/004492.png,whole_note,b1b5cb10a56a0573165a2ca073753737768281cf2632a71f1dc6ca682321e591,data/raw/datasets/datasets/Notes/Whole/w546.jpg,64,64,0.033447265625
data/processed/images/eighth_note/000929.png,eighth_note,de8a3854bad74cfdc97dd8e8e498bdb32ec25c83b7c059ec6e01deda8744157f,data/raw/datasets/datasets/Notes/Eight/e939.jpg,64,64,0.044677734375
data/processed/images/sixteenth_note/003984.png,sixteenth_note,f23f598b7688f892d60bddec431d41155ce0fa592648c6e9d40f4747cbab9378,data/raw/datasets/datasets/Notes/Sixteenth/s99.jpg,64,64,0.054931640625
data/processed/images/half_note/001850.png,half_note,0027b0f756b787038e0e32a3dd04215972bf0bf3fc5d59bb1646ac9af7968d40,data/raw/datasets/datasets/Notes/Half/h868.jpg,64,64,0.01708984375
data/processed/images/whole_note/004077.png,whole_note,412f9d74dab3b1438a48928b8472d8d68da0f48d99fc608c4dd202c9742abce3,data/raw/datasets/datasets/Notes/Whole/w172.jpg,64,64,0.110107421875
data/processed/images/half_note/001490.png,half_note,6076696797032b1a4cc476575deca347f94c80e09dd4ae070c6b4ee2c78c1467,data/raw/datasets/datasets/Notes/Half/h543.jpg,64,64,0.06103515625
data/processed/images/half_note/001207.png,half_note,e0bf65de4d956783f44fa5d615b4ac63c9fa991ff4c7bf7d33aec7c5506da454,data/raw/datasets/datasets/Notes/Half/h289.jpg,64,64,0.02294921875
data/processed/images/half_note/001404.png,half_note,88a2d3a5ce31ea626fc88e8bcd76d0e404031e69ed30e49e100776dc5266217b,data/raw/datasets/datasets/Notes/Half/h466.jpg,64,64,0.01904296875
data/processed/images/eighth_note/000629.png,eighth_note,64cf1fce5a223bb8a310dfda20f90caf0742922e9b92ca258b57e20bd5e97b51,data/raw/datasets/datasets/Notes/Eight/e665.jpg,64,64,0.08447265625
data/processed/images/eighth_note/000097.png,eighth_note,1fcbb9022b917555689db2f6183b1c9edaaabfe8cf199e9363b758bfa6eb0bab,data/raw/datasets/datasets/Notes/Eight/e186.jpg,64,64,0.09716796875
data/processed/images/whole_note/004185.png,whole_note,595138e459124a072e509b26616a1f5add1ec2082d7afea9e34645006044e9de,data/raw/datasets/datasets/Notes/Whole/w27.jpg,64,64,0.169921875
data/processed/images/sixteenth_note/003588.png,sixteenth_note,c352b39dd1ebc0c287339c3fbd660bb91f336a958fba1547d00582307df7983d,data/raw/datasets/datasets/Notes/Sixteenth/s631.jpg,64,64,0.13916015625
data/processed/images/quarter_note/002176.png,quarter_note,435aeb2d0bfd2d4ce044e212b684fd059ce8ee20bee8bdb7c14ffb14f7be68de,data/raw/datasets/datasets/Notes/Quarter/q260.jpg,64,64,0.017822265625
data/processed/images/whole_note/004896.png,whole_note,906272aebe15f4c5d06ad51fcd98369817c8bef008e1a517b855ac431f4ece0b,data/raw/datasets/datasets/Notes/Whole/w91.jpg,64,64,0.24365234375
data/processed/images/half_note/001747.png,half_note,3a732a6fe474840810151e6a34775f9bc3fb50cdf277025fdf39da355b95dfe7,data/raw/datasets/datasets/Notes/Half/h775.jpg,64,64,0.02880859375
data/processed/images/eighth_note/000143.png,eighth_note,ac7e295ad92e8afb60e82910939932d2f52831c151ccd6fbdcf35c5a4192ff45,data/raw/datasets/datasets/Notes/Eight/e227.jpg,64,64,0.061767578125
data/processed/images/half_note/001451.png,half_note,c385705bd4d83dc9bdd947d182dddb3501a19613db9d2d14545187d1f0c007c2,data/raw/datasets/datasets/Notes/Half/h508.jpg,64,64,0.061279296875
data/processed/images/whole_note/004092.png,whole_note,6508f3edc0cf2b11c2e948f250be2c293837a6cf99291ec05f2554a0504cc46b,data/raw/datasets/datasets/Notes/Whole/w186.jpg,64,64,0.171630859375
data/processed/images/sixteenth_note/003310.png,sixteenth_note,42a92bc89f1d381ed934903cd9dc07dfbd467f1c8bcf16e30f1ab64facb9ef2b,data/raw/datasets/datasets/Notes/Sixteenth/s381.jpg,64,64,0.120361328125
data/processed/images/sixteenth_note/003509.png,sixteenth_note,a7a8903a05a0f07f1794f85e246b2e3714e6abcd9c40d655b854ac08ede2295b,data/raw/datasets/datasets/Notes/Sixteenth/s560.jpg,64,64,0.1796875
data/processed/images/whole_note/004577.png,whole_note,e547289f1a9762da650a3e77f8939419bc9a395a27fa4633bfc7bb6b9db0a4cd,data/raw/datasets/datasets/Notes/Whole/w622.jpg,64,64,0.10888671875
data/processed/images/quarter_note/002243.png,quarter_note,cd4a3622dc05d45e060cc4d2c2054ddd087b0a9d468d8529c801503f00acdac7,data/raw/datasets/datasets/Notes/Quarter/q320.jpg,64,64,0.129638671875
data/processed/images/sixteenth_note/003354.png,sixteenth_note,131531f5c87255610eae08b68ee8fe4dd43c40ddbc356d20bcd3f16364cef63a,data/raw/datasets/datasets/Notes/Sixteenth/s420.jpg,64,64,0.095947265625
data/processed/images/quarter_note/002225.png,quarter_note,7f94722a84c974bc021d4899ab7a6805f7c4b2e5c406132276256bcb9cce3bba,data/raw/datasets/datasets/Notes/Quarter/q304.jpg,64,64,0.132568359375
data/processed/images/quarter_note/002469.png,quarter_note,3d77159c4786ea56cdac7c29683ed604c36d05490dc255bc02189533ae67bc53,data/raw/datasets/datasets/Notes/Quarter/q524.jpg,64,64,0.117919921875
data/processed/images/whole_note/004498.png,whole_note,ad70dc7e53717384f060baa57eee1f0f5b461a444c6175bd468623768876ffa4,data/raw/datasets/datasets/Notes/Whole/w551.jpg,64,64,0.037353515625
data/processed/images/quarter_note/002027.png,quarter_note,2e0df4223106d0cfcf42a9fe7ce507b2a811d96d695baad2d7bf42ddbb80b575,data/raw/datasets/datasets/Notes/Quarter/q126.jpg,64,64,0.0380859375
data/processed/images/sixteenth_note/003129.png,sixteenth_note,1d3cc9220ff8170ad2865d978092ced3d43128426ea7b485e75fb2a6c0596696,data/raw/datasets/datasets/Notes/Sixteenth/s218.jpg,64,64,0.038330078125
data/processed/images/quarter_note/002578.png,quarter_note,e8141ef76533d971d6d37de23ad9b7b6531d294b27cac3cf94be2f47e5403dd3,data/raw/datasets/datasets/Notes/Quarter/q622.jpg,64,64,0.0517578125
data/processed/images/eighth_note/000478.png,eighth_note,d4672bba380068b775caa3b1434a735871e7a108c5cd3a91c6b4e1a3fa53f334,data/raw/datasets/datasets/Notes/Eight/e529.jpg,64,64,0.095947265625
data/processed/images/eighth_note/000786.png,eighth_note,31e711865d1099bb240aeefc5286792f0e1583eadfcd0454b16c75f59ded330c,data/raw/datasets/datasets/Notes/Eight/e81.jpg,64,64,0.021484375
data/processed/images/half_note/001375.png,half_note,3c84426ecaef3f98a2f4d6d63830b9a7f184f8c051a22f213d22c94c94d00326,data/raw/datasets/datasets/Notes/Half/h44.jpg,64,64,0.052490234375
data/processed/images/whole_note/004457.png,whole_note,73663d758cc0fb9463a798ecfc5bad8880ae93165a7c095507c4bf57042de429,data/raw/datasets/datasets/Notes/Whole/w514.jpg,64,64,0.0234375
data/processed/images/quarter_note/002139.png,quarter_note,294ae5d609f322e1b288fba8f28aa2e08794496f5a79304bdbbccc68c09899d2,data/raw/datasets/datasets/Notes/Quarter/q227.jpg,64,64,0.025146484375
data/processed/images/quarter_note/002368.png,quarter_note,bc30cf8a021e7dc98af08019d9943d1f9d6565eddbd469e64d4034da0ee8981b,data/raw/datasets/datasets/Notes/Quarter/q433.jpg,64,64,0.0302734375
data/processed/images/sixteenth_note/003758.png,sixteenth_note,483df8da67ca1c50780d66b0a2d1b6d4b0a81382865ed7324bc6bd2a546a1714,data/raw/datasets/datasets/Notes/Sixteenth/s786.jpg,64,64,0.053466796875
data/processed/images/eighth_note/000148.png,eighth_note,1eeb5aa6f2663e72aba5df5fc71f5255d692385bfbc9dba7086ba2f022226ca2,data/raw/datasets/datasets/Notes/Eight/e231.jpg,64,64,0.041748046875
data/processed/images/quarter_note/002486.png,quarter_note,378afd5908fa36c0d6cdd45a00351c8292a38649f6077003ba4398bc269b76e9,data/raw/datasets/datasets/Notes/Quarter/q54.jpg,64,64,0.05908203125
data/processed/images/sixteenth_note/003286.png,sixteenth_note,0db0a2eb730ddd6a71ef1c8debd3cd240c6c4e6914ac23261ebd73fc7575bfa3,data/raw/datasets/datasets/Notes/Sixteenth/s36.jpg,64,64,0.158935546875
data/processed/images/sixteenth_note/003365.png,sixteenth_note,e365aea1af93980fd54aefa5f22a9289828f808f33de26442bd73e545fdbd70a,data/raw/datasets/datasets/Notes/Sixteenth/s430.jpg,64,64,0.0703125
data/processed/images/half_note/001844.png,half_note,0c45252bf0c0174fdf93f1cc31de9b9acf88336f710844956ae7dd9410ac8f2e,data/raw/datasets/datasets/Notes/Half/h862.jpg,64,64,0.03466796875
data/processed/images/whole_note/004344.png,whole_note,8bc6d77d6e33cf95cbae4b95fd6eb5793a8ea5bffdd5a2f2ef4706f92bd3cba9,data/raw/datasets/datasets/Notes/Whole/w412.jpg,64,64,0.054931640625
data/processed/images/sixteenth_note/003740.png,sixteenth_note,b0ca01a2dc4768f1c825cc94dec07b03660bbff286b9dc1ddfe6012dfdf3839c,data/raw/datasets/datasets/Notes/Sixteenth/s77.jpg,64,64,0.0927734375
data/processed/images/sixteenth_note/003089.png,sixteenth_note,37696ac68286d5a76ea3ea04a7dd8b710944a5660aed322737d0846b15659193,data/raw/datasets/datasets/Notes/Sixteenth/s182.jpg,64,64,0.037353515625
data/processed/images/half_note/001785.png,half_note,f35ca53cc327e7d3baccb949eacc6ce262f38550f9ac333a67e5cfc16956c157,data/raw/datasets/datasets/Notes/Half/h809.jpg,64,64,0.0546875
data/processed/images/sixteenth_note/003435.png,sixteenth_note,38d3fe9e0a03a2819255826025aeb65868f5cc75ea69cdc048bf439b126af46a,data/raw/datasets/datasets/Notes/Sixteenth/s494.jpg,64,64,0.1650390625
data/processed/images/whole_note/004581.png,whole_note,71be3d6249b71bb0171a9b6d017a491dd2fed4988c02b4af2fb962176e923691,data/raw/datasets/datasets/Notes/Whole/w626.jpg,64,64,0.06494140625
data/processed/images/quarter_note/002275.png,quarter_note,c1b2e4f736bc1c461e2da518107efed9a40fdc9b065825862df58063fe30e118,data/raw/datasets/datasets/Notes/Quarter/q35.jpg,64,64,0.045654296875
data/processed/images/eighth_note/000746.png,eighth_note,a02ef573d112c920fceba30ea6390f49183ffb3991ecdd36d03b64dd8c02b958,data/raw/datasets/datasets/Notes/Eight/e773.jpg,64,64,0.223388671875
data/processed/images/eighth_note/000044.png,eighth_note,83aafd48c565147bd4632f179d6ab04c4e59a4640d76d1e5498beb7fe02c3c2e,data/raw/datasets/datasets/Notes/Eight/e138.jpg,64,64,0.03955078125
data/processed/images/whole_note/004553.png,whole_note,67b0e47299473018b7f0d12f7d2a055129f0aa8c86490fef2771e7d5e3f1d209,data/raw/datasets/datasets/Notes/Whole/w600.jpg,64,64,0.07568359375
data/processed/images/half_note/001077.png,half_note,393ecc26f50af43e8ae0bf60e2063615fe6b64aed06be9056b4a2400c0ea4d67,data/raw/datasets/datasets/Notes/Half/h171.jpg,64,64,0.023681640625
data/processed/images/eighth_note/000832.png,eighth_note,9de0f694cea9f825c7148dfe68ab8d31642c04140f42ba503ed56e0bb2cc7293,data/raw/datasets/datasets/Notes/Eight/e851.jpg,64,64,0.08154296875
data/processed/images/quarter_note/002125.png,quarter_note,1abe6f4a7b6b1118fa1ecb270ab9c89020159b897d5c84ff2583ae0cd5488632,data/raw/datasets/datasets/Notes/Quarter/q214.jpg,64,64,0.06005859375
data/processed/images/sixteenth_note/003529.png,sixteenth_note,74c2282440e2518d1eb5cb8424081fb15584a7c9d68a08859eb1e59fc557ea0b,data/raw/datasets/datasets/Notes/Sixteenth/s579.jpg,64,64,0.093017578125
data/processed/images/sixteenth_note/003866.png,sixteenth_note,514fd849a71e04ec3464c52ed1aa879e3e778bfaafbac45104f8b71956d39d3a,data/raw/datasets/datasets/Notes/Sixteenth/s883.jpg,64,64,0.0556640625
data/processed/images/quarter_note/002141.png,quarter_note,97d05b2c2202e0051f7563cac4937bf73dd33d640d1b841b51c66459b0d84084,data/raw/datasets/datasets/Notes/Quarter/q229.jpg,64,64,0.025146484375
data/processed/images/quarter_note/002855.png,quarter_note,7544bc913693e55eae9b62dfb71945582f627c470c5e29933615411867d3ab00,data/raw/datasets/datasets/Notes/Quarter/q872.jpg,64,64,0.048828125
data/processed/images/eighth_note/000051.png,eighth_note,aa370dc838ada4d90d8cf67c3a93ada59e58cb3b19d1c13c10c32cf20fadeb2b,data/raw/datasets/datasets/Notes/Eight/e144.jpg,64,64,0.04052734375
data/processed/images/quarter_note/002291.png,quarter_note,03e829b0deb12723d545558b3b87faeb0115b06cc1249767d84de2d2d62b51e9,data/raw/datasets/datasets/Notes/Quarter/q364.jpg,64,64,0.11376953125
data/processed/images/quarter_note/002591.png,quarter_note,d774b2676436e940bcfac3f64d0fa5a7c853bedd97f0db45511fe6c630aba8a9,data/raw/datasets/datasets/Notes/Quarter/q634.jpg,64,64,0.057861328125
data/processed/images/eighth_note/000638.png,eighth_note,32b3c2a252ae915659ce29b3a7b2d06999c887d137f6f9411efe1bee296f4da4,data/raw/datasets/datasets/Notes/Eight/e673.jpg,64,64,0.05224609375
data/processed/images/whole_note/004641.png,whole_note,e6f4ca20f77f20e81393deff569961d4dce77286147c26b03103c16e0fea216f,data/raw/datasets/datasets/Notes/Whole/w680.jpg,64,64,0.3017578125
data/processed/images/eighth_note/000264.png,eighth_note,5f5bb72d66993e6d5f66c7cb5762d42d0656b1538b2d8c871b0eea5eb23ac027,data/raw/datasets/datasets/Notes/Eight/e336.jpg,64,64,0.064453125
data/processed/images/sixteenth_note/003013.png,sixteenth_note,3f9d7cb6240d41841fd284c07aeba915e17b949500dc88ed14baa52ce4c5454d,data/raw/datasets/datasets/Notes/Sixteenth/s113.jpg,64,64,0.106689453125
data/processed/images/eighth_note/000898.png,eighth_note,fa8cf060d87227505d17427b9248fe40e4e7ac9e3ab97222dca6474102a08b15,data/raw/datasets/datasets/Notes/Eight/e910.jpg,64,64,0.04345703125
data/processed/images/half_note/001551.png,half_note,06ea2e891c32484181b027660ed1928e3bfb8f1ab97727977dca396cde68428b,data/raw/datasets/datasets/Notes/Half/h599.jpg,64,64,0.026123046875
data/processed/images/eighth_note/000931.png,eighth_note,86022ce7264193bb2049739fa53ea0fde644e301ac78731fb84a83ce8df0deca,data/raw/datasets/datasets/Notes/Eight/e940.jpg,64,64,0.040771484375
data/processed/images/eighth_note/000108.png,eighth_note,0efa22f0b428df634063a7ae6f8f9208c467b4b86981350790a144fb6081f810,data/raw/datasets/datasets/Notes/Eight/e196.jpg,64,64,0.081787109375
data/processed/images/sixteenth_note/003091.png,sixteenth_note,57d99fb69b5c1fe03c1d8b61bcc6c02817cd47e702ffd2c0f894f64a52f12fb0,data/raw/datasets/datasets/Notes/Sixteenth/s184.jpg,64,64,0.04296875
data/processed/images/quarter_note/002753.png,quarter_note,e1b32a90ea2aff0e607801e48c8e8407843c9f3dcefd77e4b680fac413f369f4,data/raw/datasets/datasets/Notes/Quarter/q780.jpg,64,64,0.037841796875
data/processed/images/whole_note/004538.png,whole_note,51fe07ffee491ac1e1f9633ff6c595f2a31d05efbcfeed7ee145ddfa0a8bf321,data/raw/datasets/datasets/Notes/Whole/w588.jpg,64,64,0.106689453125
data/processed/images/eighth_note/000186.png,eighth_note,01ad4629aa253ad9fe887298ff7dcc28ed53b587c989c507b20ab1658d0b2e82,data/raw/datasets/datasets/Notes/Eight/e266.jpg,64,64,0.101806640625
data/processed/images/eighth_note/000636.png,eighth_note,c2dddc0f21f1ca4623e653e1b96dc0a3ad803b24fad82c4f178deaa2c6b7ee05,data/raw/datasets/datasets/Notes/Eight/e671.jpg,64,64,0.056640625
data/processed/images/eighth_note/000003.png,eighth_note,ea4ce356be7c54c319a487c32bbb92d214d8d9128d3e418db9a6581c3f2a2997,data/raw/datasets/datasets/Notes/Eight/e1000.jpg,64,64,0.07275390625
data/processed/images/half_note/001610.png,half_note,b437c827d6c4ecca7c910bb7b3007e9af7b655b230cc5804cb276c7ef1e6921a,data/raw/datasets/datasets/Notes/Half/h651.jpg,64,64,0.099609375
data/processed/images/sixteenth_note/003407.png,sixteenth_note,0eea85edca51e40a04596c2de0e1979c8f13e6d4602b6121bb35c0fe19d996e7,data/raw/datasets/datasets/Notes/Sixteenth/s469.jpg,64,64,0.077880859375
data/processed/images/quarter_note/002726.png,quarter_note,d29960107b441e1d7ec0a46bdfb613c8567ac29b16b0a8e9ad79f6bdbf268b1e,data/raw/datasets/datasets/Notes/Quarter/q756.jpg,64,64,0.04150390625
data/processed/images/half_note/001422.png,half_note,3ea53460fc61d2ef6bd09b500537189aada20ba928891f2b5678de6b04db1e76,data/raw/datasets/datasets/Notes/Half/h482.jpg,64,64,0.01513671875
data/processed/images/quarter_note/002805.png,quarter_note,8d25acbe3f9b5f60985691733afe7e753bb91782c5e5c119dd0c7da5b090ef00,data/raw/datasets/datasets/Notes/Quarter/q827.jpg,64,64,0.0517578125
data/processed/images/sixteenth_note/003980.png,sixteenth_note,c5ab5462292afc9c3492e1e5223f231faeccef6025bb63d1855b50de6a829080,data/raw/datasets/datasets/Notes/Sixteenth/s986.jpg,64,64,0.130615234375
data/processed/images/whole_note/004828.png,whole_note,7da4b4e064318137cac63749970b478cfdaf2f3c47984b0f8736584b30d13a2a,data/raw/datasets/datasets/Notes/Whole/w849.jpg,64,64,0.21435546875
data/processed/images/half_note/001173.png,half_note,d7a3d1b65f82524c4d3039b1d8c1258c70e497788b3d2a203105837914c97bd4,data/raw/datasets/datasets/Notes/Half/h258.jpg,64,64,0.04248046875
data/processed/images/half_note/001096.png,half_note,17117f6a1bad94595dbaa8a8564f2c7120f3d7296edf2b63bdc1d7d393feb336,data/raw/datasets/datasets/Notes/Half/h189.jpg,64,64,0.025634765625
data/processed/images/quarter_note/002618.png,quarter_note,d8a613cfcf65cad426bccd5693b98144c091af6efd67c0807447945b234dea77,data/raw/datasets/datasets/Notes/Quarter/q659.jpg,64,64,0.036376953125
data/processed/images/sixteenth_note/003088.png,sixteenth_note,3b1131dd1d2536ff75e8891f82686cd78646a3da3d619035eb97fc2f1f8ac9cd,data/raw/datasets/datasets/Notes/Sixteenth/s181.jpg,64,64,0.0517578125
data/processed/images/whole_note/004830.png,whole_note,50917e47740595297d10a2ace4339a7bbf29d5100190e2a9ff710debb24de4f2,data/raw/datasets/datasets/Notes/Whole/w850.jpg,64,64,0.18798828125
data/processed/images/sixteenth_note/003060.png,sixteenth_note,16e4ab999a6d2f785eb852ac1e0102f7db44371a5d19218f8effc782fcd1c48d,data/raw/datasets/datasets/Notes/Sixteenth/s156.jpg,64,64,0.047607421875
data/processed/images/sixteenth_note/003938.png,sixteenth_note,6fea8575e7dc4bf8a1c0b0932b2b966b514637e6380286671c6aca52e4ad861f,data/raw/datasets/datasets/Notes/Sixteenth/s948.jpg,64,64,0.0849609375
data/processed/images/quarter_note/002573.png,quarter_note,a6561cc316a5c4414fe690135eba080becc63dbf4f125ddead2181504f0fc893,data/raw/datasets/datasets/Notes/Quarter/q618.jpg,64,64,0.068359375
data/processed/images/half_note/001074.png,half_note,f82d516408b9c752773d6d06ecaf2081f627da9f663be910aa264e6e42518d78,data/raw/datasets/datasets/Notes/Half/h169.jpg,64,64,0.040771484375
data/processed/images/whole_note/004794.png,whole_note,b49c6e4df2ee7acd72cb59ba18a644c5cf7b6130ea3a990ebf8d2878382dbc61,data/raw/datasets/datasets/Notes/Whole/w818.jpg,64,64,0.296142578125
data/processed/images/sixteenth_note/003929.png,sixteenth_note,40d1955b5a15a9c8c107ed31a8f4176fa88853e9b60908029ca8cdf1b91a2aa1,data/raw/datasets/datasets/Notes/Sixteenth/s94.jpg,64,64,0.05322265625
data/processed/images/whole_note/004245.png,whole_note,ae06d09d35f2382c1ba5af9f36d128107063497bf0f52ee1e1742f2aacce8b05,data/raw/datasets/datasets/Notes/Whole/w323.jpg,64,64,0.17138671875
data/processed/images/whole_note/004197.png,whole_note,6e5c37b120c7504eb5fc1173a42491d3ea4bd2316ff9cb4c779feaec5cad51a1,data/raw/datasets/datasets/Notes/Whole/w280.jpg,64,64,0.06005859375
data/processed/images/half_note/001158.png,half_note,b55f646c682a86919f19d606f5fa28a84f98b9a9a8e8f63ed57f573c5c2f338d,data/raw/datasets/datasets/Notes/Half/h244.jpg,64,64,0.027587890625
data/processed/images/eighth_note/000645.png,eighth_note,4657c2e338514fcfb48f03270bbddb314642b638ba2d0761f225ad6510eb65a0,data/raw/datasets/datasets/Notes/Eight/e68.jpg,64,64,0.07421875
data/processed/images/sixteenth_note/003611.png,sixteenth_note,470222d3c74c7c181dda5fa9aac15f5da4902d452388a1bf480ef5fe7ce25bcc,data/raw/datasets/datasets/Notes/Sixteenth/s652.jpg,64,64,0.07568359375
data/processed/images/sixteenth_note/003475.png,sixteenth_note,73245f644258cdc4b3591d462eb699d3c674a9449361b81510efffb7c8d013f0,data/raw/datasets/datasets/Notes/Sixteenth/s53.jpg,64,64,0.13232421875
data/processed/images/whole_note/004367.png,whole_note,6bf0eef315443afe0bf54f688d4d78d618a1e13109b3ea62840aef3dee263b7f,data/raw/datasets/datasets/Notes/Whole/w433.jpg,64,64,0.03125
data/processed/images/eighth_note/000054.png,eighth_note,eccc970f4718248f9346842d3fcad0ec2ef7208e31696bdbdc089a90188b1866,data/raw/datasets/datasets/Notes/Eight/e147.jpg,64,64,0.09912109375
data/processed/images/sixteenth_note/003514.png,sixteenth_note,f4b3b171d3412b0988127628e886d471b6bcd1d9a5eac514fd78a0c212172702,data/raw/datasets/datasets/Notes/Sixteenth/s565.jpg,64,64,0.072998046875
data/processed/images/sixteenth_note/003008.png,sixteenth_note,9d3e9c4d9e7873adbdfe88c2ae6f8644277e5cac821ff4bbebc9b632ef4fdf20,data/raw/datasets/datasets/Notes/Sixteenth/s109.jpg,64,64,0.11328125
data/processed/images/quarter_note/002018.png,quarter_note,b576fd1aefdff118acec42111d52b75f44943c3e9635ea83ff5120b4193d6616,data/raw/datasets/datasets/Notes/Quarter/q118.jpg,64,64,0.08251953125
data/processed/images/sixteenth_note/003495.png,sixteenth_note,faaa6bd9a2cd30988624df2b22f51372a0195d62d0b31897ae9d853c80569c78,data/raw/datasets/datasets/Notes/Sixteenth/s548.jpg,64,64,0.1201171875
data/processed/images/quarter_note/002545.png,quarter_note,de75629fc95c7c30d96259b2b2658aa2b3746dd1a61c9440724b5cbc8d056152,data/raw/datasets/datasets/Notes/Quarter/q593.jpg,64,64,0.047607421875
data/processed/images/quarter_note/002891.png,quarter_note,1469deff1bbf1c9fa97679aef28865c5f39d99def4e0203d947335899e2ffa90,data/raw/datasets/datasets/Notes/Quarter/q904.jpg,64,64,0.070556640625
data/processed/images/sixteenth_note/003976.png,sixteenth_note,e638323533f0397cba84e5099f13b57a293466df3eb218b4e46538f142e1111f,data/raw/datasets/datasets/Notes/Sixteenth/s982.jpg,64,64,0.1630859375
data/processed/images/half_note/001882.png,half_note,fb8be33b8f6c77a1dac66d33f0d86c4d78357c72d29de6ac0be687a1d79d722e,data/raw/datasets/datasets/Notes/Half/h897.jpg,64,64,0.01416015625
data/processed/images/eighth_note/000975.png,eighth_note,3699bb237ab6232e1a60685aac326b26990df19da892ed7c2fef0d74fabb03b2,data/raw/datasets/datasets/Notes/Eight/e980.jpg,64,64,0.0673828125
data/processed/images/half_note/001922.png,half_note,fee9e2cd1602f5e67556f0cfb4ce2c8b24759ef872ed0c37d219c88ddc4a1839,data/raw/datasets/datasets/Notes/Half/h932.jpg,64,64,0.015380859375
data/processed/images/quarter_note/002935.png,quarter_note,6c381bcba532d23ee123badb6f39173bd0986ad56794591eb327158df06be195,data/raw/datasets/datasets/Notes/Quarter/q944.jpg,64,64,0.09521484375
data/processed/images/sixteenth_note/003841.png,sixteenth_note,6cf2581fe820ba2f017c53c84e638203c7e9a07548dc2810b20b6f45731b55f9,data/raw/datasets/datasets/Notes/Sixteenth/s860.jpg,64,64,0.138916015625
data/processed/images/quarter_note/002525.png,quarter_note,d2e5e13504053e315deafeab5cd85c4f553b7505b27f2bd3b572aae7cd7ff797,data/raw/datasets/datasets/Notes/Quarter/q575.jpg,64,64,0.099609375
data/processed/images/eighth_note/000490.png,eighth_note,98b1dac9954a19b34a857ea75898dae7710fb5293b2b299384cb628d43eadab5,data/raw/datasets/datasets/Notes/Eight/e54.jpg,64,64,0.0703125
data/processed/images/eighth_note/000394.png,eighth_note,2467fc271082e75a0800fff77f1c49e9c2caa70f7ff8feef8bdb8e02593f824a,data/raw/datasets/datasets/Notes/Eight/e453.jpg,64,64,0.048583984375
data/processed/images/half_note/001268.png,half_note,03990dbaedee0d0ad4e757efc1e36e70ce5b0c112c481d2f430a20c0def0a4a8,data/raw/datasets/datasets/Notes/Half/h343.jpg,64,64,0.025390625
data/processed/images/whole_note/004721.png,whole_note,ac1c447dce76e233134c11eea61fbf881dc7fabeed612dea2c23ecd126b78c1c,data/raw/datasets/datasets/Notes/Whole/w752.jpg,64,64,0.359619140625
data/processed/images/whole_note/004097.png,whole_note,af888c8b7ac434a67a96fcf1bf47cec72900507374ceb4f9ae063c92ffa99164,data/raw/datasets/datasets/Notes/Whole/w190.jpg,64,64,0.170166015625
data/processed/images/whole_note/004264.png,whole_note,82f934d860c5ec9299d98f4706eb6844ba69630e85802b3e4d40371524d66850,data/raw/datasets/datasets/Notes/Whole/w340.jpg,64,64,0.291259765625
data/processed/images/whole_note/004137.png,whole_note,0459daa6d324fe102f3531faba57fb382eb2c5d0675fb6fa5e10edccdaa6d7c3,data/raw/datasets/datasets/Notes/Whole/w226.jpg,64,64,0.10302734375
data/processed/images/whole_note/004659.png,whole_note,e0bce8ffeb422597ed6ed79c3b29054412d1d0ff70b92ffd04d695852e2ff90a,data/raw/datasets/datasets/Notes/Whole/w697.jpg,64,64,0.252197265625
data/processed/images/sixteenth_note/003518.png,sixteenth_note,ad4e272d0303178297db5950f8848a5ffac641f1b5aca4335433f295e430616b,data/raw/datasets/datasets/Notes/Sixteenth/s569.jpg,64,64,0.202392578125
data/processed/images/whole_note/004789.png,whole_note,372d8a909bc4c67f15406f9c092dcf201eb31db4d3da81a9565bde1adf4d5b3b,data/raw/datasets/datasets/Notes/Whole/w813.jpg,64,64,0.529296875
data/processed/images/eighth_note/000731.png,eighth_note,42240bfdd0d7b7a0c18a6de9c84b2e1cbaaf4983cb78b99d5bfe652fc20ba277,data/raw/datasets/datasets/Notes/Eight/e759.jpg,64,64,0.192138671875
data/processed/images/quarter_note/002811.png,quarter_note,70a88dde619e6505c6ab9ffd789569c6a48c2f8e29138922337a2cab09e052ec,data/raw/datasets/datasets/Notes/Quarter/q832.jpg,64,64,0.031982421875
data/processed/images/sixteenth_note/003444.png,sixteenth_note,44c28a75561406e9b17186ee6da08cc56cd394b8e4414e1e081b87429ec5368a,data/raw/datasets/datasets/Notes/Sixteenth/s501.jpg,64,64,0.157470703125
data/processed/images/quarter_note/002722.png,quarter_note,668304034d92417e74f7ea34c80d8dbffa57d04c7e8850419a76cf011ce5e501,data/raw/datasets/datasets/Notes/Quarter/q752.jpg,64,64,0.025390625
data/processed/images/whole_note/004406.png,whole_note,ded3d494f2f2a3f7b6e52d5af6cbb1ba7eae9430854f53028406fd4f8ee06fee,data/raw/datasets/datasets/Notes/Whole/w469.jpg,64,64,0.0205078125
data/processed/images/half_note/001013.png,half_note,a1f9fac0cea317a30ee1936a7f6702b4b164573fb52d3ab099bff05571019a27,data/raw/datasets/datasets/Notes/Half/h113.jpg,64,64,0.08740234375
data/processed/images/half_note/001530.png,half_note,ea96d3352fb856352c726ae13314627fa68f8b4955d445cafb8e762d7c497869,data/raw/datasets/datasets/Notes/Half/h58.jpg,64,64,0.04736328125
data/processed/images/half_note/001651.png,half_note,a0d61713dfee79709fdead5b5213a05db88a767759fc1f2ab359ff54c14caa65,data/raw/datasets/datasets/Notes/Half/h689.jpg,64,64,0.046875
data/processed/images/quarter_note/002766.png,quarter_note,99e63638e90c74ce4c3e2957a944fea534ef4890b74ff6899c34dcc7846db73b,data/raw/datasets/datasets/Notes/Quarter/q792.jpg,64,64,0.05322265625
data/processed/images/whole_note/004628.png,whole_note,6589030401912aa94a7ff0befc22c3ffc7ecd4d978fc9b37d4f39cd39b58c984,data/raw/datasets/datasets/Notes/Whole/w669.jpg,64,64,0.13818359375
data/processed/images/quarter_note/002510.png,quarter_note,5c30bf003a190fb7046244d4bccdaca802d5511ac772ee2e103b968647055b83,data/raw/datasets/datasets/Notes/Quarter/q561.jpg,64,64,0.11328125
data/processed/images/eighth_note/000488.png,eighth_note,d7e37c711a1f6fade66f07d10fe502b1c389fa33a42c3e68cb79078c71d78cb6,data/raw/datasets/datasets/Notes/Eight/e538.jpg,64,64,0.066162109375
data/processed/images/quarter_note/002787.png,quarter_note,752760f9e509db53d42ef320eed361afa644f397a4d97b3e401288dcc4997678,data/raw/datasets/datasets/Notes/Quarter/q810.jpg,64,64,0.050048828125
data/processed/images/eighth_note/000952.png,eighth_note,9d873a9adda5b5baeadbf98076805ae2d21b5d74af750a47c7e45ed1971caaa6,data/raw/datasets/datasets/Notes/Eight/e96.jpg,64,64,0.043212890625
data/processed/images/quarter_note/002729.png,quarter_note,ee999d75442af3c9f8fc02bb0bb04ca0e56d48b864de30259d14108661a8616d,data/raw/datasets/datasets/Notes/Quarter/q759.jpg,64,64,0.039306640625
data/processed/images/eighth_note/000081.png,eighth_note,8713ae86351e035f46483267b8ad5e5ffdab2ad114dcabdcdf5bc5f2b884fac2,data/raw/datasets/datasets/Notes/Eight/e171.jpg,64,64,0.090576171875
data/processed/images/eighth_note/000809.png,eighth_note,b41a659d204ddc6600ec60be9c6b24d2e8cd9b402db2e98bacf8f5f0770cd312,data/raw/datasets/datasets/Notes/Eight/e830.jpg,64,64,0.101806640625
data/processed/images/whole_note/004900.png,whole_note,e9f620d622863f84c0bd5c72b78231604b300eb1d562a1455c694fb7c2ff9a64,data/raw/datasets/datasets/Notes/Whole/w913.jpg,64,64,0.11865234375
data/processed/images/sixteenth_note/003933.png,sixteenth_note,1066dc8f02ea6cb8ba93581ed39a34afd28ab49907fba5bb0ed63ad359f617bb,data/raw/datasets/datasets/Notes/Sixteenth/s943.jpg,64,64,0.128662109375
data/processed/images/quarter_note/002960.png,quarter_note,2b13794aef2b6d54526bf0e8d733f596addf0986001bc02ded97096b8ab0e45b,data/raw/datasets/datasets/Notes/Quarter/q967.jpg,64,64,0.125244140625
data/processed/images/eighth_note/000073.png,eighth_note,c150200e60f7f272e42f944ad36843c3e0d5f8801db632f9607ef1af1f84083f,data/raw/datasets/datasets/Notes/Eight/e164.jpg,64,64,0.125732421875
data/processed/images/whole_note/004637.png,whole_note,343f82722f23faba7a36f7ed5e8adad1e31e3e7d735aadd9d09941de3a932a6c,data/raw/datasets/datasets/Notes/Whole/w677.jpg,64,64,0.184326171875
data/processed/images/eighth_note/000452.png,eighth_note,9cc4299c13608196a51e1caa1b656a9f3fb928d29ed859542f2909d825bac635,data/raw/datasets/datasets/Notes/Eight/e505.jpg,64,64,0.0947265625
data/processed/images/half_note/001486.png,half_note,7a3e7b0bb4027d4c915e4afa91440ab3e7527cdfb82502c7323dc4fcea139ba2,data/raw/datasets/datasets/Notes/Half/h54.jpg,64,64,0.0732421875
data/processed/images/half_note/001247.png,half_note,5cf3de5136bfd6a7d67b5c27da02acb0982f1d6e18aaac972ac35e11652916ee,data/raw/datasets/datasets/Notes/Half/h324.jpg,64,64,0.026123046875
data/processed/images/half_note/001555.png,half_note,b41805b8d772460914ae14a9aa07a9b018c84c13a7c65cc4d5d63ecd9711ff21,data/raw/datasets/datasets/Notes/Half/h601.jpg,64,64,0.054443359375
data/processed/images/sixteenth_note/003746.png,sixteenth_note,1a68ffae95486ed7401e6c1faa146893a33aa1ba10a009ab47c98f1f95466af2,data/raw/datasets/datasets/Notes/Sixteenth/s775.jpg,64,64,0.0615234375
data/processed/images/half_note/001418.png,half_note,c0053937b698cacefc0a9b0c7b575125d723f470f981e5fcbf46c9028ebd1f1f,data/raw/datasets/datasets/Notes/Half/h479.jpg,64,64,0.046630859375
data/processed/images/whole_note/004074.png,whole_note,e289e3ca667071ecc8cb3ca4bacb73cf62c9409694a76163010a8508836dfd7c,data/raw/datasets/datasets/Notes/Whole/w17.jpg,64,64,0.230712890625
data/processed/images/eighth_note/000749.png,eighth_note,8fb51556544196918ccd383b60c93efa0fc4d64c2c8112fa25c848a4b05c9ee5,data/raw/datasets/datasets/Notes/Eight/e776.jpg,64,64,0.154052734375
data/processed/images/eighth_note/000760.png,eighth_note,dfca16c6e55b344dbdbdddd264952b36cc0e6dc8e452110a8642e8d8848f3387,data/raw/datasets/datasets/Notes/Eight/e787.jpg,64,64,0.282470703125
data/processed/images/half_note/001722.png,half_note,f2016880b7f32854cceefcb764fc04a76b16c65c4c7c5d6d6be786f058bfb297,data/raw/datasets/datasets/Notes/Half/h752.jpg,64,64,0.01904296875
data/processed/images/half_note/001126.png,half_note,b73899ff4a524f647ea6a0dfdc89c056a63550ff550c0fd00b6a3ed3ae41cf4f,data/raw/datasets/datasets/Notes/Half/h215.jpg,64,64,0.032958984375
data/processed/images/half_note/001803.png,half_note,5f2a9b806360e970ebd2a485f36f542c3d3fa26ad531c7dfb2801ee8314473b1,data/raw/datasets/datasets/Notes/Half/h825.jpg,64,64,0.044677734375
data/processed/images/eighth_note/000715.png,eighth_note,a0e20b882ea2213ca7f58e6c05fb4f16ad2749232722531e10c0fc13c1a46db9,data/raw/datasets/datasets/Notes/Eight/e744.jpg,64,64,0.09765625
data/processed/images/whole_note/004660.png,whole_note,73fb21584d5765fdd2dce7d6b68811ae611a07872b0cae341982e4704b06cc04,data/raw/datasets/datasets/Notes/Whole/w698.jpg,64,64,0.250732421875
data/processed/images/half_note/001497.png,half_note,f788f7c02063e97ad374ff95b4ed77b4b71baec6230fa73928c08c6601f31e3d,data/raw/datasets/datasets/Notes/Half/h55.jpg,64,64,0.049072265625
data/processed/images/eighth_note/000610.png,eighth_note,4cbcb7d19b7f7e9585d0a071d926bca804b9587389e7c015ae711b0206b79ade,data/raw/datasets/datasets/Notes/Eight/e648.jpg,64,64,0.25634765625
data/processed/images/whole_note/004283.png,whole_note,06d01033243634e4a480f263e183c29151f46faf352c841286c37d09a2f3d917,data/raw/datasets/datasets/Notes/Whole/w358.jpg,64,64,0.2939453125
data/processed/images/sixteenth_note/003113.png,sixteenth_note,69171e63eca1dfe188e434fdc882d3575018bc1d3f253477d751354dda0ff308,data/raw/datasets/datasets/Notes/Sixteenth/s203.jpg,64,64,0.044189453125
data/processed/images/half_note/001185.png,half_note,10b6a55c85ea8d9f9f0c101a42973c0ebff0617d8ba41ca8a995517bd5ad97cf,data/raw/datasets/datasets/Notes/Half/h269.jpg,64,64,0.051513671875
data/processed/images/eighth_note/000235.png,eighth_note,c6e1ba89c80f2698e1871daaa7fdf5767355bf2374fe428a108fa46437c6f891,data/raw/datasets/datasets/Notes/Eight/e31.jpg,64,64,0.070556640625
data/processed/images/whole_note/004509.png,whole_note,9a9f39fd528b866b8d74be88729a3cdeb1ee8f56af963a74d0ca690a2ada33e2,data/raw/datasets/datasets/Notes/Whole/w561.jpg,64,64,0.06591796875
data/processed/images/whole_note/004059.png,whole_note,6d8edc71982c53a405e271f6a83f76bb3a2c357d031e81e377bf22d9fa891357,data/raw/datasets/datasets/Notes/Whole/w156.jpg,64,64,0.172607421875
data/processed/images/half_note/001222.png,half_note,849dc112b7baeb7479409f31c08be78841a2d08dc0a8933f33615fd21bb9fdd4,data/raw/datasets/datasets/Notes/Half/h301.jpg,64,64,0.065673828125
data/processed/images/sixteenth_note/003349.png,sixteenth_note,5af2e041df203c0e3f871ef76866d9c3aac019a557124aaa13b539affb7a4dc2,data/raw/datasets/datasets/Notes/Sixteenth/s416.jpg,64,64,0.07275390625
data/processed/images/quarter_note/002899.png,quarter_note,d6edeafdc1db94a06b90004d79d4538261941fdae7bae2ee714758abceb18cd1,data/raw/datasets/datasets/Notes/Quarter/q911.jpg,64,64,0.024658203125
data/processed/images/eighth_note/000864.png,eighth_note,3ed793a39c1f35108070332c7cfcc15127d91216822a9c6e1f41d9d1f5148c75,data/raw/datasets/datasets/Notes/Eight/e880.jpg,64,64,0.07861328125
data/processed/images/eighth_note/000895.png,eighth_note,6a8cdd66bfd834d3a83fac741a3d5d229aee5d7f73ac6a99614284f134b02ca2,data/raw/datasets/datasets/Notes/Eight/e908.jpg,64,64,0.056884765625
data/processed/images/quarter_note/002511.png,quarter_note,2a83c4ff00958e0e70da1b51a3cb91d5f1d3fe0f0978dfe7ff32c82fd18b0900,data/raw/datasets/datasets/Notes/Quarter/q562.jpg,64,64,0.068115234375
data/processed/images/eighth_note/000583.png,eighth_note,09bd5fa1b2334a9faa480f9b7563ea061f64f0a343294dc0f2f4ae0d1bd9c9ab,data/raw/datasets/datasets/Notes/Eight/e623.jpg,64,64,0.11083984375
data/processed/images/whole_note/004769.png,whole_note,b40e1446958ae73a39e115d224f2ae65c642ea831a6eb5fecadedfda8e5bb33e,data/raw/datasets/datasets/Notes/Whole/w796.jpg,64,64,0.314697265625
data/processed/images/sixteenth_note/003240.png,sixteenth_note,d28d82607d5dc39402fb175b795084858edc26d56d58c1193b6177df40309164,data/raw/datasets/datasets/Notes/Sixteenth/s318.jpg,64,64,0.168701171875
data/processed/images/eighth_note/000184.png,eighth_note,0fa60188af6f7fe50ed82510892854349b54cb5fc644266ba165d81ae381f347,data/raw/datasets/datasets/Notes/Eight/e264.jpg,64,64,0.045166015625
data/processed/images/sixteenth_note/003867.png,sixteenth_note,1ed7f07875e2ebf7f92fc6248079b855bc7bb225ffdae318da254545edc9988c,data/raw/datasets/datasets/Notes/Sixteenth/s884.jpg,64,64,0.124755859375
data/processed/images/half_note/001135.png,half_note,3cc5b7c03cf30acd5f23352b753fa2bedd30519ebc714eac7cd7c4d0ddda16f2,data/raw/datasets/datasets/Notes/Half/h223.jpg,64,64,0.024658203125
data/processed/images/sixteenth_note/003560.png,sixteenth_note,d1db74521238d142185a8819fae6e168c17a3e6cac4a3f2614f71d339d677d40,data/raw/datasets/datasets/Notes/Sixteenth/s606.jpg,64,64,0.113525390625
data/processed/images/half_note/001240.png,half_note,8657cd35a7e0ca52f4e0f926d777ccac93e452f517a4959be131606ec41c1b97,data/raw/datasets/datasets/Notes/Half/h318.jpg,64,64,0.02783203125
data/processed/images/whole_note/004802.png,whole_note,6c4d1badefe91e7629cf32ff4bcd5fc95d40f8c1e0393310377792d48602842c,data/raw/datasets/datasets/Notes/Whole/w825.jpg,64,64,0.326416015625
data/processed/images/eighth_note/000381.png,eighth_note,a2337377ed0801b97513de90c28dadfc5c5ffd59b6cffca9b8d43314bd1f136b,data/raw/datasets/datasets/Notes/Eight/e441.jpg,64,64,0.03173828125
data/processed/images/quarter_note/002620.png,quarter_note,27203c4538d6a375997ed18116e03012197ae500937d915930e973a5788f7817,data/raw/datasets/datasets/Notes/Quarter/q660.jpg,64,64,0.068115234375
data/processed/images/eighth_note/000309.png,eighth_note,58f24b61deb3dbc390a7dd86dade87a4ea1cb387d5210cffb15007516226787b,data/raw/datasets/datasets/Notes/Eight/e377.jpg,64,64,0.039794921875
data/processed/images/half_note/001016.png,half_note,5d89fed33b383e45fe6707084764ab4074b2869c6723867b8a7f920ab3ca017f,data/raw/datasets/datasets/Notes/Half/h116.jpg,64,64,0.0302734375
data/processed/images/sixteenth_note/003075.png,sixteenth_note,e9edb9a5fc393fd8852d30ceceb16174ad3513a89e211fd75e05704ea7f542a2,data/raw/datasets/datasets/Notes/Sixteenth/s17.jpg,64,64,0.119873046875
data/processed/images/sixteenth_note/003584.png,sixteenth_note,8f91001fb92fe21a4965b102b36fe9879194bd91a0400e2689909a8e406ae985,data/raw/datasets/datasets/Notes/Sixteenth/s628.jpg,64,64,0.068359375
data/processed/images/whole_note/004717.png,whole_note,850f591a204004beadfe878690623642ddecd3871882da33d86baf34877e8a2c,data/raw/datasets/datasets/Notes/Whole/w749.jpg,64,64,0.2451171875
data/processed/images/eighth_note/000960.png,eighth_note,eef34b491f8815b362092971b6e4b46060421ab910b62e7972332a1a0dc63b7f,data/raw/datasets/datasets/Notes/Eight/e967.jpg,64,64,0.045654296875
data/processed/images/sixteenth_note/003393.png,sixteenth_note,2e207c53d52024b26e2be97de31b62137fa0f5797bfe9ca6e481c433a85a4aea,data/raw/datasets/datasets/Notes/Sixteenth/s456.jpg,64,64,0.141845703125
data/processed/images/quarter_note/002207.png,quarter_note,1b9733446ebe6b59fb0764a3377f61defe76200fc33d7d067761eee8766d6d5e,data/raw/datasets/datasets/Notes/Quarter/q289.jpg,64,64,0.068359375
data/processed/images/eighth_note/000706.png,eighth_note,afa37f476a25db739ae2ac73bc6452fff7198bc8d9320ae9908ef1b80454b88b,data/raw/datasets/datasets/Notes/Eight/e736.jpg,64,64,0.094970703125
data/processed/images/sixteenth_note/003295.png,sixteenth_note,663d58c4aa66d9a01a95254d575a8ef2f7a6806749af14f5514502f593e61a27,data/raw/datasets/datasets/Notes/Sixteenth/s368.jpg,64,64,0.04833984375
data/processed/images/eighth_note/000914.png,eighth_note,7b460e89fa64c7ffb769648a32a693824602ec87bcdeb38a2f394be1971ba46a,data/raw/datasets/datasets/Notes/Eight/e925.jpg,64,64,0.0849609375
data/processed/images/whole_note/004435.png,whole_note,c1ad416c060f475a31d1543313d03a6a0c224ffd8b027c6edc176d2c3e2f04ea,data/raw/datasets/datasets/Notes/Whole/w495.jpg,64,64,0.0166015625
data/processed/images/eighth_note/000109.png,eighth_note,b227e56211f1910c6fe30353f116327774c7ad46de9a1ff5579b14c188c4a987,data/raw/datasets/datasets/Notes/Eight/e197.jpg,64,64,0.103759765625
data/processed/images/eighth_note/000934.png,eighth_note,ae7120d5815c16b22958eda78c369c14e8b7ac4c5688841b03dcf6397919d13f,data/raw/datasets/datasets/Notes/Eight/e943.jpg,64,64,0.0439453125
data/processed/images/half_note/001787.png,half_note,095ad67d41ba762ec5dceee9ebc0572e4ed4d0cd89afb3a90ee67d1d7ba97158,data/raw/datasets/datasets/Notes/Half/h810.jpg,64,64,0.044921875
data/processed/images/quarter_note/002165.png,quarter_note,9a8b82b99f2e87c7a8e484e6904df15c80ea9440646e45a85e320b6e49ee4a1a,data/raw/datasets/datasets/Notes/Quarter/q250.jpg,64,64,0.02099609375
data/processed/images/eighth_note/000422.png,eighth_note,59bf16eabb7debf162524c1459136ae8e14125212db805956af94c62b8970662,data/raw/datasets/datasets/Notes/Eight/e479.jpg,64,64,0.03076171875
data/processed/images/quarter_note/002689.png,quarter_note,dbfb3fb35a6938f193682d9124f2cc05b75e49c5e6dacf47a16f8a172167fac1,data/raw/datasets/datasets/Notes/Quarter/q722.jpg,64,64,0.024658203125
data/processed/images/whole_note/004409.png,whole_note,8c7ba2ff197b8951ede3b2e3f2b60dfe3801c48ead97108c2a63637e89b60151,data/raw/datasets/datasets/Notes/Whole/w471.jpg,64,64,0.035400390625
data/processed/images/sixteenth_note/003351.png,sixteenth_note,13647ab9989d8e5732201e9772f14545d1cfd90ad721c40a095e2e2c67c5ea5b,data/raw/datasets/datasets/Notes/Sixteenth/s418.jpg,64,64,0.060546875
data/processed/images/sixteenth_note/003830.png,sixteenth_note,ac7c2e18e573b3e106600bdc1e589004afbddf07b2e728dd638fccd74965225f,data/raw/datasets/datasets/Notes/Sixteenth/s850.jpg,64,64,0.216552734375
data/processed/images/eighth_note/000354.png,eighth_note,b042d08049d378d7e9aebe54faf8dc4e4e758b7870b4d914993853d289ce7f64,data/raw/datasets/datasets/Notes/Eight/e417.jpg,64,64,0.15625
data/processed/images/quarter_note/002203.png,quarter_note,441614f293539ea89fa9a417518c0b8339ca0c069525884642d702320e64e915,data/raw/datasets/datasets/Notes/Quarter/q285.jpg,64,64,0.044677734375
data/processed/images/eighth_note/000635.png,eighth_note,8d77af8ec493273f9f13f517b2bbfbc3bb2ec3c161a2c13ff035b48839b9e2a8,data/raw/datasets/datasets/Notes/Eight/e670.jpg,64,64,0.13623046875
data/processed/images/sixteenth_note/003434.png,sixteenth_note,9818149820691732f61398ad51e8cb5716145b39cd42197260a533b07c489f8d,data/raw/datasets/datasets/Notes/Sixteenth/s493.jpg,64,64,0.102294921875
data/processed/images/quarter_note/002108.png,quarter_note,5012aa6fff2dd1c5a73fa9d93657ad589ff582be56ae93fe0c2814f988b757a2,data/raw/datasets/datasets/Notes/Quarter/q2.jpg,64,64,0.0361328125
data/processed/images/quarter_note/002145.png,quarter_note,1abca62ee2bd1af5c262b1ad541f4ac610309e96f0fbf2249f3286ab1ce01d14,data/raw/datasets/datasets/Notes/Quarter/q232.jpg,64,64,0.02978515625
data/processed/images/sixteenth_note/003101.png,sixteenth_note,97abaf25716112ee39fbd3d02440879ac17dd8a33f80dc65a98ea5ab792220d2,data/raw/datasets/datasets/Notes/Sixteenth/s193.jpg,64,64,0.05517578125
data/processed/images/eighth_note/000657.png,eighth_note,2e6e23e02be6960bc90aa4a77a7e5ef8e075c3ea579efcfa3a83b56fadb92f6e,data/raw/datasets/datasets/Notes/Eight/e690.jpg,64,64,0.134765625
data/processed/images/eighth_note/000588.png,eighth_note,f50e9635d83dd4c1755005447e40505574166d02978548ec822cb695f8fe9e9d,data/raw/datasets/datasets/Notes/Eight/e628.jpg,64,64,0.158203125
data/processed/images/whole_note/004000.png,whole_note,1b6b76ea1f58260161ffa60fe09d3fb9f12e20fb5aba4d9b31a79c56c3ebb8cc,data/raw/datasets/datasets/Notes/Whole/w102.jpg,64,64,0.44873046875
data/processed/images/eighth_note/000516.png,eighth_note,a6c2a17ed15233685fcf3c615fd4ce962b298dbc5aeb5a8d53acaf430bd21acf,data/raw/datasets/datasets/Notes/Eight/e563.jpg,64,64,0.04931640625
data/processed/images/eighth_note/000338.png,eighth_note,9b5b958a490b2f240ccbf4ade5d10290ffe887e1e1ef10b635212c631cf92178,data/raw/datasets/datasets/Notes/Eight/e402.jpg,64,64,0.076171875
data/processed/images/eighth_note/000703.png,eighth_note,edb7db9b9f729cdbc032b79fd81d71bc01a4abb56344cc0950b29ef6977bf9cb,data/raw/datasets/datasets/Notes/Eight/e733.jpg,64,64,0.073486328125
data/processed/images/eighth_note/000244.png,eighth_note,d696c45d8f6a87be7e736309f1a4fe3f16755d02f20d869a0ec6bdfd46d1ae6a,data/raw/datasets/datasets/Notes/Eight/e318.jpg,64,64,0.104248046875
data/processed/images/half_note/001957.png,half_note,a6735895c5956c9ed5a02a60575409debfdd6f933802f45a5a339b22cda2de97,data/raw/datasets/datasets/Notes/Half/h964.jpg,64,64,0.024169921875
data/processed/images/half_note/001119.png,half_note,22760934e6801ac54c31843c5609536b687273839fbbaab42c985d56e14146ce,data/raw/datasets/datasets/Notes/Half/h209.jpg,64,64,0.04443359375
data/processed/images/quarter_note/002635.png,quarter_note,816a12b2e9c497f1f2369982682179380e07fddfa4b4cee7a97c1c648911aed9,data/raw/datasets/datasets/Notes/Quarter/q674.jpg,64,64,0.034423828125
data/processed/images/eighth_note/000334.png,eighth_note,0c639fefd3837b7c26c83f3179f73df2f6dc0e583e8718ab1b6c32acc133d8d1,data/raw/datasets/datasets/Notes/Eight/e4.jpg,64,64,0.045654296875
data/processed/images/quarter_note/002021.png,quarter_note,ce7391001f866bb07d04f07759c648feecb73a74718e888f16d264f5ad1f3ee9,data/raw/datasets/datasets/Notes/Quarter/q120.jpg,64,64,0.08203125
data/processed/images/sixteenth_note/003409.png,sixteenth_note,702924f8396a93270a8012b2d8e7c6e7698c95a3a1b63633a3e9989eb2fb320e,data/raw/datasets/datasets/Notes/Sixteenth/s470.jpg,64,64,0.10107421875
data/processed/images/eighth_note/000439.png,eighth_note,82b0a3b0719dbd395c90b0b696b54f9b2e79536c771de8df55a89205d7af7233,data/raw/datasets/datasets/Notes/Eight/e494.jpg,64,64,0.061279296875
data/processed/images/whole_note/004685.png,whole_note,3c34b2e9ca9b29bc0afd9820b3eb20e1a99cea608188980a810111cfdcedaa59,data/raw/datasets/datasets/Notes/Whole/w72.jpg,64,64,0.16796875
data/processed/images/half_note/001980.png,half_note,7adbbfb4d3b599b59695c51b108281d72f70f31d5b0de015caaa5dc83e652204,data/raw/datasets/datasets/Notes/Half/h985.jpg,64,64,0.033447265625
data/processed/images/whole_note/004984.png,whole_note,b3d49cdcbc403abf8da51c1b80a5f9ffc0dd05e1a9b3217453c76b68bcf6ed75,data/raw/datasets/datasets/Notes/Whole/w99.jpg,64,64,0.15625
data/processed/images/quarter_note/002883.png,quarter_note,fd2f71c97443bf8ddae114e5b7165fb636ec03ef3b3e8a1c31e1be00efd994cd,data/raw/datasets/datasets/Notes/Quarter/q898.jpg,64,64,0.03759765625
data/processed/images/half_note/001782.png,half_note,ff40a5ec9ffa1c00ea4e2d2a9684f7f5c2b4471d64f18c689ae68f56c0ce9a9c,data/raw/datasets/datasets/Notes/Half/h806.jpg,64,64,0.04833984375
data/processed/images/whole_note/004611.png,whole_note,fc11617029cb854a49bb8324f23197543dc2e4881a1539c14bcb057a92d56250,data/raw/datasets/datasets/Notes/Whole/w653.jpg,64,64,0.1025390625
data/processed/images/eighth_note/000383.png,eighth_note,4d6cca543b8afb015cd918e94f6f79630ed0c9fe758d228c3af5ab0723ba6c00,data/raw/datasets/datasets/Notes/Eight/e443.jpg,64,64,0.041259765625
data/processed/images/whole_note/004225.png,whole_note,5b4208a236717d6231c660bcc0aa504c651f0e2b2049e2024f1e7689d76dc802,data/raw/datasets/datasets/Notes/Whole/w305.jpg,64,64,0.09912109375
data/processed/images/quarter_note/002389.png,quarter_note,1b99436a450de2a31b907572d19cab616b9ca5345b5e1cf71f9dff9ca97fe511,data/raw/datasets/datasets/Notes/Quarter/q452.jpg,64,64,0.0556640625
data/processed/images/sixteenth_note/003337.png,sixteenth_note,e6bacb74af8d73421c386fd82db10e3eccb91ddcbebd18dbf894152ec526c715,data/raw/datasets/datasets/Notes/Sixteenth/s405.jpg,64,64,0.053955078125
data/processed/images/quarter_note/002310.png,quarter_note,2e0da6857fcb8f7f6dcd1114b62ea248277e60a401a0cae63ecf9fd6e40e9563,data/raw/datasets/datasets/Notes/Quarter/q381.jpg,64,64,0.112548828125
data/processed/images/half_note/001057.png,half_note,9743761e7dc44c3a63fdf39eec7dd0a4f9b0e67c36dfe68f363df5cca14e1bce,data/raw/datasets/datasets/Notes/Half/h153.jpg,64,64,0.02490234375
data/processed/images/eighth_note/000927.png,eighth_note,a48f804efc931de4530a5d6394b9f381b6a8d656621d98dc1359f16399bf81fd,data/raw/datasets/datasets/Notes/Eight/e937.jpg,64,64,0.166015625
data/processed/images/sixteenth_note/003339.png,sixteenth_note,4506577982b3c7f4b95c6808a4d26a15e411722ab859e61ba5e5392b12fc798e,data/raw/datasets/datasets/Notes/Sixteenth/s407.jpg,64,64,0.057861328125
data/processed/images/whole_note/004772.png,whole_note,5a51af857f4d9b4b06cdebfe3ceccb2427c032d150473566b10b5a42cc7aa7f0,data/raw/datasets/datasets/Notes/Whole/w799.jpg,64,64,0.233154296875
data/processed/images/quarter_note/002763.png,quarter_note,08973fbf89529693803d3db1a30318ede4e1f72d413880f4e5219649647599f4,data/raw/datasets/datasets/Notes/Quarter/q79.jpg,64,64,0.18017578125
data/processed/images/whole_note/004377.png,whole_note,7f4e0631d1b8a49cd04e0b86c7515f8620a9aa457d9d6c8cf15fa0409eac05b4,data/raw/datasets/datasets/Notes/Whole/w442.jpg,64,64,0.0458984375
data/processed/images/whole_note/004939.png,whole_note,ba27e7cf6bd60c3f687bcf3bb8e0da2970e3ecc0e67ecc664cdf0b0b3e759301,data/raw/datasets/datasets/Notes/Whole/w949.jpg,64,64,0.040771484375
data/processed/images/eighth_note/000150.png,eighth_note,dec781acb432238da51a5f112279a865d067720ee2296b5575118e73154d0a54,data/raw/datasets/datasets/Notes/Eight/e233.jpg,64,64,0.045166015625
data/processed/images/half_note/001228.png,half_note,0ebfd672d38a4e372f64ea6f7484d55f54c1cd0f8f5bc13413d4ea63968afbe4,data/raw/datasets/datasets/Notes/Half/h307.jpg,64,64,0.025146484375
data/processed/images/eighth_note/000603.png,eighth_note,73912983db74a801e3c73ebd0a9f36e16283703205bf190e08f01febff6e2c69,data/raw/datasets/datasets/Notes/Eight/e641.jpg,64,64,0.122802734375
data/processed/images/eighth_note/000220.png,eighth_note,7f9cc1cc2b38532ec590f0dba7b8b2a14fa08e610f938ffb0403526c6b4ee1ca,data/raw/datasets/datasets/Notes/Eight/e297.jpg,64,64,0.078857421875
data/processed/images/eighth_note/000571.png,eighth_note,4bc92c284b31f7ef83a7fe0dbe9cb4a1275263476d97246e92a3b7f20d7b6ccf,data/raw/datasets/datasets/Notes/Eight/e612.jpg,64,64,0.232177734375
data/processed/images/sixteenth_note/003277.png,sixteenth_note,444790e1d034a1fc37fef231ac0c300686799b1e82b472fe0e2ca2dd33573b13,data/raw/datasets/datasets/Notes/Sixteenth/s351.jpg,64,64,0.152099609375
data/processed/images/eighth_note/000995.png,eighth_note,a8f1f8f33292b70d46cb03f55c0dcb06502bd9cd4b645eca064cc7d96e0fc821,data/raw/datasets/datasets/Notes/Eight/e999.jpg,64,64,0.05517578125
data/processed/images/quarter_note/002968.png,quarter_note,5fe28066aba22bf73050349ae8d8e8fec8b4b1356d0b6c022553c5bb93750d2b,data/raw/datasets/datasets/Notes/Quarter/q974.jpg,64,64,0.125732421875
data/processed/images/sixteenth_note/003795.png,sixteenth_note,ebda1c91e854e609142042a002a9b272a4b623003cfc8bfad3a716664a8d0718,data/raw/datasets/datasets/Notes/Sixteenth/s819.jpg,64,64,0.105224609375
data/processed/images/whole_note/004529.png,whole_note,56c08af8e272c4871fab9fa49ad2000cb7ad0c948790553916178c475c93faa7,data/raw/datasets/datasets/Notes/Whole/w58.jpg,64,64,0.330810546875
data/processed/images/whole_note/004386.png,whole_note,73dd54e81e73d696e012ca9556e6266ecac6249b1856ca9b8eb3e7afaf70d1d9,data/raw/datasets/datasets/Notes/Whole/w450.jpg,64,64,0.02001953125
data/processed/images/eighth_note/000495.png,eighth_note,47104fd996e2f3c2c47c26a9f02a91863aaae13605d17a8fd29a6069825c2580,data/raw/datasets/datasets/Notes/Eight/e544.jpg,64,64,0.04736328125
data/processed/images/quarter_note/002305.png,quarter_note,1107ac49f8e94475fff9d4bc5959d31d1306aaf0af644de040bdf3b72fec4ece,data/raw/datasets/datasets/Notes/Quarter/q377.jpg,64,64,0.079833984375
data/processed/images/whole_note/004067.png,whole_note,2b581195bbc6008f2f588f3190564c1588b6da1ed710d2b45a9c8c08f0a6fb6a,data/raw/datasets/datasets/Notes/Whole/w163.jpg,64,64,0.118408203125
data/processed/images/half_note/001054.png,half_note,2a56fbc9679927319a2a436e2fb09c3e33638712a0765c36bbf59f524db8d73b,data/raw/datasets/datasets/Notes/Half/h150.jpg,64,64,0.018798828125
data/processed/images/quarter_note/002002.png,quarter_note,6ce19732d879559bf329d61ca0878afc662ffe69690a5e2d68ab7ec9e01cec6e,data/raw/datasets/datasets/Notes/Quarter/q103.jpg,64,64,0.066650390625
data/processed/images/sixteenth_note/003747.png,sixteenth_note,aeceb4fe6bda745e95ede0835627554f498673c4d7d0b6823b0747dbeeb38ca6,data/raw/datasets/datasets/Notes/Sixteenth/s776.jpg,64,64,0.09130859375
data/processed/images/quarter_note/002896.png,quarter_note,e183fd35fcbc1ff05634e3722e462e7db0ae790154709abacda773b46b16751b,data/raw/datasets/datasets/Notes/Quarter/q909.jpg,64,64,0.06591796875
data/processed/images/half_note/001628.png,half_note,04c6f30b125f09afbccca7a74a32b6f459c7c2f1205ef408920aef544364d8bb,data/raw/datasets/datasets/Notes/Half/h668.jpg,64,64,0.080322265625
data/processed/images/eighth_note/000493.png,eighth_note,9b71253ab237846dbb43faccaed4466d4fbbd87abf72224fd86dcbbc3e5b8f36,data/raw/datasets/datasets/Notes/Eight/e542.jpg,64,64,0.084228515625
data/processed/images/whole_note/004888.png,whole_note,84df9328a8f01456cc0be6da5da8af111cdf4fa9ea69b32bfc6a8a319f112d73,data/raw/datasets/datasets/Notes/Whole/w902.jpg,64,64,0.240966796875
data/processed/images/quarter_note/002320.png,quarter_note,29b7f96a11ab9c9562c0a9aae06d22646ab333fc45650e1222406f19c6da5e34,data/raw/datasets/datasets/Notes/Quarter/q390.jpg,64,64,0.123291015625
data/processed/images/quarter_note/002256.png,quarter_note,efceb3c08614ac381a23034d5b05966ec4a0fb193b8f1e8692ce3b2e36530e98,data/raw/datasets/datasets/Notes/Quarter/q332.jpg,64,64,0.09228515625
data/processed/images/quarter_note/002892.png,quarter_note,44643623310785283c0e8afd11fc8c66d6cf7322b0cb1449b2182d78ea1feeb6,data/raw/datasets/datasets/Notes/Quarter/q905.jpg,64,64,0.0390625
data/processed/images/sixteenth_note/003406.png,sixteenth_note,b7b23762db7c3e602a32326a4570f0a33124623da9fe1e6439389cf6db2cfcc6,data/raw/datasets/datasets/Notes/Sixteenth/s468.jpg,64,64,0.09130859375
data/processed/images/whole_note/004403.png,whole_note,90baaf26142fb889cf70c5c0fba65944b212c3f8ae459366ca8984e453452ec9,data/raw/datasets/datasets/Notes/Whole/w466.jpg,64,64,0.03466796875
data/processed/images/sixteenth_note/003707.png,sixteenth_note,2f1fc02cd42e7be3deae9057d4a29aa4424502996960fee90387ea06045ad882,data/raw/datasets/datasets/Notes/Sixteenth/s74.jpg,64,64,0.067138671875
data/processed/images/half_note/001155.png,half_note,c0e01fd19e0a4199ced5533ac052ea37f9a515727377385045602ba46a1b951a,data/raw/datasets/datasets/Notes/Half/h241.jpg,64,64,0.0625
data/processed/images/half_note/001200.png,half_note,f000a8462e82ccf312d02386383c6179dd16adba5dfec9a5cf506523425687e9,data/raw/datasets/datasets/Notes/Half/h282.jpg,64,64,0.052490234375
data/processed/images/half_note/001544.png,half_note,c1ae291bf84bce14dd99361ba089ede9e5b1661448d91b24f04b891e16a9f260,data/raw/datasets/datasets/Notes/Half/h592.jpg,64,64,0.073974609375
data/processed/images/eighth_note/000005.png,eighth_note,f88e553e0835b872ad7f40900e880828360e12f716177edfcef506e280f8762c,data/raw/datasets/datasets/Notes/Eight/e102.jpg,64,64,0.035400390625
data/processed/images/half_note/001103.png,half_note,627b98622f71db32a45bde8d46344a038999d59fced3837116316d723f23efb3,data/raw/datasets/datasets/Notes/Half/h195.jpg,64,64,0.041259765625
data/processed/images/half_note/001350.png,half_note,089d8cc74178554dff60eba7e46160ce51d145304f826921ef66fcf4e8ea405c,data/raw/datasets/datasets/Notes/Half/h417.jpg,64,64,0.055908203125
data/processed/images/half_note/001688.png,half_note,4271eadb59c3a346970f6370230fb1c17df64e2cd448e2f7fede414bdce028dd,data/raw/datasets/datasets/Notes/Half/h721.jpg,64,64,0.027587890625
data/processed/images/quarter_note/002895.png,quarter_note,ff352341f62b79a6cfb2a948161d255ace14fdeb4f9599f6e358611f2eeb5948,data/raw/datasets/datasets/Notes/Quarter/q908.jpg,64,64,0.078857421875
data/processed/images/sixteenth_note/003497.png,sixteenth_note,b58bcd2b87f40409426788651f37722af56f3e817f685ada10b89578dc98b554,data/raw/datasets/datasets/Notes/Sixteenth/s55.jpg,64,64,0.110595703125
data/processed/images/quarter_note/002420.png,quarter_note,0df8fdf17a98d50cd66ea0e71492b1e6ce037716158a88eae3760abf5d849eec,data/raw/datasets/datasets/Notes/Quarter/q480.jpg,64,64,0.037841796875
data/processed/images/sixteenth_note/003709.png,sixteenth_note,1473cb4cd3d3eb689864af0ca76ad063b352c7ddddaf3a3c4d7c3822350525e1,data/raw/datasets/datasets/Notes/Sixteenth/s741.jpg,64,64,0.06884765625
data/processed/images/quarter_note/002136.png,quarter_note,f10d3442495b238a3912b7462fa6f9913bfe94d83ed46cfd988351707459e394,data/raw/datasets/datasets/Notes/Quarter/q224.jpg,64,64,0.048583984375
data/processed/images/whole_note/004039.png,whole_note,cef794ae8bc9121c5e9cb410d8cb7a9c529e3c237f2f759683e53bb65ca70779,data/raw/datasets/datasets/Notes/Whole/w138.jpg,64,64,0.218994140625
data/processed/images/quarter_note/002047.png,quarter_note,faf5f2750d674889ebd710d8ec8dcc46371242711907ad3fe566f25585ccd7dc,data/raw/datasets/datasets/Notes/Quarter/q144.jpg,64,64,0.087158203125
data/processed/images/whole_note/004718.png,whole_note,e346d2d9b8c35b774a2945a44b1b11e23cff93be917653e2307df30add6bd092,data/raw/datasets/datasets/Notes/Whole/w75.jpg,64,64,0.16552734375
data/processed/images/quarter_note/002971.png,quarter_note,26e0597faa60f1b1b15cbae907c88b5a23f17dca4bb715ec0f136078fb741fc0,data/raw/datasets/datasets/Notes/Quarter/q977.jpg,64,64,0.09814453125
data/processed/images/quarter_note/002384.png,quarter_note,6504abd4aa1292652873a45d6dacafd85466a137694ff84abdb2d63a5c5f3179,data/raw/datasets/datasets/Notes/Quarter/q448.jpg,64,64,0.037109375
data/processed/images/eighth_note/000410.png,eighth_note,cede14c17c028d9136b5c6b949593f3acc3724f1736065ff07990504f7f338b0,data/raw/datasets/datasets/Notes/Eight/e468.jpg,64,64,0.03759765625
data/processed/images/whole_note/004807.png,whole_note,4eb64aebe54396b58664e23ce7b8f39d519d4aa695d81fc302dd21b208016ce6,data/raw/datasets/datasets/Notes/Whole/w83.jpg,64,64,0.3310546875
data/processed/images/whole_note/004015.png,whole_note,8416c074ea5519ae3e52ab6f42efbd412f816aa72214be6db75dbc4340660c10,data/raw/datasets/datasets/Notes/Whole/w116.jpg,64,64,0.161376953125
data/processed/images/sixteenth_note/003729.png,sixteenth_note,e3ca7271eeb22445027c3f6ad974601f0b47764f4010c45e8fb9db7e86b7081a,data/raw/datasets/datasets/Notes/Sixteenth/s76.jpg,64,64,0.220947265625
data/processed/images/quarter_note/002786.png,quarter_note,e0efeb1a4fca88044f04e1f6c53b316d9ad00c5162a1c1d3b99ba00a43d28971,data/raw/datasets/datasets/Notes/Quarter/q81.jpg,64,64,0.067626953125
data/processed/images/whole_note/004237.png,whole_note,f4b1c74f31f84005a75dcf40dde55249757e74730b8519aaf75956ae6d0b0269,data/raw/datasets/datasets/Notes/Whole/w316.jpg,64,64,0.153076171875
data/processed/images/half_note/001909.png,half_note,6b25c833b39aaaa16fd464001e4ff492557eae8ddd13fa0ffe650f6879de60c4,data/raw/datasets/datasets/Notes/Half/h920.jpg,64,64,0.01513671875
data/processed/images/whole_note/004216.png,whole_note,4f2d07f297e0774987760bdb3141f813ab2ce45a4fa728ce6ae308cfd8653251,data/raw/datasets/datasets/Notes/Whole/w298.jpg,64,64,0.066650390625
data/processed/images/quarter_note/002631.png,quarter_note,d211c5bf7c50eab44f786aaa6a6ba93d06561a411dcd54a14e466b33423b6a9e,data/raw/datasets/datasets/Notes/Quarter/q670.jpg,64,64,0.068603515625
data/processed/images/sixteenth_note/003806.png,sixteenth_note,33f0120a78a6e9eb347118a744cd7ebaa0fbaf2c58fe966ffffd7608a3df3b10,data/raw/datasets/datasets/Notes/Sixteenth/s829.jpg,64,64,0.08447265625
data/processed/images/half_note/001044.png,half_note,7fa9b6ec9032b070d64c15896293af236cd000aa440630b7274c7c6274cc393e,data/raw/datasets/datasets/Notes/Half/h141.jpg,64,64,0.03125
data/processed/images/eighth_note/000900.png,eighth_note,52a45987678dd8c7e24486b4e881e671a419a6e41c3813b66a2d684ed1002db2,data/raw/datasets/datasets/Notes/Eight/e912.jpg,64,64,0.048583984375
data/processed/images/half_note/001695.png,half_note,17bb96d2a4219df9fcfec1a1b4d3591b5bfbecb500ce0aed2e5dd3b2c496f1d3,data/raw/datasets/datasets/Notes/Half/h728.jpg,64,64,0.017578125
data/processed/images/sixteenth_note/003014.png,sixteenth_note,747886d427ef8187463a65da83f6ce00618dc5d1a8773be989e7e3defd08366a,data/raw/datasets/datasets/Notes/Sixteenth/s114.jpg,64,64,0.072998046875
data/processed/images/whole_note/004536.png,whole_note,54bc846c15b7a22a672215dda890be29e3e7c693c6244c1e9229980dc1ed9750,data/raw/datasets/datasets/Notes/Whole/w586.jpg,64,64,0.04443359375
data/processed/images/half_note/001365.png,half_note,70424ec28f60c3cca84e047b61c30aa97d02fdffe0eef5c739ba6bcd67fe06e6,data/raw/datasets/datasets/Notes/Half/h430.jpg,64,64,0.030029296875
data/processed/images/eighth_note/000587.png,eighth_note,824d3e4f0980a5eca82f0e252cc4cedddb21e70e7c7797a44c7ff245f9eae84a,data/raw/datasets/datasets/Notes/Eight/e627.jpg,64,64,0.24755859375
data/processed/images/whole_note/004320.png,whole_note,86ecd6105ac9d5795b11163a5fc0182426b91ba49f767742af304330ba434b47,data/raw/datasets/datasets/Notes/Whole/w391.jpg,64,64,0.03759765625
data/processed/images/quarter_note/002991.png,quarter_note,1151732a959bd0bca0a86bb50daca3d977e742d5b599bd352ab20aa4ba79b466,data/raw/datasets/datasets/Notes/Quarter/q995.jpg,64,64,0.114013671875
data/processed/images/half_note/001334.png,half_note,852deba8046279ee198249f99424c9a656edcc6fdae12197138855bcf552518a,data/raw/datasets/datasets/Notes/Half/h402.jpg,64,64,0.06005859375
data/processed/images/eighth_note/000873.png,eighth_note,9b72519ba242820e541b0d9287027aac50ef9743b2ddfd1cd6f291a90346aa90,data/raw/datasets/datasets/Notes/Eight/e889.jpg,64,64,0.04052734375
data/processed/images/quarter_note/002113.png,quarter_note,fecf85c67b5bbde93e0ce6522096287ecc3134794c581937b7f1feee02a71c5a,data/raw/datasets/datasets/Notes/Quarter/q203.jpg,64,64,0.046630859375
data/processed/images/eighth_note/000529.png,eighth_note,7c27b6cc08885ce728b72b6224f7c7ef7d30cc6a74f5630944ecf2dee0a06676,data/raw/datasets/datasets/Notes/Eight/e575.jpg,64,64,0.056396484375
data/processed/images/whole_note/004691.png,whole_note,05da4bb75a18d4c837da9be7550e9db8f98fe2b1e2d026626491f616946b1915,data/raw/datasets/datasets/Notes/Whole/w725.jpg,64,64,0.169189453125
data/processed/images/whole_note/004381.png,whole_note,7e7912b6d123e4b3d0bb1f0c51e899c7c3d75d625da5a55af329533055e06a64,data/raw/datasets/datasets/Notes/Whole/w446.jpg,64,64,0.0390625
data/processed/images/sixteenth_note/003152.png,sixteenth_note,c1c92651cf1c39350423ba59a6f58b556942d57eb2f5199d4bc404863e9e348e,data/raw/datasets/datasets/Notes/Sixteenth/s239.jpg,64,64,0.178955078125
data/processed/images/quarter_note/002317.png,quarter_note,98a5a39679937c19b9eb3ce951b833e7500a231648221c5e11e274fd95188503,data/raw/datasets/datasets/Notes/Quarter/q388.jpg,64,64,0.102783203125
data/processed/images/eighth_note/000950.png,eighth_note,fc80f33b8d6274b27b59a8177c8b3d5b4ab8036a0903d60f70c3f91be8f4ced6,data/raw/datasets/datasets/Notes/Eight/e958.jpg,64,64,0.054931640625
data/processed/images/sixteenth_note/003385.png,sixteenth_note,3526f7616c3fcfadcc21bb71fd82df9cb0356b95e35b6e8dadc3c6ec67744cba,data/raw/datasets/datasets/Notes/Sixteenth/s449.jpg,64,64,0.16015625
data/processed/images/whole_note/004177.png,whole_note,8cdd1ce8b611d26914190abf1e859dadbdf4c3fe8636468fa8fb23eb1e9efb17,data/raw/datasets/datasets/Notes/Whole/w262.jpg,64,64,0.056396484375
data/processed/images/sixteenth_note/003323.png,sixteenth_note,a5fa1319daaed38bd1a1012c9798df046345f616209b3333711750a711078f84,data/raw/datasets/datasets/Notes/Sixteenth/s393.jpg,64,64,0.033203125
data/processed/images/eighth_note/000425.png,eighth_note,a4550dc12086cb7ef6c84f0f9f45a6c078f8a8133101af50fa53f868eb11816e,data/raw/datasets/datasets/Notes/Eight/e481.jpg,64,64,0.054443359375
data/processed/images/eighth_note/000512.png,eighth_note,70a373c56408b7f1496b1bf300ab8490b348892ac6d7a0c23998773b52b00cfd,data/raw/datasets/datasets/Notes/Eight/e56.jpg,64,64,0.163818359375
data/processed/images/sixteenth_note/003143.png,sixteenth_note,8dec3f3c70cba17f0747565378b7fd81171c72ed21547fd45d6eb543975cd982,data/raw/datasets/datasets/Notes/Sixteenth/s230.jpg,64,64,0.05615234375
data/processed/images/quarter_note/002374.png,quarter_note,afe1ad5eceffad1a8915f8d3b9dc8a98c2a1fa330b604ca7c0a6fac56eaba57f,data/raw/datasets/datasets/Notes/Quarter/q439.jpg,64,64,0.048095703125
data/processed/images/sixteenth_note/003330.png,sixteenth_note,2e32ce18253404599483a53dfb6c39bf564a8740b514a8e9e842e8623ef55d09,data/raw/datasets/datasets/Notes/Sixteenth/s4.jpg,64,64,0.081298828125
data/processed/images/half_note/001773.png,half_note,70c1db98b2a5d1e0515e18954a3775e53e6dde3815eece96bce8cbe57a15d9ab,data/raw/datasets/datasets/Notes/Half/h799.jpg,64,64,0.023681640625
data/processed/images/sixteenth_note/003028.png,sixteenth_note,e13dadfff171f6c5a27b0486cad86ef190e165ab967ca46aa3f1aa6af663345e,data/raw/datasets/datasets/Notes/Sixteenth/s127.jpg,64,64,0.111328125
data/processed/images/quarter_note/002828.png,quarter_note,35bc78278551e652cb91da878eae48e06146f9dc2632736dea48775eda2d602f,data/raw/datasets/datasets/Notes/Quarter/q848.jpg,64,64,0.046630859375
data/processed/images/eighth_note/000124.png,eighth_note,78add0b308f06a440ef906ec1c32173d2183c8d565cade7ee20f358804239dc4,data/raw/datasets/datasets/Notes/Eight/e21.jpg,64,64,0.060546875
data/processed/images/quarter_note/002479.png,quarter_note,c2a887c4afb3d5760df3c36447eaf8aafe48cf418697d6c67772b39366bcedde,data/raw/datasets/datasets/Notes/Quarter/q533.jpg,64,64,0.089111328125
data/processed/images/sixteenth_note/003253.png,sixteenth_note,e9eabe3d02adf09994b0350dd8be9f24fec66cee0be42af8f7893a84bca5fe58,data/raw/datasets/datasets/Notes/Sixteenth/s33.jpg,64,64,0.17919921875
data/processed/images/whole_note/004299.png,whole_note,b002f830aebd136e986ae7f45869df42a4997815e540932492023e2d840f4ea4,data/raw/datasets/datasets/Notes/Whole/w372.jpg,64,64,0.04052734375
data/processed/images/sixteenth_note/003607.png,sixteenth_note,5b617488c4fc3da721993d94c094f84533d55a951aeed095b16dc3a4ed69bd97,data/raw/datasets/datasets/Notes/Sixteenth/s649.jpg,64,64,0.129150390625
data/processed/images/half_note/001595.png,half_note,9fafe303349d2bd5a103b22e21b50d9e99672eb3394943d07435b4fd48811026,data/raw/datasets/datasets/Notes/Half/h638.jpg,64,64,0.072021484375
data/processed/images/eighth_note/000042.png,eighth_note,16a79d007e368ac4fa1290914b400d547b313db23681d1836f36885ece68bf54,data/raw/datasets/datasets/Notes/Eight/e136.jpg,64,64,0.02392578125
data/processed/images/quarter_note/002986.png,quarter_note,0c340b0ee76f3f1f685b6169929c03781d2ed10583c43652b0c33dd6dfd86709,data/raw/datasets/datasets/Notes/Quarter/q990.jpg,64,64,0.074951171875
data/processed/images/eighth_note/000966.png,eighth_note,6aea956fb54c17438ecddb0a0ef7f27b31951fa07b1f0079c59d759c3190e61e,data/raw/datasets/datasets/Notes/Eight/e972.jpg,64,64,0.060546875
data/processed/images/quarter_note/002478.png,quarter_note,7389e38643b8b40081a9cdb0b29a66aa1c305cc74a38bf4c01cccb2a01cbf55d,data/raw/datasets/datasets/Notes/Quarter/q532.jpg,64,64,0.126220703125
data/processed/images/quarter_note/002803.png,quarter_note,43a896c41d13e0e4f30a6470f753317e6fdacf0ac83561427325efc61f72ec7a,data/raw/datasets/datasets/Notes/Quarter/q825.jpg,64,64,0.039306640625
data/processed/images/quarter_note/002010.png,quarter_note,b60322d48277e69daa5e1d8f9199b174a2ea078207d9c62ec7ce848a1ab19153,data/raw/datasets/datasets/Notes/Quarter/q110.jpg,64,64,0.077392578125
data/processed/images/sixteenth_note/003748.png,sixteenth_note,435e671f6799a89e70a1ca906e035c7e74b60c1592ff37a57820842c1582ebb9,data/raw/datasets/datasets/Notes/Sixteenth/s777.jpg,64,64,0.09619140625
data/processed/images/quarter_note/002769.png,quarter_note,7cc5d81bbf0084adf83ddf0bff5fbf5766e5ce6ffa81d2d5246b164b1539fccc,data/raw/datasets/datasets/Notes/Quarter/q795.jpg,64,64,0.041015625
data/processed/images/eighth_note/000526.png,eighth_note,a729898148d09ac28f01df6c8c487d0521492e8d4d15e2e599837149f5642013,data/raw/datasets/datasets/Notes/Eight/e572.jpg,64,64,0.104248046875
data/processed/images/half_note/001927.png,half_note,5707bd9865dd1ce696ede757c8dd3df3670463cc249f662b816653ac4b978160,data/raw/datasets/datasets/Notes/Half/h937.jpg,64,64,0.029541015625
data/processed/images/eighth_note/000254.png,eighth_note,eb5fc7d8a553f0aa4f6a95d0906b997c8b40906b370a244c092111deb46837ca,data/raw/datasets/datasets/Notes/Eight/e327.jpg,64,64,0.032470703125
data/processed/images/quarter_note/002515.png,quarter_note,59c88838212581c481bf9159edff59c294643a99bf458019198a494994b3c1b6,data/raw/datasets/datasets/Notes/Quarter/q566.jpg,64,64,0.066650390625
data/processed/images/eighth_note/000650.png,eighth_note,2f9a0256e8447ec486921b7434f3f3c39e7d7bcfd0741042d5ef9d246ad8612a,data/raw/datasets/datasets/Notes/Eight/e684.jpg,64,64,0.09228515625
data/processed/images/whole_note/004732.png,whole_note,f128b0792bd0ce363788aa3ba93f5604e5931fc88ae2f13f087a6ef899e6666d,data/raw/datasets/datasets/Notes/Whole/w762.jpg,64,64,0.251708984375
data/processed/images/half_note/001349.png,half_note,4da2c0386f54d5100c40f05f9081543b8a500cc610903c7333fd5df897417fd0,data/raw/datasets/datasets/Notes/Half/h416.jpg,64,64,0.026611328125
data/processed/images/eighth_note/000777.png,eighth_note,63e01f6c97fa97e1acd25c214125a7eae5ffd33d69b4013fb8afa2f70d0bda1c,data/raw/datasets/datasets/Notes/Eight/e801.jpg,64,64,0.036865234375
data/processed/images/sixteenth_note/003364.png,sixteenth_note,1e05373e02ce242574c0164dd90d8e58135ce82ef3a94507be274dab94d34078,data/raw/datasets/datasets/Notes/Sixteenth/s43.jpg,64,64,0.140869140625
data/processed/images/sixteenth_note/003360.png,sixteenth_note,fabecf994880992d9eba3545af5c41600e9d4935d5bc031b0d5644eb2e8ba911,data/raw/datasets/datasets/Notes/Sixteenth/s426.jpg,64,64,0.076416015625
data/processed/images/whole_note/004782.png,whole_note,cb335898d3ce7630a82b84f3db2b4e332ba415e251be4cb09593fe0b52d5691a,data/raw/datasets/datasets/Notes/Whole/w807.jpg,64,64,0.3466796875
data/processed/images/quarter_note/002463.png,quarter_note,f184d3a2138d704ee5c90124bfbe252fd2120ad4d716bf327e5990400ae33150,data/raw/datasets/datasets/Notes/Quarter/q519.jpg,64,64,0.111572265625
data/processed/images/quarter_note/002854.png,quarter_note,546ac4573314fcb971fd90b491e397c2a0e192a261197afe9b56d1b551ddc78f,data/raw/datasets/datasets/Notes/Quarter/q871.jpg,64,64,0.08349609375
data/processed/images/sixteenth_note/003973.png,sixteenth_note,5a0fa8b5383c5c779671d9ef7c19997361f15cebc00b1a47d3d098c3da67ac2e,data/raw/datasets/datasets/Notes/Sixteenth/s98.jpg,64,64,0.11962890625
data/processed/images/sixteenth_note/003837.png,sixteenth_note,88c68653196d61d3b00c16bd7f30d107cd488803551c53f5e554b7c4dc693732,data/raw/datasets/datasets/Notes/Sixteenth/s857.jpg,64,64,0.06298828125
data/processed/images/eighth_note/000026.png,eighth_note,4e1516bbb22aea7f8aaa1efb4629dcab28d1923cf6c29ab319ed1ae15246d832,data/raw/datasets/datasets/Notes/Eight/e121.jpg,64,64,0.046142578125
data/processed/images/quarter_note/002778.png,quarter_note,4f4d41ee1306a34b2dd689806b2d977766981f0d1c3fd5cc2ac204c9996f9b19,data/raw/datasets/datasets/Notes/Quarter/q802.jpg,64,64,0.0517578125
data/processed/images/whole_note/004459.png,whole_note,0ba5dbc8172648d7c50bf67ee1de2063b157b339a8057ac3795e51a7f2d9d758,data/raw/datasets/datasets/Notes/Whole/w516.jpg,64,64,0.0517578125
data/processed/images/quarter_note/002651.png,quarter_note,92ecd489a0e2a551796a927f5c36f40677c6e5024d25d7ac9ac15d4f8c9f1c51,data/raw/datasets/datasets/Notes/Quarter/q689.jpg,64,64,0.034912109375
data/processed/images/whole_note/004152.png,whole_note,163a73acbc4c4dbc7b3eefe8df565a5b070fb0bae5da50f3d6ce01db2dae9e04,data/raw/datasets/datasets/Notes/Whole/w24.jpg,64,64,0.24365234375
data/processed/images/eighth_note/000237.png,eighth_note,02e4ece7f2167dc62307fc75f81a5b01b7766c854f37baefaf8e191279a0c975,data/raw/datasets/datasets/Notes/Eight/e311.jpg,64,64,0.0390625
data/processed/images/whole_note/004451.png,whole_note,dc6901591bb2f63f22d13526ad13210b583d1f49099d819e0ab2df668068bb33,data/raw/datasets/datasets/Notes/Whole/w509.jpg,64,64,0.06005859375
data/processed/images/quarter_note/002178.png,quarter_note,676fc1e8eeb88f6eeed0c53ccfa105d07e22708aac5651a9c19c552a23906add,data/raw/datasets/datasets/Notes/Quarter/q262.jpg,64,64,0.030517578125
data/processed/images/half_note/001899.png,half_note,1e854cc5f226062f486f864a5a677db4b0fa7b42ac153d0f8a6e724c0caf5a0e,data/raw/datasets/datasets/Notes/Half/h911.jpg,64,64,0.01171875
data/processed/images/sixteenth_note/003132.png,sixteenth_note,3b22f7a1b7a32436667c650660efdcc7592032ce48f56be0d5a7ad5b80652254,data/raw/datasets/datasets/Notes/Sixteenth/s220.jpg,64,64,0.087890625
data/processed/images/half_note/001162.png,half_note,41ba6b0f40fdb4e409934841d7a2f705c01b57b674f244f41a3638e0e232e049,data/raw/datasets/datasets/Notes/Half/h248.jpg,64,64,0.0849609375
data/processed/images/eighth_note/000355.png,eighth_note,cac80643d1f0ae5cb60a30a18a8346b41690c1a1fc485e3cb8d9c76a777284ee,data/raw/datasets/datasets/Notes/Eight/e418.jpg,64,64,0.0458984375
data/processed/images/whole_note/004964.png,whole_note,e00ebcb6123848d91078311421c81759ec5b9862485662a5f4c40527ccc559b3,data/raw/datasets/datasets/Notes/Whole/w971.jpg,64,64,0.030517578125
data/processed/images/half_note/001952.png,half_note,865b6864b42254d7d4b763df514fdd7e1d6ca8cce621e473ccc27aefac28054b,data/raw/datasets/datasets/Notes/Half/h96.jpg,64,64,0.068115234375
data/processed/images/eighth_note/000399.png,eighth_note,a7df25574aac9574493ae7622afb57e6ef8369cdb02072d29415e6c47919bc98,data/raw/datasets/datasets/Notes/Eight/e458.jpg,64,64,0.03955078125
data/processed/images/sixteenth_note/003121.png,sixteenth_note,5f207b36864d788e9c0400873d2ad0da6d9b3dc6ff56fb44512b06a118a29820,data/raw/datasets/datasets/Notes/Sixteenth/s210.jpg,64,64,0.049560546875
data/processed/images/half_note/001702.png,half_note,a91794500ad1402640fd1638e1855a2b42509744e5d7c2d5cda1515f133af499,data/raw/datasets/datasets/Notes/Half/h734.jpg,64,64,0.03662109375
data/processed/images/sixteenth_note/003107.png,sixteenth_note,d4ba9f5021a96fa01ec3f8ce35192dae74dc26b7024199449274705d015d470e,data/raw/datasets/datasets/Notes/Sixteenth/s199.jpg,64,64,0.112548828125
data/processed/images/whole_note/004105.png,whole_note,320b860fc8dc964c83eab2a6211a94441cee8035dc4749a0a810d67d0077f82a,data/raw/datasets/datasets/Notes/Whole/w198.jpg,64,64,0.067138671875
data/processed/images/eighth_note/000018.png,eighth_note,b34b474891374d14b61f6bbeebfa14b7aa80e83ffdd6103e503dc81bfa25af69,data/raw/datasets/datasets/Notes/Eight/e114.jpg,64,64,0.026123046875
data/processed/images/quarter_note/002424.png,quarter_note,d2655d827bd255a17b6800f273093950232acb5b0102a457288096fefaeb16a1,data/raw/datasets/datasets/Notes/Quarter/q484.jpg,64,64,0.080322265625
data/processed/images/half_note/001858.png,half_note,bab27c5c2c9e20f8a1f4f8582768a9471e1e5f585b43593f39d1c81426e812ca,data/raw/datasets/datasets/Notes/Half/h875.jpg,64,64,0.02734375
data/processed/images/sixteenth_note/003507.png,sixteenth_note,5dcbef75e0345334fab9831534080d2065e5c4bc2391965ce5881c197f307cc7,data/raw/datasets/datasets/Notes/Sixteenth/s559.jpg,64,64,0.090576171875
data/processed/images/eighth_note/000232.png,eighth_note,ba7007a7dd03cf8f132fec2414d51041fa6f3c880bbc82d91b0df75a70881c00,data/raw/datasets/datasets/Notes/Eight/e307.jpg,64,64,0.066162109375
data/processed/images/half_note/001477.png,half_note,56a25a2f63a879f51a654d98f6382e21596fe5eff6e27cf86cdb91d89dddb200,data/raw/datasets/datasets/Notes/Half/h531.jpg,64,64,0.078125
data/processed/images/whole_note/004392.png,whole_note,bde5fb3b55f78eb9b8aa64ac66746e39b219873b0a67e7ca8305bd7cb744d699,data/raw/datasets/datasets/Notes/Whole/w456.jpg,64,64,0.048828125
data/processed/images/half_note/001446.png,half_note,972a2f6f378a4edebbb021f82472922db8d54007bbb450ce7f2431da56e71d3a,data/raw/datasets/datasets/Notes/Half/h503.jpg,64,64,0.035400390625
data/processed/images/whole_note/004371.png,whole_note,a53a658fb8f3260a897e8488a917d01b04d2872b3679ab7288d53260db1d2382,data/raw/datasets/datasets/Notes/Whole/w437.jpg,64,64,0.02099609375
data/processed/images/whole_note/004501.png,whole_note,b4f9109366d9effbb740d75d39646d459809da5cc2d2bab243c7e68d56422d1d,data/raw/datasets/datasets/Notes/Whole/w554.jpg,64,64,0.07470703125
data/processed/images/sixteenth_note/003120.png,sixteenth_note,be1fe7f6b1eb9eb04ef9ebdd5ff78a7c95b8ff794483d7fe7d6e6469c48cea17,data/raw/datasets/datasets/Notes/Sixteenth/s21.jpg,64,64,0.15283203125
data/processed/images/sixteenth_note/003162.png,sixteenth_note,303d8a3eb63191e9ae137c5288bb257445fe957443705cff3c1135ae3058f1bf,data/raw/datasets/datasets/Notes/Sixteenth/s248.jpg,64,64,0.047119140625
data/processed/images/quarter_note/002421.png,quarter_note,eddf97bb9471612f3d8517354d8b118edc882a10a257895c63846aae9a2cce6d,data/raw/datasets/datasets/Notes/Quarter/q481.jpg,64,64,0.038330078125
data/processed/images/half_note/001273.png,half_note,d9a85b7ea5209182de2a5e3498d8461fe32720734c575272ff71affeeb8dcbd2,data/raw/datasets/datasets/Notes/Half/h348.jpg,64,64,0.026611328125
data/processed/images/whole_note/004937.png,whole_note,96785a9051eea792ea0773ece1ec3d4b9ca238c8691693cc9d85a4ea6466c876,data/raw/datasets/datasets/Notes/Whole/w947.jpg,64,64,0.044189453125
data/processed/images/half_note/001189.png,half_note,39b4da8fa20e6cba6fed1112f23473c7c26d063e3134b10ebafcccc2f2e18554,data/raw/datasets/datasets/Notes/Half/h272.jpg,64,64,0.05859375
data/processed/images/eighth_note/000604.png,eighth_note,29dadab68f6f533848968dd8c1f2e062304ea0da81f1a9f2dd130df26bb33cb7,data/raw/datasets/datasets/Notes/Eight/e642.jpg,64,64,0.17236328125
data/processed/images/sixteenth_note/003350.png,sixteenth_note,414ae89dd82a110028eaa26b5601e627d16f2dac1e8476ae0342f9af723bb3dd,data/raw/datasets/datasets/Notes/Sixteenth/s417.jpg,64,64,0.0341796875
data/processed/images/eighth_note/000973.png,eighth_note,640abd114c00999e4bb3008618702f468bf0c803ca28186b5fb5177d06287fc4,data/raw/datasets/datasets/Notes/Eight/e979.jpg,64,64,0.070556640625
data/processed/images/whole_note/004454.png,whole_note,bef4b2a2dd7ea422ce516f8e5472e517c8fa884747ebabcbe2bd3e4f13836184,data/raw/datasets/datasets/Notes/Whole/w511.jpg,64,64,0.07958984375
data/processed/images/quarter_note/002283.png,quarter_note,2b68452c28772a50acee506793a5c24b170569812dac59900c7f8cd41e329e21,data/raw/datasets/datasets/Notes/Quarter/q357.jpg,64,64,0.0830078125
data/processed/images/sixteenth_note/003190.png,sixteenth_note,9ab31470de9b2c3265055c7cc668762ef89e94869d941170bc308561b65875ae,data/raw/datasets/datasets/Notes/Sixteenth/s273.jpg,64,64,0.130615234375
data/processed/images/half_note/001513.png,half_note,cddf6887851bc6aef2f6eb641a10b5bbc159f770eeff133c73bc39fc0e2d486c,data/raw/datasets/datasets/Notes/Half/h564.jpg,64,64,0.039794921875
data/processed/images/half_note/001072.png,half_note,eb49f2507ae4cd247984498c3e6cc8e0da8ae0ba6500d93f9b1d6e7af909b5bf,data/raw/datasets/datasets/Notes/Half/h167.jpg,64,64,0.02587890625
data/processed/images/quarter_note/002826.png,quarter_note,6243103241aadb21692faa37beae5f79a9000af4fab5add32014ccb546733e9b,data/raw/datasets/datasets/Notes/Quarter/q846.jpg,64,64,0.0771484375
data/processed/images/quarter_note/002764.png,quarter_note,dbe538f91d2e4bd4c60614611090cb7269edca59d2b4a813d142fed355385479,data/raw/datasets/datasets/Notes/Quarter/q790.jpg,64,64,0.03173828125
data/processed/images/quarter_note/002747.png,quarter_note,166852bb022121a576456004e3f6aefcfa24fdc2dd4c1c2e7e4bcc65629c68b6,data/raw/datasets/datasets/Notes/Quarter/q775.jpg,64,64,0.03125
data/processed/images/whole_note/004511.png,whole_note,1200cca754d0b915e1d1f41282427a7524242a8ac8bd5232c765543341a52fb2,data/raw/datasets/datasets/Notes/Whole/w563.jpg,64,64,0.052734375
data/processed/images/half_note/001435.png,half_note,41ff74fde8dcb8fa793b2302d33b192a3cddfd6300d3c4dafdafa4deba47be1a,data/raw/datasets/datasets/Notes/Half/h494.jpg,64,64,0.018310546875
data/processed/images/whole_note/004419.png,whole_note,8bd1d4bba139697c7b0a3752b91ba1493cc17020fda6ab152cdc1d31e5b47272,data/raw/datasets/datasets/Notes/Whole/w480.jpg,64,64,0.031982421875
data/processed/images/quarter_note/002692.png,quarter_note,0f88d6b53ff42b533a6d1459f5597795482d9a68c85619ee97bf42b873edf896,data/raw/datasets/datasets/Notes/Quarter/q725.jpg,64,64,0.015380859375
data/processed/images/sixteenth_note/003038.png,sixteenth_note,05a98e890d84e6875b9eb79925caf676165d1156190644c4f0efc1ac27416016,data/raw/datasets/datasets/Notes/Sixteenth/s136.jpg,64,64,0.11328125
data/processed/images/sixteenth_note/003466.png,sixteenth_note,9c52b98ee9382568c40b72d5749e3866a7b0f758a1aebed407739ecfc4e49cc7,data/raw/datasets/datasets/Notes/Sixteenth/s521.jpg,64,64,0.227783203125
data/processed/images/sixteenth_note/003750.png,sixteenth_note,e8107adb6df09e1061d3e6f289724c4784836a018b503dfb0a1ef70c17029396,data/raw/datasets/datasets/Notes/Sixteenth/s779.jpg,64,64,0.081298828125
data/processed/images/whole_note/004159.png,whole_note,d4d29bc64a6025212959c03c6df39aa5c5d526145dd626eb63244c3767742635,data/raw/datasets/datasets/Notes/Whole/w246.jpg,64,64,0.060791015625
data/processed/images/whole_note/004853.png,whole_note,d200abe95f9f1c678a3a771b910c381a3ed4c620727c1a21f47880e096026a28,data/raw/datasets/datasets/Notes/Whole/w871.jpg,64,64,0.170166015625
data/processed/images/half_note/001768.png,half_note,40b275a74b3b899488042ecf6b8b8eec34d031eca1e908edbad70bb8a9c24fe7,data/raw/datasets/datasets/Notes/Half/h794.jpg,64,64,0.03369140625
data/processed/images/half_note/001679.png,half_note,d95dd868d5c1fd6833c0db07f816b1a622ce23769c29808e8c67feff857e63ce,data/raw/datasets/datasets/Notes/Half/h713.jpg,64,64,0.076171875
data/processed/images/whole_note/004219.png,whole_note,a7967a76ab60aa96ff94c4e401b56c736684d543fdea439cfef079786b2a4b78,data/raw/datasets/datasets/Notes/Whole/w30.jpg,64,64,0.366943359375
data/processed/images/whole_note/004654.png,whole_note,956c19f17c5ab0b95bb9cd0b6636fba3f6608650bdbe96172fe83c992006218e,data/raw/datasets/datasets/Notes/Whole/w692.jpg,64,64,0.174072265625
data/processed/images/eighth_note/000785.png,eighth_note,304be4656cf128013bd1106f99f99e9d2d9998ed766e5b40409ea12ff14064ce,data/raw/datasets/datasets/Notes/Eight/e809.jpg,64,64,0.05859375
data/processed/images/sixteenth_note/003125.png,sixteenth_note,cc1eb74664e0b68ec1e803314a1b3242ea1cf8172d53f555f80301bc57fd703d,data/raw/datasets/datasets/Notes/Sixteenth/s214.jpg,64,64,0.040283203125
data/processed/images/sixteenth_note/003115.png,sixteenth_note,0eac1d5271b5d85a0b0c2cd3610b4f3415eef9bc2f51b0391cee2b7355fdf947,data/raw/datasets/datasets/Notes/Sixteenth/s205.jpg,64,64,0.053955078125
data/processed/images/sixteenth_note/003325.png,sixteenth_note,9d7ed8fc716213f3789a22ed28aa7a99254e1de0403efccf9025b3055a692489,data/raw/datasets/datasets/Notes/Sixteenth/s395.jpg,64,64,0.058837890625
data/processed/images/half_note/001267.png,half_note,bf314c34dd56cb6d3fe8b917ebfde81ea6a9e054cd9403a447cc19af7d033516,data/raw/datasets/datasets/Notes/Half/h342.jpg,64,64,0.01953125
data/processed/images/quarter_note/002028.png,quarter_note,936b1b62ac8f032ace83dc992f867e715552d672d0f670d0eddeedfb1bb0617a,data/raw/datasets/datasets/Notes/Quarter/q127.jpg,64,64,0.076171875
data/processed/images/whole_note/004815.png,whole_note,bb297c15be021d2d972e60b40a71d1928e94e3c1a05c6ea46b826ea57ab5decd,data/raw/datasets/datasets/Notes/Whole/w837.jpg,64,64,0.234375
data/processed/images/whole_note/004284.png,whole_note,9b0dc494862df8b47c5216d364652c01479cc6c187a7b28726aa5ae0cbbc5a8e,data/raw/datasets/datasets/Notes/Whole/w359.jpg,64,64,0.109375
data/processed/images/half_note/001811.png,half_note,f2afd98036eef2eb84c5926e3594804efccf4085ff867164cc1b64df2d2a6bcf,data/raw/datasets/datasets/Notes/Half/h832.jpg,64,64,0.032470703125
data/processed/images/quarter_note/002345.png,quarter_note,c8190042b3cd187f9dea955a8335ddaac334ab5a6dba89d48bba3b581a772bfc,data/raw/datasets/datasets/Notes/Quarter/q412.jpg,64,64,0.05419921875
data/processed/images/eighth_note/000450.png,eighth_note,8d527cf59237948374b290c6717bacac3abb3d95847de51815285e57256fe0a1,data/raw/datasets/datasets/Notes/Eight/e503.jpg,64,64,0.078125
data/processed/images/eighth_note/000213.png,eighth_note,3136bd2c5d766b0f3bcc42c13aecf2b08ceebfc32d0777b927cedec6892154d7,data/raw/datasets/datasets/Notes/Eight/e290.jpg,64,64,0.031494140625
data/processed/images/whole_note/004630.png,whole_note,fac7b9479e8494e153f158750b15742487c588e5fab6a43deea10030a94083e4,data/raw/datasets/datasets/Notes/Whole/w670.jpg,64,64,0.17431640625
data/processed/images/half_note/001968.png,half_note,8328b9195b1d58ff3a1350375d71ff71d04d90c681e34e967be511da295af91e,data/raw/datasets/datasets/Notes/Half/h974.jpg,64,64,0.04736328125
data/processed/images/whole_note/004579.png,whole_note,ea683f7e65fe6749dc70baf5a44fca3d6b8870a6bcea3adbea8a76c5f88343aa,data/raw/datasets/datasets/Notes/Whole/w624.jpg,64,64,0.041259765625
data/processed/images/whole_note/004255.png,whole_note,b74e5cb7d84735bb159c31492944f855070e9f77b5236183b0d74fcc8078daf8,data/raw/datasets/datasets/Notes/Whole/w332.jpg,64,64,0.127685546875
data/processed/images/whole_note/004810.png,whole_note,b7b4df39f899e7d4e334cb6c3d86b1699cc626145cefa8e11dd61ec1775e5d88,data/raw/datasets/datasets/Notes/Whole/w832.jpg,64,64,0.22314453125
data/processed/images/whole_note/004242.png,whole_note,92b448047a614752c3c932b9afb2b734b77d8a6fe53b89d7ba567ef5f8e90254,data/raw/datasets/datasets/Notes/Whole/w320.jpg,64,64,0.166015625
data/processed/images/sixteenth_note/003262.png,sixteenth_note,c11db8549a409380edb368df1aeb61ee19c78e2efdf728235ce04dc2785a6c4d,data/raw/datasets/datasets/Notes/Sixteenth/s338.jpg,64,64,0.11474609375
data/processed/images/half_note/001870.png,half_note,dac34c7b539b4c6d1092336ead18c4d541d0781abe5ddf36762f53f8d8ecc484,data/raw/datasets/datasets/Notes/Half/h886.jpg,64,64,0.0302734375
data/processed/images/sixteenth_note/003492.png,sixteenth_note,918f33ca4a7754f1fe863c465bd8db09ac77c0f6b89514d994deb6e490759e29,data/raw/datasets/datasets/Notes/Sixteenth/s545.jpg,64,64,0.11572265625
data/processed/images/quarter_note/002428.png,quarter_note,0af7dddded9d52d56c9073c61d1b7ec3037e01f45e3d751164e7a493c814a044,data/raw/datasets/datasets/Notes/Quarter/q488.jpg,64,64,0.025390625
data/processed/images/half_note/001264.png,half_note,d42847fa98f4cdc5ea974f00a9fb7c2ffeae476868dc688bb33755a011287b38,data/raw/datasets/datasets/Notes/Half/h34.jpg,64,64,0.041015625
data/processed/images/quarter_note/002452.png,quarter_note,f6ee14d6efe9d5d7c23de4305984beaca3948083c680d43c41f88b320c28c360,data/raw/datasets/datasets/Notes/Quarter/q509.jpg,64,64,0.107666015625
data/processed/images/eighth_note/000909.png,eighth_note,c487cd078d585ff262143a4f6e82b1b120718e7894fccd5e518f7d031df40404,data/raw/datasets/datasets/Notes/Eight/e920.jpg,64,64,0.04345703125
data/processed/images/whole_note/004681.png,whole_note,4ae637df0f2a7f759a2e178614573b03edbd25cc444f858cc2846ed4726a6aac,data/raw/datasets/datasets/Notes/Whole/w716.jpg,64,64,0.1015625
data/processed/images/half_note/001481.png,half_note,ab6679b373773f0f1f271a2a7acbfd34627ba7434d8bea5b12538b10546ab300,data/raw/datasets/datasets/Notes/Half/h535.jpg,64,64,0.040283203125
data/processed/images/sixteenth_note/003287.png,sixteenth_note,02646eabd41437464066485210c2999cf7e58aee3f2eed149e116cc8f852f575,data/raw/datasets/datasets/Notes/Sixteenth/s360.jpg,64,64,0.062744140625
data/processed/images/whole_note/004856.png,whole_note,7f901c71e55fa4af91f08d434ef06c2d3ee08acf4ca054eae70517afe763e673,data/raw/datasets/datasets/Notes/Whole/w874.jpg,64,64,0.153564453125
data/processed/images/half_note/001666.png,half_note,c3dab808ed7943c126bfc69a82d88e16741fed166fe56843b2216547050b94d1,data/raw/datasets/datasets/Notes/Half/h701.jpg,64,64,0.0712890625
data/processed/images/quarter_note/002524.png,quarter_note,6a884a1067a787a07aa5cb83c5662f9feb26c095c99d9b05c889bd848f07346d,data/raw/datasets/datasets/Notes/Quarter/q574.jpg,64,64,0.151123046875
data/processed/images/whole_note/004895.png,whole_note,bb4e2f40f0b71c5917a61303ab0b55be02856fac9349a5a48faae7bb0bced61e,data/raw/datasets/datasets/Notes/Whole/w909.jpg,64,64,0.190673828125
data/processed/images/half_note/001975.png,half_note,816c5d0fe8f756531ee8338692d1effa8a82302e4847f948496d4c84d5ae4248,data/raw/datasets/datasets/Notes/Half/h980.jpg,64,64,0.039306640625
data/processed/images/sixteenth_note/003712.png,sixteenth_note,aa9c90f11d8761d3c76e58a56f57bb6a3f35fb990a868af23143d9f6e051b67d,data/raw/datasets/datasets/Notes/Sixteenth/s744.jpg,64,64,0.085205078125
data/processed/images/eighth_note/000165.png,eighth_note,64bafdd135ff38f58cf49093f53dbc7151d1b9bb88ac84e6e9ec73d328f32cc4,data/raw/datasets/datasets/Notes/Eight/e247.jpg,64,64,0.055419921875
data/processed/images/whole_note/004992.png,whole_note,ad167048616b83fccb01a801f95324044d156b750233e6b48d0ff247a2226d37,data/raw/datasets/datasets/Notes/Whole/w997.jpg,64,64,0.0888671875
data/processed/images/quarter_note/002697.png,quarter_note,aa4810df022fd080d0a98e29924e8e48a5eb8065d9105dc1a352ee9429d16148,data/raw/datasets/datasets/Notes/Quarter/q73.jpg,64,64,0.06494140625
data/processed/images/eighth_note/000223.png,eighth_note,a941b8b54d7f4247d3e3270c25878d0d0e71758a08d5ea147303fb81b001f4f6,data/raw/datasets/datasets/Notes/Eight/e3.jpg,64,64,0.0546875
data/processed/images/sixteenth_note/003885.png,sixteenth_note,d4571c9965cd9a4bfa1db9599550fa13a52bd297ad51c1e5643c75286561f854,data/raw/datasets/datasets/Notes/Sixteenth/s90.jpg,64,64,0.05029296875
data/processed/images/whole_note/004990.png,whole_note,57a50ef2067d744c7b256a555f1e4fbefdf1d4ac7ae515830c8e63c27af9ea0d,data/raw/datasets/datasets/Notes/Whole/w995.jpg,64,64,0.126220703125
data/processed/images/eighth_note/000808.png,eighth_note,0a0eb799e935c19ce3d7232f4fdfc18f59af65400cc12ca1136c3ab3f69efa19,data/raw/datasets/datasets/Notes/Eight/e83.jpg,64,64,0.059326171875
data/processed/images/whole_note/004452.png,whole_note,67548a2b03b6ccce08ac6ef27612a2c6d4d82ee9f89b13a982ef6694cd4e5535,data/raw/datasets/datasets/Notes/Whole/w51.jpg,64,64,0.175537109375
data/processed/images/eighth_note/000621.png,eighth_note,8a44062fd13e62f0a2983eabffa8f4be4fdd66e2da966d645701dd409afabb23,data/raw/datasets/datasets/Notes/Eight/e658.jpg,64,64,0.071044921875
data/processed/images/sixteenth_note/003005.png,sixteenth_note,dba2ddd6d6df60f666cce36e79454286c6fc8f8de63add86b160c5d768915c37,data/raw/datasets/datasets/Notes/Sixteenth/s106.jpg,64,64,0.14013671875
data/processed/images/eighth_note/000922.png,eighth_note,dbad3ada7f0ba67aa41dcac50814d19a5cc7e55e0b0dccbf8d37cd473a45d077,data/raw/datasets/datasets/Notes/Eight/e932.jpg,64,64,0.066650390625
data/processed/images/half_note/001907.png,half_note,acdde74b7cdb7a7a5a52390b3a0869131762efc397fdf677256d21fb0f5eec2d,data/raw/datasets/datasets/Notes/Half/h919.jpg,64,64,0.021728515625
data/processed/images/half_note/001566.png,half_note,566f5ccc783fce1021bda6260a9b4dbc5562eee3caad58c4a74c4c32dac8c059,data/raw/datasets/datasets/Notes/Half/h611.jpg,64,64,0.041015625
data/processed/images/quarter_note/002848.png,quarter_note,616b20ebe404cf20d2345217ba133d51216e7b57a0313eb5f84ae7c307c87fdc,data/raw/datasets/datasets/Notes/Quarter/q866.jpg,64,64,0.040771484375
data/processed/images/quarter_note/002126.png,quarter_note,e5125c9ad610f8ebbf4e9549a258745f18a1932705010122d91696a25b05a882,data/raw/datasets/datasets/Notes/Quarter/q215.jpg,64,64,0.02783203125
data/processed/images/half_note/001600.png,half_note,0e3c2f0e85a4d70daa7a4df73558c7b4b138ceb87b9084aca1c992bbb62e16e7,data/raw/datasets/datasets/Notes/Half/h642.jpg,64,64,0.037841796875
data/processed/images/whole_note/004868.png,whole_note,f64ad985c3bc70fb0e97b29ade5cffe1f7798cd2eb833ce12512cdb855271d84,data/raw/datasets/datasets/Notes/Whole/w885.jpg,64,64,0.19091796875
data/processed/images/half_note/001478.png,half_note,7ea9b44964cad27a4cf196acd8525a40738d3dd5bc44ba2f49d046e49426665f,data/raw/datasets/datasets/Notes/Half/h532.jpg,64,64,0.084716796875
data/processed/images/eighth_note/000303.png,eighth_note,9af8c1fd36352cc65a03c2461f3691c3d46279bfb02a5b3990a5bcaab3a20477,data/raw/datasets/datasets/Notes/Eight/e371.jpg,64,64,0.1259765625
data/processed/images/whole_note/004783.png,whole_note,16b30e8534f0d9d1b6796a2de20f8ae984ca6e91bbff92c1c728909cf571bc92,data/raw/datasets/datasets/Notes/Whole/w808.jpg,64,64,0.114990234375
data/processed/images/eighth_note/000820.png,eighth_note,64e1f0d23617b2fa9504d1702e76a5ba37a60bb92c4f29185517660bacf24f5a,data/raw/datasets/datasets/Notes/Eight/e840.jpg,64,64,0.065673828125
data/processed/images/half_note/001328.png,half_note,a4ef86386b6c3bae009899c1ea5f87d2d7b114cc944825f3e54c2b4366db8e9d,data/raw/datasets/datasets/Notes/Half/h398.jpg,64,64,0.116455078125
data/processed/images/eighth_note/000942.png,eighth_note,119b66d2e229e964eacfd512eb3f5304660bb626a948c6a6ccefa90753ce77d3,data/raw/datasets/datasets/Notes/Eight/e950.jpg,64,64,0.091796875
data/processed/images/sixteenth_note/003725.png,sixteenth_note,76e56b45715f8452b7843e8a630abf2da35577b21ec888e07c83b813a74a15fa,data/raw/datasets/datasets/Notes/Sixteenth/s756.jpg,64,64,0.145751953125
data/processed/images/eighth_note/000412.png,eighth_note,33b0e72154d95181d0937a917f8accbebb7ff352ad11cb091c3356273652377d,data/raw/datasets/datasets/Notes/Eight/e47.jpg,64,64,0.110595703125
data/processed/images/eighth_note/000470.png,eighth_note,96a9434ab5b35b86eca2b0dc0ec3492420615418bad3a79b13057226382f210d,data/raw/datasets/datasets/Notes/Eight/e521.jpg,64,64,0.144775390625
data/processed/images/half_note/001413.png,half_note,65267bd0d9cf1edb5f5ab3a1c5a67764a9d671ee6b9a3724863c71f283412193,data/raw/datasets/datasets/Notes/Half/h474.jpg,64,64,0.0185546875
data/processed/images/eighth_note/000899.png,eighth_note,f8b557b363da429bb93730ce89da09c96858ff782f8502ce8548301ac5fcf753,data/raw/datasets/datasets/Notes/Eight/e911.jpg,64,64,0.0595703125
data/processed/images/quarter_note/002437.png,quarter_note,1872ac4592feee3aefb53c3e60a88abe41d3438b248f4be4ca41ed13dd7d2a4a,data/raw/datasets/datasets/Notes/Quarter/q496.jpg,64,64,0.030517578125
data/processed/images/quarter_note/002194.png,quarter_note,9a05f9a18c80c298abdde235b83171a58344b624c969b23ee478eb5c991e5866,data/raw/datasets/datasets/Notes/Quarter/q277.jpg,64,64,0.025146484375
data/processed/images/half_note/001961.png,half_note,74ac08c9adf0e74cd810988c869628be9558d79d501815e7c210199ad31f16fd,data/raw/datasets/datasets/Notes/Half/h968.jpg,64,64,0.025390625
data/processed/images/eighth_note/000781.png,eighth_note,92a5b59f3e919950cd1f40d69d9f8c8641218f865f22680db31c894c5ba986a4,data/raw/datasets/datasets/Notes/Eight/e805.jpg,64,64,0.15771484375
data/processed/images/sixteenth_note/003137.png,sixteenth_note,9aba7a47d1ed863baf989e5fa18379b4edd57c878e9022a12b53382050c185cc,data/raw/datasets/datasets/Notes/Sixteenth/s225.jpg,64,64,0.068115234375
data/processed/images/quarter_note/002691.png,quarter_note,fc72f89889c22e0dd1920afd7c8682a698e4cb90ab0d70eb8aadcd654f3ab1c7,data/raw/datasets/datasets/Notes/Quarter/q724.jpg,64,64,0.03271484375
data/processed/images/eighth_note/000321.png,eighth_note,b9c402f7c0b2eb5d8cbb26206e6e081e801f6b0a196d3bad7a3adf741fd07749,data/raw/datasets/datasets/Notes/Eight/e388.jpg,64,64,0.072509765625
data/processed/images/eighth_note/000814.png,eighth_note,6c16f7b201497c8f23a5d24168ab0d657552c9ff0e112b07f4d868ba756f63b8,data/raw/datasets/datasets/Notes/Eight/e835.jpg,64,64,0.093017578125
data/processed/images/quarter_note/002824.png,quarter_note,04e2a5eb089bc4716701bba89707e361a15db2df9760e5413fc993d00d181ca6,data/raw/datasets/datasets/Notes/Quarter/q844.jpg,64,64,0.0498046875
data/processed/images/sixteenth_note/003960.png,sixteenth_note,3594f6eec335074185aa136ae2a1e313bc3858d219145c4dbf8130a04d580c71,data/raw/datasets/datasets/Notes/Sixteenth/s968.jpg,64,64,0.056396484375
data/processed/images/whole_note/004370.png,whole_note,9a4d5b42c91107d6d28aa22ec7feda8a343ef8ae17a7519271194ec8db2c69e9,data/raw/datasets/datasets/Notes/Whole/w436.jpg,64,64,0.02294921875
data/processed/images/eighth_note/000920.png,eighth_note,0db343fc755c7e2c4d729f4c812f83a8ea0924d88eb3869ec20bcc7c2dd84ad2,data/raw/datasets/datasets/Notes/Eight/e930.jpg,64,64,0.083740234375
data/processed/images/quarter_note/002711.png,quarter_note,8d5bfd0e39e01936dc8a53b5f2ce9f6807f8f2f498e5d37584be1b672ee3152b,data/raw/datasets/datasets/Notes/Quarter/q742.jpg,64,64,0.015625
data/processed/images/sixteenth_note/003817.png,sixteenth_note,2b4e43d49a16c7d4c1e519b2474fb695f1d3f057f9b5580b231cf95584f422ca,data/raw/datasets/datasets/Notes/Sixteenth/s839.jpg,64,64,0.098876953125
data/processed/images/sixteenth_note/003889.png,sixteenth_note,e1349ff497c26022d2ca387de18ecd73cc882614b990b6463d834a7109563551,data/raw/datasets/datasets/Notes/Sixteenth/s903.jpg,64,64,0.065185546875
data/processed/images/quarter_note/002989.png,quarter_note,af6ab30c6a674b93b39467165109bda463bd0e93acdb776b0b1fadef259e6c46,data/raw/datasets/datasets/Notes/Quarter/q993.jpg,64,64,0.09130859375
data/processed/images/quarter_note/002701.png,quarter_note,d599015483afa1e4cdd241aa68b3a13781caa64266e2bc200fb820a0d0b46a29,data/raw/datasets/datasets/Notes/Quarter/q733.jpg,64,64,0.03076171875
data/processed/images/whole_note/004539.png,whole_note,a5c1b53410dc44a03d303894d4f74fb91fc071d9580491de84c0d6d98f84ce55,data/raw/datasets/datasets/Notes/Whole/w589.jpg,64,64,0.137939453125
data/processed/images/sixteenth_note/003757.png,sixteenth_note,654333069bcf32a8dc90d17e30b1c510f5670ca8b7d9441043ce2b1ba6bd751c,data/raw/datasets/datasets/Notes/Sixteenth/s785.jpg,64,64,0.04443359375
data/processed/images/half_note/001607.png,half_note,417b5bf4932ffb00e76f742cda646e96fb3d2cf9005bf365f442b6368d361232,data/raw/datasets/datasets/Notes/Half/h649.jpg,64,64,0.065673828125
data/processed/images/whole_note/004589.png,whole_note,c4f443be51ab2c8a5057f3940b97b5dcee826b7f63e9e24031b2c5fae4330b64,data/raw/datasets/datasets/Notes/Whole/w633.jpg,64,64,0.096435546875
data/processed/images/half_note/001809.png,half_note,24905064dbd0e192164c62f03a370545e8e4e5eb4eafed3867a55f5fa9963477,data/raw/datasets/datasets/Notes/Half/h830.jpg,64,64,0.0244140625
data/processed/images/eighth_note/000198.png,eighth_note,11fd3010ec73371cc07c0fd1a2f559b9d9ace94b9b46f6843936bd531c4b3bb0,data/raw/datasets/datasets/Notes/Eight/e277.jpg,64,64,0.034423828125
data/processed/images/eighth_note/000344.png,eighth_note,d07c8d8a2624eb9ea8c6dc35574703942626230b9e7bc1d4d6a800bd39a4d61f,data/raw/datasets/datasets/Notes/Eight/e408.jpg,64,64,0.149169921875
data/processed/images/half_note/001060.png,half_note,85e87c174d8b8955e0cd546a4e8d627afec42cba5c2b144b65c4ab212cd4c079,data/raw/datasets/datasets/Notes/Half/h156.jpg,64,64,0.021484375
data/processed/images/eighth_note/000325.png,eighth_note,80e865d4c0f9ff87d7e2fe511d9a94033435c899191e27d582db60d9212eef35,data/raw/datasets/datasets/Notes/Eight/e391.jpg,64,64,0.0595703125
data/processed/images/quarter_note/002264.png,quarter_note,e45db756d7eca9f2d3e90bcf49dc935e48149dc15067009cc15ee0f5f8f12d07,data/raw/datasets/datasets/Notes/Quarter/q34.jpg,64,64,0.044921875
data/processed/images/eighth_note/000780.png,eighth_note,857778a9a1adc62a97943430a901283f5b5455a0e8bc78122672979f01efa5d1,data/raw/datasets/datasets/Notes/Eight/e804.jpg,64,64,0.079833984375
data/processed/images/sixteenth_note/003373.png,sixteenth_note,03e82be11a8031c34cd310e19ff5e530d8508d276fa23c7f7307976f318c8cdc,data/raw/datasets/datasets/Notes/Sixteenth/s438.jpg,64,64,0.09912109375
data/processed/images/half_note/001079.png,half_note,43abc69fb177ab47999340641e69bd82779244cee33a47a13f9b879e74ec273a,data/raw/datasets/datasets/Notes/Half/h173.jpg,64,64,0.035400390625
data/processed/images/eighth_note/000615.png,eighth_note,4695d9564dac72766cbb481e22a66abe61a87bc45a7b43b27ba81a880a28c95f,data/raw/datasets/datasets/Notes/Eight/e652.jpg,64,64,0.076171875
data/processed/images/quarter_note/002912.png,quarter_note,909d4cae56d8f918168148678f936b21506c57cab1c599302619b57cf0a89357,data/raw/datasets/datasets/Notes/Quarter/q923.jpg,64,64,0.042724609375
data/processed/images/whole_note/004019.png,whole_note,154d0678080ed52ca569cd0e8a5ade0fade14d243ee883a93f56b83e652107c6,data/raw/datasets/datasets/Notes/Whole/w12.jpg,64,64,0.16796875
data/processed/images/whole_note/004224.png,whole_note,354ba2c24b6f63b3c9400f5279d744b3fe7970337b88eb245bf5deeffe8e884b,data/raw/datasets/datasets/Notes/Whole/w304.jpg,64,64,0.150634765625
data/processed/images/quarter_note/002561.png,quarter_note,710cabff294dbb9aaa4c1972e7c850f568152ca43e909839494d472de5ab155d,data/raw/datasets/datasets/Notes/Quarter/q607.jpg,64,64,0.041748046875
data/processed/images/whole_note/004591.png,whole_note,9ec4dc87880ebd8612631c5502a74bb6e5fe9a2007c8073fef587b3c1a7bfb36,data/raw/datasets/datasets/Notes/Whole/w635.jpg,64,64,0.03759765625
data/processed/images/quarter_note/002856.png,quarter_note,9a896e178e8af68893ee39037612d9fefe44a95550b33f781ca21ace9f565e92,data/raw/datasets/datasets/Notes/Quarter/q873.jpg,64,64,0.045166015625
data/processed/images/eighth_note/000310.png,eighth_note,453221da62a910583cb12b87d9c4ee3a4c3bbfb26249f7ec375e32b536518a95,data/raw/datasets/datasets/Notes/Eight/e378.jpg,64,64,0.057861328125
data/processed/images/quarter_note/002713.png,quarter_note,f41a0419d0c34ba5842f954f935047b767ceace59d29452c04682b389b69be05,data/raw/datasets/datasets/Notes/Quarter/q744.jpg,64,64,0.025634765625
data/processed/images/whole_note/004527.png,whole_note,e8ddb3d085a0b9cf64f62b78e1939b108b9df9764068c2a1d2262763c67d8c77,data/raw/datasets/datasets/Notes/Whole/w578.jpg,64,64,0.087646484375
data/processed/images/quarter_note/002255.png,quarter_note,0154972e6b58344ec046bffde09aed0aab8b861ac84966290ef1482cdcd4d7b1,data/raw/datasets/datasets/Notes/Quarter/q331.jpg,64,64,0.035400390625
data/processed/images/eighth_note/000535.png,eighth_note,74a75ba744b1f5137247bdbff1da36a7c8800640709cf9f07cf5510001b86bca,data/raw/datasets/datasets/Notes/Eight/e580.jpg,64,64,0.100830078125
data/processed/images/quarter_note/002403.png,quarter_note,fa1f8e69123531f37615bb6704f061b9e3def0253aeaedf59601e8277f978697,data/raw/datasets/datasets/Notes/Quarter/q465.jpg,64,64,0.023193359375
data/processed/images/sixteenth_note/003006.png,sixteenth_note,818e152585af8eeba5ffaabdf2839b6335e5ca5d12c82be5b5474df661d027e4,data/raw/datasets/datasets/Notes/Sixteenth/s107.jpg,64,64,0.080810546875
data/processed/images/eighth_note/000903.png,eighth_note,137614569f5721b8b33f51ce5b15588e93c99f5fe9d6eaefd36e096ab360251c,data/raw/datasets/datasets/Notes/Eight/e915.jpg,64,64,0.173095703125
data/processed/images/half_note/001383.png,half_note,fed521dd2c90132440282d7b458e01968fc98087e5ffeb1caf0e7b8110e6ad05,data/raw/datasets/datasets/Notes/Half/h447.jpg,64,64,0.0283203125
data/processed/images/quarter_note/002804.png,quarter_note,c1ada26aa41e9d233f7be8c87541e739432daaab8eddba511bec5b0fb3b572cc,data/raw/datasets/datasets/Notes/Quarter/q826.jpg,64,64,0.0400390625
data/processed/images/sixteenth_note/003642.png,sixteenth_note,58663f1f98716041166364f1a6a78f43e372817c5fc1407070ba970c7a23293a,data/raw/datasets/datasets/Notes/Sixteenth/s680.jpg,64,64,0.08642578125
data/processed/images/whole_note/004636.png,whole_note,86b409882b48b63791688af94198520f9c6f3926349e95e23ce3c18a674599f2,data/raw/datasets/datasets/Notes/Whole/w676.jpg,64,64,0.1923828125
data/processed/images/eighth_note/000011.png,eighth_note,cefdca2cf13a71b05263b1e365436d83af77737a0daeb06c95f0fb11b98bb92e,data/raw/datasets/datasets/Notes/Eight/e108.jpg,64,64,0.057373046875
data/processed/images/half_note/001703.png,half_note,b2a7b25f753a0ba795f1002b5128bea4de1445e8759e0634fcad4b2fde6e3e1b,data/raw/datasets/datasets/Notes/Half/h735.jpg,64,64,0.03759765625
data/processed/images/whole_note/004089.png,whole_note,158298a6b889d8cbac9f60bddd2f4b1d903c7f404fcbc5b7647e69f502a1a748,data/raw/datasets/datasets/Notes/Whole/w183.jpg,64,64,0.1416015625
data/processed/images/half_note/001658.png,half_note,d739b594dc596f078fc6de1a94949e0fcb5ed3a774ce72912bcb4ba9fe91b944,data/raw/datasets/datasets/Notes/Half/h695.jpg,64,64,0.072509765625
data/processed/images/half_note/001105.png,half_note,f89fa36e4dfe2afb384b214756ca598ad2b3c93a677546fdae53117058d94ec5,data/raw/datasets/datasets/Notes/Half/h197.jpg,64,64,0.016845703125
data/processed/images/sixteenth_note/003210.png,sixteenth_note,d277598480413a4815d843654dc2fdad4f0e04a57849e6d45b6607af2924e151,data/raw/datasets/datasets/Notes/Sixteenth/s291.jpg,64,64,0.0615234375
data/processed/images/eighth_note/000968.png,eighth_note,3168a4f71d65ba327fb0f937b02790c873052b4da8bad647d98afccf34065869,data/raw/datasets/datasets/Notes/Eight/e974.jpg,64,64,0.117919921875
data/processed/images/whole_note/004508.png,whole_note,2c2e542b6e82ea7a10f31b29b0ab168f9fb40399327aaa5be4d8001c74e2e7f2,data/raw/datasets/datasets/Notes/Whole/w560.jpg,64,64,0.038818359375
data/processed/images/sixteenth_note/003648.png,sixteenth_note,25ccf05fbd9d5fc45ec23e178bc2e11bb7691c9ade36a955a64c720a178e3872,data/raw/datasets/datasets/Notes/Sixteenth/s686.jpg,64,64,0.084228515625
data/processed/images/whole_note/004814.png,whole_note,6768935bfc6881e8e038dd1b6c5e4f8b8d5342def98028454a799a7a3fd5349a,data/raw/datasets/datasets/Notes/Whole/w836.jpg,64,64,0.2734375
data/processed/images/half_note/001548.png,half_note,56c18c861207632b433ab22a8f451235f9c75affb04c5baff348ad593bb972cd,data/raw/datasets/datasets/Notes/Half/h596.jpg,64,64,0.110595703125
data/processed/images/eighth_note/000094.png,eighth_note,5f3eca299be4b6b080889d0011155780032bac271b76e69e25a0b2e0b5d55972,data/raw/datasets/datasets/Notes/Eight/e183.jpg,64,64,0.061279296875
data/processed/images/half_note/001241.png,half_note,97033a1b28f8852cedae67f4a3e8c0c380637ffaeafe5099e87b52954503f43e,data/raw/datasets/datasets/Notes/Half/h319.jpg,64,64,0.0634765625
data/processed/images/quarter_note/002585.png,quarter_note,046c61262075280d89a8383973d9cf689d7ec0b81d7e41d1fe7791338224585e,data/raw/datasets/datasets/Notes/Quarter/q629.jpg,64,64,0.043212890625
data/processed/images/sixteenth_note/003465.png,sixteenth_note,b9412653fa0316622806c0a339d83e1a5ffc5ff371b5bc7282282c01e587b5e0,data/raw/datasets/datasets/Notes/Sixteenth/s520.jpg,64,64,0.142578125
data/processed/images/eighth_note/000944.png,eighth_note,8050c6d20b4a5907909fdbd14c52d9f4f07a8b51d585eb521210cb3606204f19,data/raw/datasets/datasets/Notes/Eight/e952.jpg,64,64,0.093994140625
data/processed/images/eighth_note/000089.png,eighth_note,0f80f08abf7c2692514665c5bd11e71d6208c72ab1755996f38bd43fafcdddb3,data/raw/datasets/datasets/Notes/Eight/e179.jpg,64,64,0.075927734375
data/processed/images/half_note/001731.png,half_note,a92e848ad0dbb71f5f4972d3a2ffdde615798a645cc54fbc24f5059b3301986d,data/raw/datasets/datasets/Notes/Half/h760.jpg,64,64,0.049072265625
data/processed/images/eighth_note/000735.png,eighth_note,2dfed4c78afc20d9ad07ba9de651585c8cc6d112b9f3fb9bd34bb66cc31647c7,data/raw/datasets/datasets/Notes/Eight/e762.jpg,64,64,0.275390625
data/processed/images/sixteenth_note/003728.png,sixteenth_note,b383ffcc26cc8d0e2b3eb1a6c47f1a32cbf4ade9d0ffaab634179db2eafd0840,data/raw/datasets/datasets/Notes/Sixteenth/s759.jpg,64,64,0.07275390625
data/processed/images/eighth_note/000847.png,eighth_note,e57e25e796c9b5c351540b8a67eb970a18cc017250b0d5ad08fc404200ee8cf1,data/raw/datasets/datasets/Notes/Eight/e865.jpg,64,64,0.065185546875
data/processed/images/sixteenth_note/003550.png,sixteenth_note,a799fdddd9944e1f4d15678d494d19481215defb8bcb5cb464e713d978c99e10,data/raw/datasets/datasets/Notes/Sixteenth/s598.jpg,64,64,0.078857421875
data/processed/images/half_note/001294.png,half_note,0913a08c871de8dce1eddeb79a255061749254eb130f20be68778798c657cc66,data/raw/datasets/datasets/Notes/Half/h367.jpg,64,64,0.035888671875
data/processed/images/sixteenth_note/003079.png,sixteenth_note,5056842aa9b83c23abd4ed5c85503e294df70aecf67216d51c7c3724bf88035f,data/raw/datasets/datasets/Notes/Sixteenth/s173.jpg,64,64,0.08251953125
data/processed/images/quarter_note/002236.png,quarter_note,f07cd6b1f3cdd9d457214a8b85cf39658e647babd388d3f19bb413820e4bc6c8,data/raw/datasets/datasets/Notes/Quarter/q314.jpg,64,64,0.03564453125
data/processed/images/quarter_note/002354.png,quarter_note,85e3b46611e832dac3cd874765e397208349093bf2562aaf919de598293d5daa,data/raw/datasets/datasets/Notes/Quarter/q420.jpg,64,64,0.071044921875
data/processed/images/whole_note/004528.png,whole_note,a01ba583d7c7855cb70c2de8363a96dd4f33958b4ba029ef90a43a6848d0e66f,data/raw/datasets/datasets/Notes/Whole/w579.jpg,64,64,0.058349609375
data/processed/images/half_note/001518.png,half_note,67b30ac8f0ad0242e1b23b36c6ee31ec8fe1c00fdde9657cf7e8cbbfa4b1d99a,data/raw/datasets/datasets/Notes/Half/h569.jpg,64,64,0.08740234375
data/processed/images/quarter_note/002719.png,quarter_note,ee401c9c8b77adcb9239dcfa30c1c1df33dd4ab420ca2776f92400ce4981e8d1,data/raw/datasets/datasets/Notes/Quarter/q75.jpg,64,64,0.06689453125
data/processed/images/eighth_note/000411.png,eighth_note,b0fd62ecb7f8ba61f1ace4cd756396b308c2584cabb91872c3cfcc6c8aa842ce,data/raw/datasets/datasets/Notes/Eight/e469.jpg,64,64,0.104248046875
data/processed/images/whole_note/004458.png,whole_note,4fb3add656a5f8a6505c912c3a9004079fe796896d1f7d0065b1301694af50ad,data/raw/datasets/datasets/Notes/Whole/w515.jpg,64,64,0.03271484375
data/processed/images/quarter_note/002794.png,quarter_note,217c799f00527bfd8eb33e3bee0a548fd9d9312a88ee224224f205a4e3dd8e61,data/raw/datasets/datasets/Notes/Quarter/q817.jpg,64,64,0.036865234375
data/processed/images/eighth_note/000709.png,eighth_note,75c06788bb8588d7c08d14ec6f76fc8694dfb335d8dee64246f7cbb009f40c61,data/raw/datasets/datasets/Notes/Eight/e739.jpg,64,64,0.14794921875
data/processed/images/whole_note/004213.png,whole_note,837ecb87e442f344d0a65cd1653b6e28570ba615305a8a37a2162e51a4aa8c51,data/raw/datasets/datasets/Notes/Whole/w295.jpg,64,64,0.109130859375
data/processed/images/whole_note/004117.png,whole_note,d34b18cbd0b4c8a8a54aef98f5910405a5b608d0052378e5ce928e670639c4b3,data/raw/datasets/datasets/Notes/Whole/w208.jpg,64,64,0.103759765625
data/processed/images/sixteenth_note/003142.png,sixteenth_note,ca0d6e39bbfa90d485f551031a6e14ab0e8b7cccb4a146a113f6b680996339b1,data/raw/datasets/datasets/Notes/Sixteenth/s23.jpg,64,64,0.141845703125
data/processed/images/half_note/001298.png,half_note,11709e9a8eb469d83ff90f33a907c4c187615f2d96e63b5227aab892da818b04,data/raw/datasets/datasets/Notes/Half/h370.jpg,64,64,0.050048828125
data/processed/images/eighth_note/000961.png,eighth_note,d793dfce3e1ac0d2bdb9a12de4c4f0f5fd1219dd376f0c1ae79c023da306d3f2,data/raw/datasets/datasets/Notes/Eight/e968.jpg,64,64,0.070068359375
data/processed/images/sixteenth_note/003965.png,sixteenth_note,fa2cde73051b821cc7b5dc935b0faf1dc7442248942bdd7fdaab7e6883d1e12d,data/raw/datasets/datasets/Notes/Sixteenth/s972.jpg,64,64,0.185546875
data/processed/images/eighth_note/000855.png,eighth_note,dcdaad272b359d9d0eb63f848a3214ffb9e48e86474579ba235b0afd98f7b90c,data/raw/datasets/datasets/Notes/Eight/e872.jpg,64,64,0.060302734375
data/processed/images/sixteenth_note/003004.png,sixteenth_note,99b246c155306917193260415f111674ffc8bafad77ab367caee1278409e8e0b,data/raw/datasets/datasets/Notes/Sixteenth/s105.jpg,64,64,0.141357421875
data/processed/images/half_note/001296.png,half_note,90ba83734c0f5ccec48324c5eeec1da2961f780af9dd5788ba70bc9ec7f0cbf3,data/raw/datasets/datasets/Notes/Half/h369.jpg,64,64,0.06201171875
data/processed/images/quarter_note/002509.png,quarter_note,8e2464b314f2dc9668409d03f12654afe369f44654c1860a720320de046c1e09,data/raw/datasets/datasets/Notes/Quarter/q560.jpg,64,64,0.090576171875
data/processed/images/eighth_note/000989.png,eighth_note,98bfccc7e257c963b32d4696c340ae47a96e448613ccf59eb1a82a813cb4b7f7,data/raw/datasets/datasets/Notes/Eight/e993.jpg,64,64,0.0791015625
data/processed/images/half_note/001353.png,half_note,600434b8d4c55fc3226fa945d3db8123e7fcda2e3e11124cb9814c558ed7d7b2,data/raw/datasets/datasets/Notes/Half/h42.jpg,64,64,0.05224609375
data/processed/images/eighth_note/000594.png,eighth_note,a9937450e296cdf3a16a35807d5952f7020f200b50705fdefe6a6ec54b4b405c,data/raw/datasets/datasets/Notes/Eight/e633.jpg,64,64,0.241943359375
data/processed/images/quarter_note/002381.png,quarter_note,d361a17f7ddbf13bf04db9283b3ca75ee9ec654ddb44c33ec6fd318c560d0192,data/raw/datasets/datasets/Notes/Quarter/q445.jpg,64,64,0.031494140625
data/processed/images/half_note/001282.png,half_note,0d64847dc053212511ccfeef0f4629400449132e5c40d64ca088730a07437024,data/raw/datasets/datasets/Notes/Half/h356.jpg,64,64,0.03173828125
data/processed/images/quarter_note/002155.png,quarter_note,6cf8c373c8f914e7bb924f6c1482e8adaf0e7cc8398eeb1067c21c96d3f1dd16,data/raw/datasets/datasets/Notes/Quarter/q241.jpg,64,64,0.036865234375
data/processed/images/whole_note/004289.png,whole_note,ced3121b9a527599a0c12e624220d792d43fd6d7264e3a68c9275e5f0031b65f,data/raw/datasets/datasets/Notes/Whole/w363.jpg,64,64,0.033447265625
data/processed/images/sixteenth_note/003046.png,sixteenth_note,13bdb756011dde964b868ca5529a9198f7404ac284c15464d353c4d8bf3a4ced,data/raw/datasets/datasets/Notes/Sixteenth/s143.jpg,64,64,0.103271484375
data/processed/images/sixteenth_note/003768.png,sixteenth_note,5b4a3aa854f05cae82c47b8d5c5b45c170f24bcebe26224bdbe357eef1ccdf82,data/raw/datasets/datasets/Notes/Sixteenth/s795.jpg,64,64,0.104248046875
data/processed/images/whole_note/004835.png,whole_note,4f8d3e5be92e83085567e759e6bf18eb21148dd866417c7684d43a2a0c7ea876,data/raw/datasets/datasets/Notes/Whole/w855.jpg,64,64,0.490234375
data/processed/images/half_note/001535.png,half_note,15bbede9a218d4e97eedab4ba725bef3e18eff19bfd2f1d1f6c4f941be2ad927,data/raw/datasets/datasets/Notes/Half/h584.jpg,64,64,0.033447265625
data/processed/images/quarter_note/002174.png,quarter_note,118b9af8cfd0e029676aa85ececa0cca54ee5481e2e89be53f54c8a5cec689be,data/raw/datasets/datasets/Notes/Quarter/q259.jpg,64,64,0.02880859375
data/processed/images/eighth_note/000225.png,eighth_note,7957b27930d263fe20f92d11a8eb102c8ec183aa47b55453eccdde6cf8336d9b,data/raw/datasets/datasets/Notes/Eight/e300.jpg,64,64,0.02783203125
data/processed/images/sixteenth_note/003219.png,sixteenth_note,c647f98e4844bf05d931ac40f7bdd3c471c6763e73b9aded8206fbfd1bdf1f2d,data/raw/datasets/datasets/Notes/Sixteenth/s3.jpg,64,64,0.172607421875
data/processed/images/whole_note/004066.png,whole_note,e4c9af8a59c0adae0955b8680acdaccb7a2c29147ea01a53623df2ee0f741eb3,data/raw/datasets/datasets/Notes/Whole/w162.jpg,64,64,0.119140625
data/processed/images/quarter_note/002475.png,quarter_note,e652e7e4890053d2a6210d004cf862368740504fa16b7b633fdbc0d6be2a5ada,data/raw/datasets/datasets/Notes/Quarter/q53.jpg,64,64,0.0390625
data/processed/images/half_note/001288.png,half_note,84190399100fdaa459f445ff1919976983b9c15c2289b96e263ef5a58047be8d,data/raw/datasets/datasets/Notes/Half/h361.jpg,64,64,0.08056640625
data/processed/images/eighth_note/000675.png,eighth_note,746ca480f09bed941c728264a9183ec4688bfcad9da7c491717d6ca17d3181d6,data/raw/datasets/datasets/Notes/Eight/e706.jpg,64,64,0.131103515625
data/processed/images/eighth_note/000404.png,eighth_note,19d8d4bf2b3d25d002b264527487d8e50ca424af4dc104e02ccc3913f3a78d15,data/raw/datasets/datasets/Notes/Eight/e462.jpg,64,64,0.032958984375
data/processed/images/sixteenth_note/003194.png,sixteenth_note,a27264059e07b3eeb7b611c75257e868fc779a7995e2b0d65f9132e802e913f6,data/raw/datasets/datasets/Notes/Sixteenth/s277.jpg,64,64,0.063232421875
data/processed/images/sixteenth_note/003703.png,sixteenth_note,cb9b310e6445f06e744ab710ea7ecb0b81e2110b82050c6cb75311c181afd5a2,data/raw/datasets/datasets/Notes/Sixteenth/s736.jpg,64,64,0.089599609375
data/processed/images/sixteenth_note/003901.png,sixteenth_note,f0e1520a22f2fd4e21c8fefbd1f9e50a52878c6ab8575f932c8ee45821410d63,data/raw/datasets/datasets/Notes/Sixteenth/s914.jpg,64,64,0.046142578125
data/processed/images/half_note/001696.png,half_note,445bcd841df3661ba781f96bf76e562c55cdc991829d7479bd5930658a4c73d9,data/raw/datasets/datasets/Notes/Half/h729.jpg,64,64,0.059814453125
data/processed/images/eighth_note/000283.png,eighth_note,57f170e923a25aa47259c7960c511e26b8e91cd5e5c16b237e2dedef45b1e58a,data/raw/datasets/datasets/Notes/Eight/e353.jpg,64,64,0.05322265625
data/processed/images/eighth_note/000589.png,eighth_note,aba5f9489106f2412bd27e75814be6aa7e972c76736f0dc846b99498efb83768,data/raw/datasets/datasets/Notes/Eight/e629.jpg,64,64,0.131591796875
data/processed/images/half_note/001208.png,half_note,abc5ddf8c21e169f97e5a10bdb7cfe1ead10df592ead2dcc75400a79fac52d47,data/raw/datasets/datasets/Notes/Half/h29.jpg,64,64,0.060302734375
data/processed/images/sixteenth_note/003346.png,sixteenth_note,85f956e277eeb27668c7f39328a328e6b0c0c6e681760b9fb04651635083c442,data/raw/datasets/datasets/Notes/Sixteenth/s413.jpg,64,64,0.054443359375
data/processed/images/sixteenth_note/003447.png,sixteenth_note,ff1776acec1aa353f617f1df27d3b04e89730a570d5e309a2f63918368e133ff,data/raw/datasets/datasets/Notes/Sixteenth/s504.jpg,64,64,0.06982421875
data/processed/images/half_note/001833.png,half_note,d83206b8a7f0fc016120efe619ce52e5f8e9a8e12498a757a30c83b00916f409,data/raw/datasets/datasets/Notes/Half/h852.jpg,64,64,0.060546875
data/processed/images/quarter_note/002314.png,quarter_note,a890e221c608885ed97b1939dce68708bebac2a2816f635e285614906cdb63c8,data/raw/datasets/datasets/Notes/Quarter/q385.jpg,64,64,0.07275390625
data/processed/images/half_note/001035.png,half_note,ac1707a659cb6d6de86819b1c3ae6c50e7af7c24b6be92d2afcebb3f330d4d4c,data/raw/datasets/datasets/Notes/Half/h133.jpg,64,64,0.041748046875
data/processed/images/whole_note/004163.png,whole_note,82d219a751a2722d4eed7930f5a8e000b00eee109c6685900a3088fca9b1f5b7,data/raw/datasets/datasets/Notes/Whole/w25.jpg,64,64,0.134521484375
data/processed/images/sixteenth_note/003470.png,sixteenth_note,ea48acf715b2f9112c48d5a8a826dad89df112e7e158c9f56fa6c24d8fa34a54,data/raw/datasets/datasets/Notes/Sixteenth/s525.jpg,64,64,0.1337890625
data/processed/images/whole_note/004656.png,whole_note,c6ac30ccce34bb7a8d7de9094bb77521f8e06fcedf52b695b5f3148ae47ddb44,data/raw/datasets/datasets/Notes/Whole/w694.jpg,64,64,0.15234375
data/processed/images/whole_note/004692.png,whole_note,0850d5c4cd14a4360467d3f8592d09b6ff673caff183ac578e5de58ce741a8ac,data/raw/datasets/datasets/Notes/Whole/w726.jpg,64,64,0.211181640625
data/processed/images/whole_note/004945.png,whole_note,bb9f6cc81cf02d00dcf51f3b24cb61452b970237a0400ff4c3affed85ca349ca,data/raw/datasets/datasets/Notes/Whole/w954.jpg,64,64,0.044189453125
data/processed/images/quarter_note/002334.png,quarter_note,577d00de5824fd3f2cdb9108f67016539d003016f018e309615a489578008acd,data/raw/datasets/datasets/Notes/Quarter/q402.jpg,64,64,0.08349609375
data/processed/images/whole_note/004279.png,whole_note,e0ed1c854aa462b033ee3e2bb2f980cf99cefad94b9376609eab293fa2e1356d,data/raw/datasets/datasets/Notes/Whole/w354.jpg,64,64,0.147216796875
data/processed/images/sixteenth_note/003932.png,sixteenth_note,b929ac26bbef09f72ebd2cc2d48d99ff5c355effdcef3e01b110177ac4990a5a,data/raw/datasets/datasets/Notes/Sixteenth/s942.jpg,64,64,0.246337890625
data/processed/images/half_note/001558.png,half_note,50bd5eebd3e83741ef4e68b2a7141a31247702529e55cc58c9ec889e89d379f3,data/raw/datasets/datasets/Notes/Half/h604.jpg,64,64,0.031005859375
data/processed/images/quarter_note/002519.png,quarter_note,16ba4a9ff2a87555e77199f0df0e4439ef61fcd7aa7afb5b5f21b0465805fa45,data/raw/datasets/datasets/Notes/Quarter/q57.jpg,64,64,0.043212890625
data/processed/images/eighth_note/000969.png,eighth_note,c09e5cdd3fbc7bd672302a517938c45dfcf776b731e041faf6af52a23ef7fb5d,data/raw/datasets/datasets/Notes/Eight/e975.jpg,64,64,0.044677734375
data/processed/images/eighth_note/000789.png,eighth_note,dffba3e574d8361ecfb6302d68f682b4d91872619510c12f95dfcae6e206b4db,data/raw/datasets/datasets/Notes/Eight/e812.jpg,64,64,0.05517578125
data/processed/images/sixteenth_note/003845.png,sixteenth_note,c0dac455e766c073b59b9817eda3bcafda3ad3c20a4e0970af7c9a1ed89d47e6,data/raw/datasets/datasets/Notes/Sixteenth/s864.jpg,64,64,0.10595703125
data/processed/images/whole_note/004988.png,whole_note,405fe992bd6b2437b717e4b9fe599fe23c8752ab3993a898997cde1f0a9e3ed4,data/raw/datasets/datasets/Notes/Whole/w993.jpg,64,64,0.0810546875
data/processed/images/sixteenth_note/003303.png,sixteenth_note,4a21d4847e4285446d849bad8149a5e478bf0d34987c3bd2b39142d4a04e264c,data/raw/datasets/datasets/Notes/Sixteenth/s375.jpg,64,64,0.0615234375
data/processed/images/eighth_note/000431.png,eighth_note,75a500eb66bd1ce02a0585d55f9f098b9344f3f8516bbe043c98668a93b9f66c,data/raw/datasets/datasets/Notes/Eight/e487.jpg,64,64,0.054931640625
data/processed/images/quarter_note/002253.png,quarter_note,517417c6b6484cf2268dc1ad81896016f0d5458dd94ca53fcdfc24bc5c8ff661,data/raw/datasets/datasets/Notes/Quarter/q33.jpg,64,64,0.05029296875
data/processed/images/whole_note/004626.png,whole_note,ed73b9044a0e0b8ec36ee753067af74eada4d1aed9a50bf2702a360cd37dc382,data/raw/datasets/datasets/Notes/Whole/w667.jpg,64,64,0.105712890625
data/processed/images/eighth_note/000890.png,eighth_note,1ccd43c232e1c07f59d7de025c44d2aaf5518ffe20e54c8d15ba9c39842ebc15,data/raw/datasets/datasets/Notes/Eight/e903.jpg,64,64,0.10888671875
data/processed/images/half_note/001130.png,half_note,a3eece9d488fda28bec4fb25f87cc6b70869cfee450e83248b8140156680c27d,data/raw/datasets/datasets/Notes/Half/h219.jpg,64,64,0.050048828125
data/processed/images/eighth_note/000578.png,eighth_note,138b1904db5ad771ce5117b99d73f819d0a5c9060b503eedf082fdbc5e4afd4c,data/raw/datasets/datasets/Notes/Eight/e619.jpg,64,64,0.1904296875
data/processed/images/eighth_note/000905.png,eighth_note,55495d34a8bce9a6580572a0757e948fda0995f9740b0593846bc5c54fbce559,data/raw/datasets/datasets/Notes/Eight/e917.jpg,64,64,0.033935546875
data/processed/images/whole_note/004811.png,whole_note,9dbdb514c84c3430c600434fa37f713911b768dc9dc24547637f9d73240bddc2,data/raw/datasets/datasets/Notes/Whole/w833.jpg,64,64,0.204833984375
data/processed/images/whole_note/004328.png,whole_note,b00798469c081c5fed08a1e9cb780c99222872cbe35a3b4652f5a6fb3ec3beec,data/raw/datasets/datasets/Notes/Whole/w399.jpg,64,64,0.115966796875
data/processed/images/eighth_note/000323.png,eighth_note,cf37acbff4fbb1cd0d535e503a819b53df3c4a544fb64f6fd0c95ad25e687a4e,data/raw/datasets/datasets/Notes/Eight/e39.jpg,64,64,0.109375
data/processed/images/half_note/001797.png,half_note,fb1167b1976c135aa8475f827d9342ceed8520fa1af6506cc1fc7590fec41183,data/raw/datasets/datasets/Notes/Half/h82.jpg,64,64,0.036865234375
data/processed/images/quarter_note/002234.png,quarter_note,0ec8e46103cf5459f3a5e21472d02f883e7f2196026c0d690ab232600cd3f996,data/raw/datasets/datasets/Notes/Quarter/q312.jpg,64,64,0.1455078125
data/processed/images/sixteenth_note/003981.png,sixteenth_note,84dc6bf6d27eb4dba8283993577d0c0ceaa01caa1960927ca20ae116f1ecf469,data/raw/datasets/datasets/Notes/Sixteenth/s987.jpg,64,64,0.060546875
data/processed/images/whole_note/004575.png,whole_note,5a1efc4a4f80f7eaecdef507fdbb320dcb1298f94a361572c2570e94511d21f0,data/raw/datasets/datasets/Notes/Whole/w620.jpg,64,64,0.051513671875
data/processed/images/half_note/001537.png,half_note,e1b34d84d388faa0d2d17ee8d0942e822600c5b357d5f3e7d76e73fa84fb03bd,data/raw/datasets/datasets/Notes/Half/h586.jpg,64,64,0.026611328125
data/processed/images/half_note/001401.png,half_note,c18c7cefc85aac0eb6384f1b142e8eb589c90b76febcf0a67fc9f44e6740fdb5,data/raw/datasets/datasets/Notes/Half/h463.jpg,64,64,0.031005859375
data/processed/images/sixteenth_note/003410.png,sixteenth_note,86e650b066a55b39302e7c3af22b017df1a772b13025e1ae809bb2387cb7f164,data/raw/datasets/datasets/Notes/Sixteenth/s471.jpg,64,64,0.119873046875
data/processed/images/sixteenth_note/003436.png,sixteenth_note,8233170abb6713a208a8b07fc590520f3810155ebd9c1fe7087f59f4c2bfcdab,data/raw/datasets/datasets/Notes/Sixteenth/s495.jpg,64,64,0.120361328125
data/processed/images/eighth_note/000906.png,eighth_note,c4df1a45f2db81655ff7ee88f506d4ddedb1389a14d42f58443521fd74923e0d,data/raw/datasets/datasets/Notes/Eight/e918.jpg,64,64,0.0341796875
data/processed/images/eighth_note/000549.png,eighth_note,ba19e342b1ebeb1f91687e90919a8d32f2e2d0bf19cf28f5cff510377c09deeb,data/raw/datasets/datasets/Notes/Eight/e593.jpg,64,64,0.126708984375
data/processed/images/quarter_note/002962.png,quarter_note,c70901231b04a551a1c90aa835a6d3f343ed446ea757c0ddb3b0b85887527d73,data/raw/datasets/datasets/Notes/Quarter/q969.jpg,64,64,0.05712890625
data/processed/images/sixteenth_note/003685.png,sixteenth_note,a87994df7d534f0d20cfc5c802bc642932fee67ecfcba97d881a2206141becf1,data/raw/datasets/datasets/Notes/Sixteenth/s72.jpg,64,64,0.13134765625
data/processed/images/sixteenth_note/003731.png,sixteenth_note,84a8a06163e51ee002e973f37db470a173c4892065554b2d0bc2d8873c358e7e,data/raw/datasets/datasets/Notes/Sixteenth/s761.jpg,64,64,0.098876953125
data/processed/images/quarter_note/002898.png,quarter_note,aca1cd2cf7cd7f57ddc319fe5c3d9f406442ecb23034a744210de312d4912592,data/raw/datasets/datasets/Notes/Quarter/q910.jpg,64,64,0.04248046875
data/processed/images/quarter_note/002977.png,quarter_note,8f61a9e87ed237d266162b9f0d62df89a30ef82b2f8a91361cb54b883e9e3e78,data/raw/datasets/datasets/Notes/Quarter/q982.jpg,64,64,0.062744140625
data/processed/images/eighth_note/000342.png,eighth_note,b409ca5fbb9045be7ef2d583977ac29d7bf4897b312010e2bd37bc8aa4b6405f,data/raw/datasets/datasets/Notes/Eight/e406.jpg,64,64,0.077392578125
data/processed/images/half_note/001139.png,half_note,1a1560037d0dacc7973122090ec0a91e2675ad6e5658f8d6480b55d672d876f6,data/raw/datasets/datasets/Notes/Half/h227.jpg,64,64,0.070556640625
data/processed/images/whole_note/004954.png,whole_note,23479162354ba901664cb5035cc034416c780033844190eb8d35732eba98788b,data/raw/datasets/datasets/Notes/Whole/w962.jpg,64,64,0.05078125
data/processed/images/sixteenth_note/003016.png,sixteenth_note,12e0471b11fcf82427a02c242b701d1d45b81e76e63285cb7f719e58dc575e79,data/raw/datasets/datasets/Notes/Sixteenth/s116.jpg,64,64,0.13134765625
data/processed/images/sixteenth_note/003397.png,sixteenth_note,6e5265202e2849f670740248d4eb3eacbd0119caee0bed25200343cc208654f7,data/raw/datasets/datasets/Notes/Sixteenth/s46.jpg,64,64,0.1787109375
data/processed/images/sixteenth_note/003235.png,sixteenth_note,d055764b18681f8e7199dc3d930d77244365de915f5b8dd5fb2e68ffb40f050e,data/raw/datasets/datasets/Notes/Sixteenth/s313.jpg,64,64,0.144775390625
data/processed/images/eighth_note/000296.png,eighth_note,08b7d8de40f0f1e72a1e5a333bfc4baa0194f04f342ea4103bfd0cd2625fb335,data/raw/datasets/datasets/Notes/Eight/e365.jpg,64,64,0.070068359375
data/processed/images/quarter_note/002285.png,quarter_note,2f393c03e33e12cce7b60aaef84cdd2de41d38041bf520f1a6d2692c7f9da822,data/raw/datasets/datasets/Notes/Quarter/q359.jpg,64,64,0.091064453125
data/processed/images/sixteenth_note/003131.png,sixteenth_note,eb155ff12e6dc6a403941726691ae397f49d5f52cc4c84f21a10f5324c5345aa,data/raw/datasets/datasets/Notes/Sixteenth/s22.jpg,64,64,0.122802734375
data/processed/images/half_note/001533.png,half_note,c095e225f579f1dccc45017fef57262fa558c0eacdd699eb6b4575e8e0e49a88,data/raw/datasets/datasets/Notes/Half/h582.jpg,64,64,0.0302734375
data/processed/images/whole_note/004617.png,whole_note,2deedad2aea758dc0aedf4397309dd152c9f9d609d4501924e45108b9003e102,data/raw/datasets/datasets/Notes/Whole/w659.jpg,64,64,0.16015625
data/processed/images/half_note/001004.png,half_note,2826ecb96c8e81571b5f81351988d9270f3d39175e3fe1d375663de5269213a1,data/raw/datasets/datasets/Notes/Half/h105.jpg,64,64,0.02880859375
data/processed/images/quarter_note/002232.png,quarter_note,4b8a319e79cb46d878bfe7db17b60085a3071760b3cd79c30e8a50ef4188d179,data/raw/datasets/datasets/Notes/Quarter/q310.jpg,64,64,0.045166015625
data/processed/images/eighth_note/000349.png,eighth_note,d81abc40245256cded6aab3c9737416522c4429c2308d3781fc80d1ddddab2b9,data/raw/datasets/datasets/Notes/Eight/e412.jpg,64,64,0.072021484375
data/processed/images/half_note/001242.png,half_note,ca89a7f3cadf715b4b735a860bf4000c4aa05345c99df0a809c9a2490352c07b,data/raw/datasets/datasets/Notes/Half/h32.jpg,64,64,0.073486328125
data/processed/images/eighth_note/000932.png,eighth_note,e321883b6a4840cce666eef042d489cd32f7ca1c1d44717d8f1b983240cdc42e,data/raw/datasets/datasets/Notes/Eight/e941.jpg,64,64,0.10107421875
data/processed/images/quarter_note/002488.png,quarter_note,f9273b18ad3d6e5b2851424d078d2a6eeeb12a4f29a256360efde10533e2a97a,data/raw/datasets/datasets/Notes/Quarter/q541.jpg,64,64,0.061279296875
data/processed/images/half_note/001507.png,half_note,77d735f11822e3c9cef6be72be9eb85a9a24144666b46846c56d7124164aad92,data/raw/datasets/datasets/Notes/Half/h559.jpg,64,64,0.083740234375
data/processed/images/sixteenth_note/003943.png,sixteenth_note,a80d7c2f15a9d1e5544d5153f8388139e07bf195e70e03296f8e548c1989444e,data/raw/datasets/datasets/Notes/Sixteenth/s952.jpg,64,64,0.12255859375
data/processed/images/half_note/001261.png,half_note,d685fbfa3417e25db368e996a5141cd5796cab9cb53ff863bafee15462176b40,data/raw/datasets/datasets/Notes/Half/h337.jpg,64,64,0.051025390625
data/processed/images/quarter_note/002019.png,quarter_note,64fb331539baba850f46b2defba523fca1c9e77decbdef833bc3cde15a3e2068,data/raw/datasets/datasets/Notes/Quarter/q119.jpg,64,64,0.101318359375
data/processed/images/whole_note/004601.png,whole_note,baf2bc1490ac3f7510a721050678de485704de40c52e185d93978530768dfec8,data/raw/datasets/datasets/Notes/Whole/w644.jpg,64,64,0.04150390625
data/processed/images/sixteenth_note/003319.png,sixteenth_note,948be33f2717611647bf7950a9148d2b301ebd805febbe13e2a7d52012058009,data/raw/datasets/datasets/Notes/Sixteenth/s39.jpg,64,64,0.087158203125
data/processed/images/quarter_note/002696.png,quarter_note,013ea6f69322629ad2982f4a5db88ce73ff9bb45fcdaf96da1e8510b6d7c8969,data/raw/datasets/datasets/Notes/Quarter/q729.jpg,64,64,0.02880859375
data/processed/images/whole_note/004768.png,whole_note,ba1a89c5d89cfb03ac24afb89c62934a9d38b3c7d151fcdd72e6c33d80d5f261,data/raw/datasets/datasets/Notes/Whole/w795.jpg,64,64,0.254150390625
data/processed/images/half_note/001989.png,half_note,1dcea29aa8bec1d1c8b0a65fb6ae096cfc7a8fd2eaa01c7436a3cd2105e1a7d0,data/raw/datasets/datasets/Notes/Half/h993.jpg,64,64,0.02294921875
data/processed/images/eighth_note/000802.png,eighth_note,e6bd4d009312d4a027fc3876d59c2b5a16ab96a9a64fb3ba4bea1daec6e9d120,data/raw/datasets/datasets/Notes/Eight/e824.jpg,64,64,0.140380859375
data/processed/images/whole_note/004438.png,whole_note,aae2c1a0e9b1e752cb6651787b444b1292921af9b63dc770c3a9b3801f6794a4,data/raw/datasets/datasets/Notes/Whole/w498.jpg,64,64,0.016845703125
data/processed/images/half_note/001505.png,half_note,dd771efb67f42dfc7ed950126c3ea2b577705543bd777f55097c9ec10da3b1e2,data/raw/datasets/datasets/Notes/Half/h557.jpg,64,64,0.038330078125
data/processed/images/sixteenth_note/003744.png,sixteenth_note,40ada4683e27446d13223c97444cd28f6665c76100903787938e07e37cabc037,data/raw/datasets/datasets/Notes/Sixteenth/s773.jpg,64,64,0.076904296875
data/processed/images/quarter_note/002708.png,quarter_note,3c17c737af6c6c864757f97ff0ba6748b5cc25784c7deb40a9d90314e53a9d8d,data/raw/datasets/datasets/Notes/Quarter/q74.jpg,64,64,0.0859375
data/processed/images/eighth_note/000714.png,eighth_note,9a6d5e8926cdc479b1939f42c18ee2875315da0ec7ff38abb1fffe0719f9dda9,data/raw/datasets/datasets/Notes/Eight/e743.jpg,64,64,0.193603515625
data/processed/images/eighth_note/000624.png,eighth_note,5a57ba1823ff232fc0ff39a99a19584c8235903d4d18c53519544fee318ca0f4,data/raw/datasets/datasets/Notes/Eight/e660.jpg,64,64,0.06787109375
data/processed/images/sixteenth_note/003831.png,sixteenth_note,004964277b13c09ac2d80f4a304d3f044e602d2ad757acfa75318a03e7f10556,data/raw/datasets/datasets/Notes/Sixteenth/s851.jpg,64,64,0.068359375
data/processed/images/quarter_note/002846.png,quarter_note,55263a1ee3f3484e8b0f6f7b32a8999ca41e5418cad6aee20930d98f4ed29a80,data/raw/datasets/datasets/Notes/Quarter/q864.jpg,64,64,0.057861328125
data/processed/images/quarter_note/002122.png,quarter_note,ee352e2421a2b3019b546c7ba65dd5c03adc7912698b38e3334a68fc31df8275,data/raw/datasets/datasets/Notes/Quarter/q211.jpg,64,64,0.046142578125
data/processed/images/whole_note/004101.png,whole_note,e444ba5af1b62ee899b65f6ec3606d5789a6af4889468f2b72b4329725f196fa,data/raw/datasets/datasets/Notes/Whole/w194.jpg,64,64,0.219482421875
data/processed/images/sixteenth_note/003977.png,sixteenth_note,63784506d053cb225538d41b2ebfe03a654fb90bc302df0f42523c97e71a1636,data/raw/datasets/datasets/Notes/Sixteenth/s983.jpg,64,64,0.10498046875
data/processed/images/whole_note/004088.png,whole_note,33a03e309b20ca45af8ac4bfeef5330dbf7fd297f7f5fbcd0eb2eced0b0e77c2,data/raw/datasets/datasets/Notes/Whole/w182.jpg,64,64,0.122802734375
data/processed/images/half_note/001085.png,half_note,729074fc9d0bf04b5ac597e46b235e3d817424a61913df86ed385f5787bc153c,data/raw/datasets/datasets/Notes/Half/h179.jpg,64,64,0.047607421875
data/processed/images/half_note/001532.png,half_note,3d936944ff5b1d5cc56fa8dfe0e33743b87b40bd4426a8b305f506958fd5b3d9,data/raw/datasets/datasets/Notes/Half/h581.jpg,64,64,0.030029296875
data/processed/images/half_note/001421.png,half_note,76018a7123ec16ffa4e435bb4cb6d8eb90a28ad13d4ddf1d7862d3cfa7be70c2,data/raw/datasets/datasets/Notes/Half/h481.jpg,64,64,0.0224609375
data/processed/images/eighth_note/000157.png,eighth_note,0dfbca7ce3b5e77fe7715dad4c1ada76fb84e223e445ca507888a7de6f41b574,data/raw/datasets/datasets/Notes/Eight/e24.jpg,64,64,0.048828125
data/processed/images/whole_note/004287.png,whole_note,5de685fc6c9710df60d4eaa7e2a239909e096e727a2c637254544aad3977f449,data/raw/datasets/datasets/Notes/Whole/w361.jpg,64,64,0.03369140625
data/processed/images/whole_note/004464.png,whole_note,a28fced73815ab411daf8d3c0e83568c8c285f0f95ada66983ebd367116c3486,data/raw/datasets/datasets/Notes/Whole/w520.jpg,64,64,0.0556640625
data/processed/images/quarter_note/002498.png,quarter_note,538079f9df12c850f8057e8f9ea49cbe1ce23fc44e918df79f986405c4389f39,data/raw/datasets/datasets/Notes/Quarter/q550.jpg,64,64,0.147216796875
data/processed/images/eighth_note/000904.png,eighth_note,96ccf3fba264c41a66f20e09fe7b7ab7b2926b3cf0a493730c4389c877b51286,data/raw/datasets/datasets/Notes/Eight/e916.jpg,64,64,0.09716796875
data/processed/images/whole_note/004437.png,whole_note,55ae2ef6770f1462eca0df49a70a882610e120afab9445c17973332882f9c2cb,data/raw/datasets/datasets/Notes/Whole/w497.jpg,64,64,0.04052734375
data/processed/images/half_note/001075.png,half_note,b5d93c9dfac180c0884f334f6b80c800914bd8e3e65f189a3fc05d4afdbd7336,data/raw/datasets/datasets/Notes/Half/h17.jpg,64,64,0.060546875
data/processed/images/quarter_note/002035.png,quarter_note,9df51d840d00a8a377c0d1fc832ae5b44176750e65d0fecabaf5efe28cf6d195,data/raw/datasets/datasets/Notes/Quarter/q133.jpg,64,64,0.110107421875
data/processed/images/eighth_note/000122.png,eighth_note,a390dd4ea5dbdbcee590be81f95cb8c94f7bd3affe17a535906d909d7931bbe5,data/raw/datasets/datasets/Notes/Eight/e208.jpg,64,64,0.150634765625
data/processed/images/eighth_note/000918.png,eighth_note,84a0973d5966c35d3f3f1c60086cd0c23da32ffefb4cd3a3e2b128a8f8d7ae4d,data/raw/datasets/datasets/Notes/Eight/e929.jpg,64,64,0.099853515625
data/processed/images/half_note/001983.png,half_note,bc4e98cb407a4900af8c179a8cf6226ede2179e316b944e58f2f396d26ed0fbd,data/raw/datasets/datasets/Notes/Half/h988.jpg,64,64,0.029296875
data/processed/images/quarter_note/002825.png,quarter_note,2c82114bd85368226819072faf65df5663ed8c2451e447e1185d1ffa1620142d,data/raw/datasets/datasets/Notes/Quarter/q845.jpg,64,64,0.0283203125
data/processed/images/sixteenth_note/003587.png,sixteenth_note,c082057c42de0ab0a7e513795a6673d7822a4e3499496a5551b2b6cd9e17f238,data/raw/datasets/datasets/Notes/Sixteenth/s630.jpg,64,64,0.086181640625
data/processed/images/quarter_note/002754.png,quarter_note,b5f6e99fd81141b0cae98e2de9e61526c3360da9ce71d346a1399e87b8ffcedc,data/raw/datasets/datasets/Notes/Quarter/q781.jpg,64,64,0.022216796875
data/processed/images/quarter_note/002059.png,quarter_note,949137f2e24cb44520b04a518566b8933092ae980fadfd0d96b1526c4ca08b6f,data/raw/datasets/datasets/Notes/Quarter/q155.jpg,64,64,0.0712890625
data/processed/images/sixteenth_note/003597.png,sixteenth_note,e608cbb7b96eee8acecbdfde82ba5597a122d6ec7e7725f510bd4e05d6331223,data/raw/datasets/datasets/Notes/Sixteenth/s64.jpg,64,64,0.10205078125
data/processed/images/sixteenth_note/003141.png,sixteenth_note,80ed6a6b2ba6c796cabd0cae90ea64bf9a63ae09414704993b3391a59c58fd51,data/raw/datasets/datasets/Notes/Sixteenth/s229.jpg,64,64,0.118408203125
data/processed/images/sixteenth_note/003708.png,sixteenth_note,6d6a8d6ae1f5b84e60edf3bf14854f6f60f169c6023eb02b63b67e7694c4129b,data/raw/datasets/datasets/Notes/Sixteenth/s740.jpg,64,64,0.054931640625
data/processed/images/whole_note/004476.png,whole_note,b0660bfdac096949d7499c41f5f69d2458b180c4cf36f8cce44982cf8d7f5aa2,data/raw/datasets/datasets/Notes/Whole/w531.jpg,64,64,0.080322265625
data/processed/images/whole_note/004470.png,whole_note,547b2333df6a4ec6f755eccbf908da4651f4e6d6dce078b74e0fc369e7806e3f,data/raw/datasets/datasets/Notes/Whole/w526.jpg,64,64,0.0244140625
data/processed/images/sixteenth_note/003896.png,sixteenth_note,6c185e1bf63dfa5b68b3d80428e2966b32a0c2c92496bd96b339fb9df2def8d5,data/raw/datasets/datasets/Notes/Sixteenth/s91.jpg,64,64,0.08349609375
data/processed/images/half_note/001492.png,half_note,52f9bcf9e5268663069eb9b008b2147016373acd49204cc6eadbfedb20b86ad9,data/raw/datasets/datasets/Notes/Half/h545.jpg,64,64,0.05078125
data/processed/images/sixteenth_note/003073.png,sixteenth_note,af3d051ad54c59d524acc2ea4e5dac7a48ffeea236f9fbbf536e1d92c1aefd70,data/raw/datasets/datasets/Notes/Sixteenth/s168.jpg,64,64,0.046630859375
data/processed/images/half_note/001807.png,half_note,235748bd61e4726294537c3b5322e7ed211ca676f6e215e30b49f129ed64dac3,data/raw/datasets/datasets/Notes/Half/h829.jpg,64,64,0.034423828125
data/processed/images/half_note/001669.png,half_note,bc443049487a4f88c7acfd986c96ab2505457d2666a34bdf14ecf0ae237e74d0,data/raw/datasets/datasets/Notes/Half/h704.jpg,64,64,0.044189453125
data/processed/images/eighth_note/000595.png,eighth_note,8365d49680a4c77ce6f41aaeceee010de96b5d5de68c1590e9233440c212cf89,data/raw/datasets/datasets/Notes/Eight/e634.jpg,64,64,0.102783203125
data/processed/images/half_note/001118.png,half_note,023ce4da045c2148c175144d4f55b0cc00bd039e37279f8ea58cadbe8b4be1a3,data/raw/datasets/datasets/Notes/Half/h208.jpg,64,64,0.029541015625
data/processed/images/whole_note/004082.png,whole_note,0745976e30cea7d7926301b5fe2256bf02ba36ec440e4ea10a8fba505dc92172,data/raw/datasets/datasets/Notes/Whole/w177.jpg,64,64,0.20947265625
data/processed/images/quarter_note/002756.png,quarter_note,f485ec968d8a2242f7137972a22f46a885e20611bc4bd43b075e142586ede0c8,data/raw/datasets/datasets/Notes/Quarter/q783.jpg,64,64,0.0302734375
data/processed/images/sixteenth_note/003585.png,sixteenth_note,bcbf75dca78983722ac6b906527cff6e85587d5522f635769866dbb595dd5fc6,data/raw/datasets/datasets/Notes/Sixteenth/s629.jpg,64,64,0.086181640625
data/processed/images/whole_note/004424.png,whole_note,9aded9e917a0669681853d9a8fe1e685b2e2c94442a8e04d8f2fb1c139d42733,data/raw/datasets/datasets/Notes/Whole/w485.jpg,64,64,0.0400390625
data/processed/images/sixteenth_note/003931.png,sixteenth_note,a7d8fc090c378f3853a7b9371510811222c15880ff0ed5597207155cfef052f0,data/raw/datasets/datasets/Notes/Sixteenth/s941.jpg,64,64,0.086669921875
data/processed/images/whole_note/004684.png,whole_note,09ba1bcc4a830256571dbeb252fb3c165bcec49b8feeb37681a2ef063dd1e97e,data/raw/datasets/datasets/Notes/Whole/w719.jpg,64,64,0.103271484375
data/processed/images/sixteenth_note/003183.png,sixteenth_note,67cfccf98a57de3dacb393c1626f49f54a6460090f08448e1d7898ecd76cb71c,data/raw/datasets/datasets/Notes/Sixteenth/s267.jpg,64,64,0.048095703125
data/processed/images/eighth_note/000830.png,eighth_note,094f73c2eed17b592ca12710137f0e0792ef9d4e1b0c688522a60ba0a4077160,data/raw/datasets/datasets/Notes/Eight/e85.jpg,64,64,0.03125
data/processed/images/half_note/001936.png,half_note,07ce4a961e823663f60ee154e416d785236a93635a9c9b7ad99db0115095288e,data/raw/datasets/datasets/Notes/Half/h945.jpg,64,64,0.03515625
data/processed/images/whole_note/004914.png,whole_note,76e68c07104e19ae14a317298ba71dd5e4a8fbc32397bf9453bc882d886030e6,data/raw/datasets/datasets/Notes/Whole/w926.jpg,64,64,0.106201171875
data/processed/images/quarter_note/002099.png,quarter_note,569ee3ae2f7fc97188c015cc76b61cb1fa9c7f7c3e48e40ed8f4c1dc86d14409,data/raw/datasets/datasets/Notes/Quarter/q191.jpg,64,64,0.068603515625
data/processed/images/eighth_note/000630.png,eighth_note,df9ff19c1807899f120bd950e21c43862fed764e03769a285540ee4846ac7950,data/raw/datasets/datasets/Notes/Eight/e666.jpg,64,64,0.099609375
data/processed/images/sixteenth_note/003957.png,sixteenth_note,e5e311dc518a7f1acc1ae2d28a67bc37e70d7503811c6458f844ffef2beee273,data/raw/datasets/datasets/Notes/Sixteenth/s965.jpg,64,64,0.1279296875
data/processed/images/sixteenth_note/003802.png,sixteenth_note,38ee207c7a4afa0e76f66ee3d596cab198d92ded7aad6464f57e17065fd49497,data/raw/datasets/datasets/Notes/Sixteenth/s825.jpg,64,64,0.09130859375
data/processed/images/eighth_note/000926.png,eighth_note,46f618c66b30d0610f731678f75faaf7805a1b64164ad119538ae3a937f279ba,data/raw/datasets/datasets/Notes/Eight/e936.jpg,64,64,0.086181640625
data/processed/images/half_note/001053.png,half_note,0ae64df46e297b72e811e37a436c68ce25addba29bffa9a0f701dde5d5601793,data/raw/datasets/datasets/Notes/Half/h15.jpg,64,64,0.041259765625
data/processed/images/quarter_note/002927.png,quarter_note,410e7d663bd4bdb999ac014d1da4c5357417c2f38f6a73725c5b67ee343f6652,data/raw/datasets/datasets/Notes/Quarter/q937.jpg,64,64,0.1025390625
data/processed/images/half_note/001403.png,half_note,50b781c828b6868803655a30072fa665dd9dd799389ed78911491f3356cf3abc,data/raw/datasets/datasets/Notes/Half/h465.jpg,64,64,0.038330078125
data/processed/images/half_note/001367.png,half_note,b5fd61bf30cf1340fbc0f4bc69ce6325a6385551dfbbebcb0b26339b14a4cf7c,data/raw/datasets/datasets/Notes/Half/h432.jpg,64,64,0.069091796875
data/processed/images/sixteenth_note/003130.png,sixteenth_note,5856799ef032418868b2d4d33a6e1180de596b1b8f1dbba627335055805fdfa5,data/raw/datasets/datasets/Notes/Sixteenth/s219.jpg,64,64,0.05322265625
data/processed/images/sixteenth_note/003032.png,sixteenth_note,9d2ccc2cef177e2f1b83bc165f318f67b14b21d39a025558a957035335ec8f1c,data/raw/datasets/datasets/Notes/Sixteenth/s130.jpg,64,64,0.10791015625
data/processed/images/eighth_note/000103.png,eighth_note,1742c75088553995563852337895d6d1c4e52709c010fe0d662aff69b01ec9b7,data/raw/datasets/datasets/Notes/Eight/e191.jpg,64,64,0.09033203125
data/processed/images/whole_note/004535.png,whole_note,02a830a1325101d1d64e610b629f9cc8010fbadd3822c2f3303133ed08258015,data/raw/datasets/datasets/Notes/Whole/w585.jpg,64,64,0.05517578125
data/processed/images/half_note/001028.png,half_note,aef41e2f0825f1f10bc9c54cba8a947687e7c4fcc7d10f46e2cd93da21772bdc,data/raw/datasets/datasets/Notes/Half/h127.jpg,64,64,0.070068359375
data/processed/images/eighth_note/000374.png,eighth_note,0fe7982e88202d269ffafbc80e41742de216da84348c6a406e8c478aa2488a72,data/raw/datasets/datasets/Notes/Eight/e435.jpg,64,64,0.05712890625
data/processed/images/whole_note/004604.png,whole_note,600a9a0731a32a7e82d2715a550385099198ce3d3d0a8888539a0e38040419b7,data/raw/datasets/datasets/Notes/Whole/w647.jpg,64,64,0.052978515625
data/processed/images/whole_note/004919.png,whole_note,e335436f3ebae28f581d474d533b9ba07736f57d0a16526141c17350d23e7fa6,data/raw/datasets/datasets/Notes/Whole/w930.jpg,64,64,0.2470703125
data/processed/images/eighth_note/000811.png,eighth_note,fefb2c4dd46179821c3079823b26716702d74dfe9ac79e75d707c464fbed0c26,data/raw/datasets/datasets/Notes/Eight/e832.jpg,64,64,0.0380859375
data/processed/images/sixteenth_note/003096.png,sixteenth_note,376999015bf16b78a71382fe11322621193adeb2c2df3b1ac0aa0ab86eb8223d,data/raw/datasets/datasets/Notes/Sixteenth/s189.jpg,64,64,0.102783203125
data/processed/images/sixteenth_note/003654.png,sixteenth_note,0812d53078b4b99720f55c59bf1fdc7614042b5281d884c8ae4c701b47d80a67,data/raw/datasets/datasets/Notes/Sixteenth/s692.jpg,64,64,0.058349609375
data/processed/images/eighth_note/000347.png,eighth_note,fb0ae3c0fdf865938868008d0e0218217a82b0f600017ad796894524bb3b4037,data/raw/datasets/datasets/Notes/Eight/e410.jpg,64,64,0.080078125
data/processed/images/sixteenth_note/003522.png,sixteenth_note,69bbfe8f657b5016f3a9ed6b53a530d0bffa2a3ac8efbe344e717e188b614d96,data/raw/datasets/datasets/Notes/Sixteenth/s572.jpg,64,64,0.099853515625
data/processed/images/eighth_note/000248.png,eighth_note,e807a34a69b43ec48b2d9131601cfa20a57ff7a7e04b9728dd8253ea822b38cb,data/raw/datasets/datasets/Notes/Eight/e321.jpg,64,64,0.056396484375
data/processed/images/half_note/001219.png,half_note,2536f93bd00fcb075d728d8c52bf3fc4be2798295aed603e754b8b7aaddb96b2,data/raw/datasets/datasets/Notes/Half/h3.jpg,64,64,0.098388671875
data/processed/images/whole_note/004473.png,whole_note,b630b982557f531457eaa59d78e3cc6ffea29e44d83a71dd6c525a90c072e729,data/raw/datasets/datasets/Notes/Whole/w529.jpg,64,64,0.02734375
data/processed/images/sixteenth_note/003139.png,sixteenth_note,d65b70a8688626ec62fa2c23e97db98d7a947d11115dd8a7d76b2d92afea048c,data/raw/datasets/datasets/Notes/Sixteenth/s227.jpg,64,64,0.047607421875
data/processed/images/eighth_note/000420.png,eighth_note,4e7e2116f4320aa9294eed597593b862af97338a06440eb8019841ceb05f960f,data/raw/datasets/datasets/Notes/Eight/e477.jpg,64,64,0.0302734375
data/processed/images/whole_note/004796.png,whole_note,2595a7641cedc764d05d7664899c62367d918db3bbcd4e41fab53c9ec7b9fc2c,data/raw/datasets/datasets/Notes/Whole/w82.jpg,64,64,0.353759765625
data/processed/images/eighth_note/000822.png,eighth_note,860162acdf6c7019c5433e2cb25fa3138ce22617ab95aeb19cb8934ae0b435c7,data/raw/datasets/datasets/Notes/Eight/e842.jpg,64,64,0.051513671875
data/processed/images/quarter_note/002831.png,quarter_note,9bf0025c2de6f2191988a876ac7a726ca5d681f6539120380697ddc4db484527,data/raw/datasets/datasets/Notes/Quarter/q850.jpg,64,64,0.03466796875
data/processed/images/eighth_note/000590.png,eighth_note,beced080132e76fa24625da7eb7b471315abee5a8b7a49107b59948933545ae6,data/raw/datasets/datasets/Notes/Eight/e63.jpg,64,64,0.074462890625
data/processed/images/quarter_note/002332.png,quarter_note,7f4ab764772154b12c1cbdec3c76acd40b3a22fca53f534619488f5a075936ab,data/raw/datasets/datasets/Notes/Quarter/q400.jpg,64,64,0.076904296875
data/processed/images/eighth_note/000415.png,eighth_note,4afde0343176dd3ee8d9811fdca8c766d36fc974a118c1fc7a6640245f68c7b2,data/raw/datasets/datasets/Notes/Eight/e472.jpg,64,64,0.11328125
data/processed/images/sixteenth_note/003057.png,sixteenth_note,28a7633507f2a6043b01cf63858a5e4c2393d7a9274f6ab034a489cbd41eb070,data/raw/datasets/datasets/Notes/Sixteenth/s153.jpg,64,64,0.084716796875
data/processed/images/whole_note/004719.png,whole_note,8e19f4cfbab8644444a73c95fc960c0538db2f42ab026151326630920cec5370,data/raw/datasets/datasets/Notes/Whole/w750.jpg,64,64,0.312744140625
data/processed/images/eighth_note/000620.png,eighth_note,1303b528d3609775a292bcde88ddb9747c26e1f412006bf7683e2034c900a6cb,data/raw/datasets/datasets/Notes/Eight/e657.jpg,64,64,0.112548828125
data/processed/images/eighth_note/000585.png,eighth_note,8541c35e8c8e5ce44ddc379b94fd2454371c2c41db2c1a60e5e26b05c47875ec,data/raw/datasets/datasets/Notes/Eight/e625.jpg,64,64,0.150146484375
data/processed/images/half_note/001452.png,half_note,ada051ede6b53e84c4f2f3f82f3aacd9df929360ac101d8cfcb41d46faf1a392,data/raw/datasets/datasets/Notes/Half/h509.jpg,64,64,0.0751953125
data/processed/images/quarter_note/002198.png,quarter_note,1937352a52a6367b64264873650d5addcf080a119e2026de0c3dabdcd097ead9,data/raw/datasets/datasets/Notes/Quarter/q280.jpg,64,64,0.01708984375
data/processed/images/sixteenth_note/003415.png,sixteenth_note,761a7c481f1dd927855120c40a063a5b1658a8505a2bc2f525cae434ad4d2f30,data/raw/datasets/datasets/Notes/Sixteenth/s476.jpg,64,64,0.11572265625
data/processed/images/quarter_note/002224.png,quarter_note,d1fef8d6484608a1de68c0a89f03e1db5b855c629746ed91a2dfee5068cb7bb7,data/raw/datasets/datasets/Notes/Quarter/q303.jpg,64,64,0.07421875
data/processed/images/half_note/001590.png,half_note,fddd7f88fa0e192457eb38d62dab183d56ed17baaa07fc8617b310460487299a,data/raw/datasets/datasets/Notes/Half/h633.jpg,64,64,0.02783203125
data/processed/images/quarter_note/002736.png,quarter_note,ba5976ef500bdce1b3d8b2c3857ef582e9b2db2df92ee9f86a320ec572ed3beb,data/raw/datasets/datasets/Notes/Quarter/q765.jpg,64,64,0.033447265625
data/processed/images/quarter_note/002606.png,quarter_note,aaf4319d9e941ba75a821fe463d8649972de41574143746dc87e1623a5852244,data/raw/datasets/datasets/Notes/Quarter/q648.jpg,64,64,0.13330078125
data/processed/images/eighth_note/000136.png,eighth_note,5bde4a3316bb4ed116eb6d0dd63e671e61a485178c90214b2385c6a046d9204b,data/raw/datasets/datasets/Notes/Eight/e220.jpg,64,64,0.029052734375
data/processed/images/whole_note/004369.png,whole_note,062ad94ebe5749551cecd879cdedf91023c4b907912f8b5a3092f3b525581388,data/raw/datasets/datasets/Notes/Whole/w435.jpg,64,64,0.04150390625
data/processed/images/half_note/001305.png,half_note,7348c3d5dc86e78a72ee0934395ce892cb8fa2a09bc7ba7c500484c67c40b29b,data/raw/datasets/datasets/Notes/Half/h377.jpg,64,64,0.0712890625
data/processed/images/half_note/001012.png,half_note,102c024e2dcc881e75dfc56706e5e3002549536ccd19311f0896d2475e4b2b5f,data/raw/datasets/datasets/Notes/Half/h112.jpg,64,64,0.057861328125
data/processed/images/half_note/001770.png,half_note,c7bec98547639cbc001070f2a655ea612d3a4b9420733dee05dbb9c634df99d9,data/raw/datasets/datasets/Notes/Half/h796.jpg,64,64,0.041259765625
data/processed/images/whole_note/004652.png,whole_note,474049f0616ea57c10f1eda3a3324af78228045818f87425e037a16d9ab278f2,data/raw/datasets/datasets/Notes/Whole/w690.jpg,64,64,0.11181640625
data/processed/images/eighth_note/000072.png,eighth_note,bd1ea9c10a681303113fe8f31e46fdec1260f91fc47d0baf6b6817f1f172292b,data/raw/datasets/datasets/Notes/Eight/e163.jpg,64,64,0.144775390625
data/processed/images/quarter_note/002742.png,quarter_note,5a64f6ddf6b43e7de4fbb0e7c4f4f53f1a9e7c0ab292f9fc75246bd11f9c3d2f,data/raw/datasets/datasets/Notes/Quarter/q770.jpg,64,64,0.016357421875
data/processed/images/quarter_note/002621.png,quarter_note,19f390c6df8eb0f4bb386c27b9d5c7a5e7cb9bdfa84075d6abac0bf865426d03,data/raw/datasets/datasets/Notes/Quarter/q661.jpg,64,64,0.0556640625
data/processed/images/whole_note/004130.png,whole_note,6a92fc6774b7f7359cfb0a467efb1bf242a3083386200c78307c99f67b544551,data/raw/datasets/datasets/Notes/Whole/w22.jpg,64,64,0.1416015625
data/processed/images/whole_note/004969.png,whole_note,899f592040ecda8fccb6a2f7fefa08297aadb7228f484146db72dc1b7c3ba61c,data/raw/datasets/datasets/Notes/Whole/w976.jpg,64,64,0.100830078125
data/processed/images/quarter_note/002709.png,quarter_note,a8d3d504c843d199aba2bd61e55540ee55d24b34a1bcdbe2a2aa1f1583d3071d,data/raw/datasets/datasets/Notes/Quarter/q740.jpg,64,64,0.019775390625
data/processed/images/sixteenth_note/003517.png,sixteenth_note,ef5a423ab2da100719eb71e66c69279cdf422a9f79fef17e005b595bd615218e,data/raw/datasets/datasets/Notes/Sixteenth/s568.jpg,64,64,0.2197265625
data/processed/images/whole_note/004304.png,whole_note,af1cf405cd9b0d5b20858f22062e07652db2bed8ab273e44147038d1cc71c4b5,data/raw/datasets/datasets/Notes/Whole/w377.jpg,64,64,0.042724609375
data/processed/images/sixteenth_note/003224.png,sixteenth_note,fa67aecd73a52aa76f0f1d9eb1bee65204a55a1db4c5f42aa61a5f026a6b2db5,data/raw/datasets/datasets/Notes/Sixteenth/s303.jpg,64,64,0.15380859375
data/processed/images/quarter_note/002229.png,quarter_note,78a11cae018c145959107eaf90784e16bca18e18367e3c46c99d7168fd9433ec,data/raw/datasets/datasets/Notes/Quarter/q308.jpg,64,64,0.063720703125
data/processed/images/quarter_note/002849.png,quarter_note,40b7a1b4c116d3f5928a144f0a8021cdc8ab726bb619d2f18fa20dcc09d20fb3,data/raw/datasets/datasets/Notes/Quarter/q867.jpg,64,64,0.02392578125
data/processed/images/whole_note/004270.png,whole_note,a7c40ba91c6fc434b5d3274803a7133248bea22442b6cc69fad6e05f3a1f8789,data/raw/datasets/datasets/Notes/Whole/w346.jpg,64,64,0.1337890625
data/processed/images/whole_note/004739.png,whole_note,5fa7f7903069c829eb9fd06d0e8f8f93a5227eea8083ee0f81a073b6aa8dd74f,data/raw/datasets/datasets/Notes/Whole/w769.jpg,64,64,0.20751953125
data/processed/images/quarter_note/002607.png,quarter_note,8dc4c4ab5c16eef01dcbaaa2c83661dc3b29d680de88fd36d1b62b2689a62851,data/raw/datasets/datasets/Notes/Quarter/q649.jpg,64,64,0.0498046875
data/processed/images/sixteenth_note/003180.png,sixteenth_note,5ad1571c9dc3b7c72c9d6cbd38cfa193ea89ce6a49fa0e31133ec3bd463ea1a3,data/raw/datasets/datasets/Notes/Sixteenth/s264.jpg,64,64,0.06005859375
data/processed/images/quarter_note/002634.png,quarter_note,a6f6bf1822e9ff0c45cf65898f2b01cdecbd69b38b239c7d558fd2cc96ab27b5,data/raw/datasets/datasets/Notes/Quarter/q673.jpg,64,64,0.11083984375
data/processed/images/whole_note/004138.png,whole_note,f95fd7448840fbae799a7b1728d61c88ab55c82cb309f4565a07bf6eb89a5cf0,data/raw/datasets/datasets/Notes/Whole/w227.jpg,64,64,0.08984375
data/processed/images/sixteenth_note/003681.png,sixteenth_note,c06a6b2ccbee2539121f8a0ab16c4ba5e871375ee911ce70a711d80799d7b4b2,data/raw/datasets/datasets/Notes/Sixteenth/s716.jpg,64,64,0.099853515625
data/processed/images/eighth_note/000297.png,eighth_note,0db16e99de8b24ef6bac3e67c6b3bc5aa4fe44e8613d801fc7b1b2d42acaef08,data/raw/datasets/datasets/Notes/Eight/e366.jpg,64,64,0.043212890625
data/processed/images/whole_note/004867.png,whole_note,93dee15931abea6dde92c75b02ccc22fcc9c1eb1b45ffd74de8327abf0fc1057,data/raw/datasets/datasets/Notes/Whole/w884.jpg,64,64,0.10546875
data/processed/images/half_note/001519.png,half_note,6a848ba0602c0a8ac06209fcca5bea1fbf30af9f29e5c97e9aafe5e62fbce83c,data/raw/datasets/datasets/Notes/Half/h57.jpg,64,64,0.062744140625
data/processed/images/quarter_note/002000.png,quarter_note,808e8dc31116921d9a5f0a516f7a8807dd8ab05e2a058705250570164519e450,data/raw/datasets/datasets/Notes/Quarter/q101.jpg,64,64,0.076904296875
data/processed/images/whole_note/004364.png,whole_note,4f9581205ca6c58c7a5bf91fdf8daa431b940d8017cec97001faa476644fe4ad,data/raw/datasets/datasets/Notes/Whole/w430.jpg,64,64,0.077880859375
data/processed/images/eighth_note/000494.png,eighth_note,9205a472ac4e6e9f44bc4ba938dc5ac419231c1af48b5b4f8a7e4f22e3fc3a70,data/raw/datasets/datasets/Notes/Eight/e543.jpg,64,64,0.058349609375
data/processed/images/whole_note/004963.png,whole_note,8c82a1c80777f56446afc0939157b9537a7b88fdfdd2c32a291d82a1f9a9683c,data/raw/datasets/datasets/Notes/Whole/w970.jpg,64,64,0.042236328125
data/processed/images/eighth_note/000140.png,eighth_note,4c15cab604e1b16c4ca8e57c29dd0620c32bd79974759ac37b5befcdd4c76e13,data/raw/datasets/datasets/Notes/Eight/e224.jpg,64,64,0.03076171875
data/processed/images/sixteenth_note/003627.png,sixteenth_note,23b5b1a0fd4dc70168c7e257978f268318b5eef0eb3cd275362ec3e3c3ed0e83,data/raw/datasets/datasets/Notes/Sixteenth/s667.jpg,64,64,0.1669921875
data/processed/images/eighth_note/000139.png,eighth_note,06a0cc1d26d8ce5a08512af2fe709f4d127481d6d7fb2fd5e1f62e8164e26a27,data/raw/datasets/datasets/Notes/Eight/e223.jpg,64,64,0.026611328125
data/processed/images/quarter_note/002602.png,quarter_note,2eca0fe103bb495ce57ca99cce3f98268c2f0e472e8e8c847de2c9c16b8af695,data/raw/datasets/datasets/Notes/Quarter/q644.jpg,64,64,0.031982421875
data/processed/images/whole_note/004166.png,whole_note,55de9978ffcf9f43028fd12b5fc7b5bb7f1759a134c18d05de39a63085da4bbb,data/raw/datasets/datasets/Notes/Whole/w252.jpg,64,64,0.037841796875
data/processed/images/half_note/001869.png,half_note,cb89a8d85095c99df52308a7f2f2cc0b7021dba7bccf186539d64c5aa9ad7056,data/raw/datasets/datasets/Notes/Half/h885.jpg,64,64,0.00830078125
data/processed/images/quarter_note/002728.png,quarter_note,55d57a7279105c0033e216197c1e487ac6bfa73e662c3f4fce08317c41c64a64,data/raw/datasets/datasets/Notes/Quarter/q758.jpg,64,64,0.03759765625
data/processed/images/quarter_note/002105.png,quarter_note,5e7ea83e927dd96a8b4d4fad90e38ed30b38dd9ae164d2811c931a424d885acf,data/raw/datasets/datasets/Notes/Quarter/q197.jpg,64,64,0.091552734375
data/processed/images/half_note/001614.png,half_note,d3a0d322f4e858d2ae7799e616b040a25b212c28f07d47ddc293d556bc0391fe,data/raw/datasets/datasets/Notes/Half/h655.jpg,64,64,0.103759765625
data/processed/images/quarter_note/002853.png,quarter_note,3c5a75516dec54233af91326a777b355dbfa174eb619ccea5edcb8780595d4b0,data/raw/datasets/datasets/Notes/Quarter/q870.jpg,64,64,0.0576171875
data/processed/images/whole_note/004407.png,whole_note,a7049f64ea697dc6bb4d5c073ca554de69e0562530c4767228e319dfd036acda,data/raw/datasets/datasets/Notes/Whole/w47.jpg,64,64,0.104736328125
data/processed/images/quarter_note/002491.png,quarter_note,5001a52ada7f64fc0e65d551852cac6daab4f2d16222adf52fac626a74aa76fe,data/raw/datasets/datasets/Notes/Quarter/q544.jpg,64,64,0.10498046875
data/processed/images/whole_note/004987.png,whole_note,c2b750f741fca9dfe6c7714098c6bc54cbd93f38c2bacf314f75042ecfd09b16,data/raw/datasets/datasets/Notes/Whole/w992.jpg,64,64,0.038330078125
data/processed/images/quarter_note/002798.png,quarter_note,e2110b13c1c2aff2bbe5640260d7d2f7adcc735ecf5f2ec15aeba01eda7d4bcb,data/raw/datasets/datasets/Notes/Quarter/q820.jpg,64,64,0.0537109375
data/processed/images/eighth_note/000246.png,eighth_note,585afe1a44db4d140ae541ee907be44b7615d6046fba86af192a542a4b8d3c07,data/raw/datasets/datasets/Notes/Eight/e32.jpg,64,64,0.083984375
data/processed/images/whole_note/004365.png,whole_note,f3e3f376ea09876d34a36d0494ac45a3de5d1fde1b971896f2402dc04e08f73a,data/raw/datasets/datasets/Notes/Whole/w431.jpg,64,64,0.050048828125
data/processed/images/eighth_note/000180.png,eighth_note,f76d3407822a0c4e312ffc8ea62e6222e92399a9a73d6770e35508441ef71dd4,data/raw/datasets/datasets/Notes/Eight/e260.jpg,64,64,0.048828125
data/processed/images/half_note/001592.png,half_note,be4f28ac7368c1b54ff7cd2eba1c49970eda7293461bc2cee0fe9b50977b0a50,data/raw/datasets/datasets/Notes/Half/h635.jpg,64,64,0.06005859375
data/processed/images/sixteenth_note/003702.png,sixteenth_note,cf47b9715950c3107add3592f69a0373bfd35dc4874cc0b8a2847d7c302cce44,data/raw/datasets/datasets/Notes/Sixteenth/s735.jpg,64,64,0.11669921875
data/processed/images/sixteenth_note/003920.png,sixteenth_note,e11ab38fd5093fa36a79039dcc59e6cb73c2697de2fda4ae1ab69a3c766fb616,data/raw/datasets/datasets/Notes/Sixteenth/s931.jpg,64,64,0.0498046875
data/processed/images/eighth_note/000090.png,eighth_note,8892c3df592d47796810d8042b100233450c82b8d7fb15c46aece14490d5b603,data/raw/datasets/datasets/Notes/Eight/e18.jpg,64,64,0.06591796875
data/processed/images/whole_note/004519.png,whole_note,db65bb5f07d0f1d548236d9674a6748aef9d67bb4eeb9c38247067ebd0dbf9af,data/raw/datasets/datasets/Notes/Whole/w570.jpg,64,64,0.03125
data/processed/images/eighth_note/000792.png,eighth_note,b94c59fc00920b8ec50d7d3610d00d114c061d55694bfd1733957cb1ce025735,data/raw/datasets/datasets/Notes/Eight/e815.jpg,64,64,0.095458984375
data/processed/images/quarter_note/002343.png,quarter_note,3cb11e6eb6b669bc28787c0511f9def682147b14f703d52c3944800aebbe425d,data/raw/datasets/datasets/Notes/Quarter/q410.jpg,64,64,0.103759765625
data/processed/images/quarter_note/002315.png,quarter_note,b8a8a1c4f622fecee9ed889cb1907950d55254e70ba91c8af20c9284ed4f8bf6,data/raw/datasets/datasets/Notes/Quarter/q386.jpg,64,64,0.107177734375
data/processed/images/sixteenth_note/003236.png,sixteenth_note,b6fc71b73c24d0b9863ab2e0222e9a243c3de455e5ee3bbb026f497866ca5b63,data/raw/datasets/datasets/Notes/Sixteenth/s314.jpg,64,64,0.0537109375
data/processed/images/eighth_note/000861.png,eighth_note,875e557d0b57d87c184b53e6331b25dd4e300239ab0f08967cccf460af4cee78,data/raw/datasets/datasets/Notes/Eight/e878.jpg,64,64,0.069091796875
data/processed/images/eighth_note/000433.png,eighth_note,24258856a70b7f6da7108499e408a38c77a33dc7bce069c150b51e5f7ebd6f8a,data/raw/datasets/datasets/Notes/Eight/e489.jpg,64,64,0.04052734375
data/processed/images/whole_note/004263.png,whole_note,876a94fdaaaeedfe6d2529dac6bdfface80e66cfec1e4fdf57c29e50a75cef59,data/raw/datasets/datasets/Notes/Whole/w34.jpg,64,64,0.35498046875
data/processed/images/quarter_note/002873.png,quarter_note,52c595c5cf24235cea710a0f9c7cdb0306585828a3012cc665f16665d9c4cdeb,data/raw/datasets/datasets/Notes/Quarter/q889.jpg,64,64,0.052978515625
data/processed/images/eighth_note/000849.png,eighth_note,e9ccd9b90125cc1e2e56770ace25a669d24b2511a42548f2e5bc32c159a52d66,data/raw/datasets/datasets/Notes/Eight/e867.jpg,64,64,0.061767578125
data/processed/images/half_note/001425.png,half_note,a4d60889863d035028e7717ac4e114866b0dcbfc152912994c128e87edf3d2f5,data/raw/datasets/datasets/Notes/Half/h485.jpg,64,64,0.015869140625
data/processed/images/whole_note/004098.png,whole_note,71e35906337765139d759bc7666f004bb454a915c139a9a9336139711daabd7a,data/raw/datasets/datasets/Notes/Whole/w191.jpg,64,64,0.08984375
data/processed/images/quarter_note/002129.png,quarter_note,aeb93af8404f7700df7c1f794fe61e2a4ab8c0587dbae890b086d96d11f0f35a,data/raw/datasets/datasets/Notes/Quarter/q218.jpg,64,64,0.033447265625
data/processed/images/half_note/001424.png,half_note,e2bd872b84598715b3ca1ea9572a363f62cac2de8357eaaa65cfe24093810fca,data/raw/datasets/datasets/Notes/Half/h484.jpg,64,64,0.021728515625
data/processed/images/sixteenth_note/003737.png,sixteenth_note,d04322816bbb7cfb102546c1472aa32733605a99fab5bd3ec0608329aaa66ca5,data/raw/datasets/datasets/Notes/Sixteenth/s767.jpg,64,64,0.057861328125
data/processed/images/sixteenth_note/003258.png,sixteenth_note,a4c785ff685a44bf39830562384fd30a4c9818078f02b17a648e80b0f197e5b6,data/raw/datasets/datasets/Notes/Sixteenth/s334.jpg,64,64,0.123046875
data/processed/images/half_note/001603.png,half_note,90ac84904ab22a22359e51dc975a2ed59d7627be07c347dfde372cdfcf7b21d8,data/raw/datasets/datasets/Notes/Half/h645.jpg,64,64,0.057373046875
data/processed/images/quarter_note/002091.png,quarter_note,c8c1bc7fd46932d223313d484e3b72aa780b83f362ff8d499b05fb1d2ce95e32,data/raw/datasets/datasets/Notes/Quarter/q184.jpg,64,64,0.113037109375
data/processed/images/whole_note/004339.png,whole_note,b0d302f4ed2852cf43f5b86f6fb93ffc713d39d6a6f055b25c3ee5c14068b7bc,data/raw/datasets/datasets/Notes/Whole/w408.jpg,64,64,0.080322265625
data/processed/images/whole_note/004357.png,whole_note,9a1e5c4629510119e5e4a23bca2f7f92220841d2aba9fcea2082a1039d29bbff,data/raw/datasets/datasets/Notes/Whole/w424.jpg,64,64,0.03564453125
data/processed/images/half_note/001361.png,half_note,ba8f181b8189fff0fd8bf9c71ee1deebc710bbf27ac60a30049cfa4c38facd9c,data/raw/datasets/datasets/Notes/Half/h427.jpg,64,64,0.0439453125
data/processed/images/eighth_note/000256.png,eighth_note,52f83bfd15a5525fe23161364ef33d2fee98f3d08dd7d2d906683610fe61f98f,data/raw/datasets/datasets/Notes/Eight/e329.jpg,64,64,0.08251953125
data/processed/images/half_note/001511.png,half_note,05b3e7c5add8e332a3fcc8f2c4551d60e614da89fadc13119ba67c43e0cc9303,data/raw/datasets/datasets/Notes/Half/h562.jpg,64,64,0.0859375
data/processed/images/eighth_note/000364.png,eighth_note,4df711e3f010548eb12f2a5a5b162b33424abc85962ed78f8b63c5d6252f4611,data/raw/datasets/datasets/Notes/Eight/e426.jpg,64,64,0.088623046875
data/processed/images/quarter_note/002377.png,quarter_note,9d25b7a5591f71ea1041929fc99ba87f3d9a07b1b796c8c2e9bf206cc719f76a,data/raw/datasets/datasets/Notes/Quarter/q441.jpg,64,64,0.0400390625
data/processed/images/half_note/001527.png,half_note,a4d0b417b2bdd50685e547f6a10d7bafd0518d72804140e7a8024817307ab172,data/raw/datasets/datasets/Notes/Half/h577.jpg,64,64,0.060302734375
data/processed/images/whole_note/004182.png,whole_note,a26951e5c73139efd87a3032567f16cca52f80bee45a898cc45b2940fbcb9021,data/raw/datasets/datasets/Notes/Whole/w267.jpg,64,64,0.11083984375
data/processed/images/sixteenth_note/003606.png,sixteenth_note,31a0165199725946c6544fc49b88141b2d8dd1666849056f41a8a2fcf6a97c27,data/raw/datasets/datasets/Notes/Sixteenth/s648.jpg,64,64,0.06494140625
data/processed/images/sixteenth_note/003001.png,sixteenth_note,ab81a302bc8685cac03ca92d24483fcbf1cc3a4eba30b93fcae77eb0ce8d6759,data/raw/datasets/datasets/Notes/Sixteenth/s102.jpg,64,64,0.145263671875
data/processed/images/sixteenth_note/003706.png,sixteenth_note,8c1b7af92f2818e9fd06e24f75b892fb397a2595196f1b3b035ad55b9937180c,data/raw/datasets/datasets/Notes/Sixteenth/s739.jpg,64,64,0.09033203125
data/processed/images/quarter_note/002041.png,quarter_note,00a57c13a5f21bd4acbe7c25cb676851b4092d003562ef49b9f54ade3b71421f,data/raw/datasets/datasets/Notes/Quarter/q139.jpg,64,64,0.0947265625
data/processed/images/eighth_note/000971.png,eighth_note,99da6e0c0786e8edcf2da3c8abf1b23309eb4ef3d01a43bdc778637eb0a8a28d,data/raw/datasets/datasets/Notes/Eight/e977.jpg,64,64,0.117431640625
data/processed/images/eighth_note/000421.png,eighth_note,c9184086f84c1dca170ca1fa1d44d47b0ecac7cf5fbc7ae96a6a8e47a04c1062,data/raw/datasets/datasets/Notes/Eight/e478.jpg,64,64,0.058349609375
data/processed/images/quarter_note/002251.png,quarter_note,2a0d2cbed07768031b5e4c6360283da312b51b54fef58f6e820b27b6a98cb602,data/raw/datasets/datasets/Notes/Quarter/q328.jpg,64,64,0.037841796875
data/processed/images/half_note/001762.png,half_note,ebbd9483858c04ef910fac0263288ecc58312831923dde791e5f0592dc279b02,data/raw/datasets/datasets/Notes/Half/h789.jpg,64,64,0.03759765625
data/processed/images/sixteenth_note/003368.png,sixteenth_note,6df5b767cfa7c5b63f7b4c445186b8b7095cb2c70522da3f2f4cc9e75a5fc19d,data/raw/datasets/datasets/Notes/Sixteenth/s433.jpg,64,64,0.097412109375
data/processed/images/eighth_note/000730.png,eighth_note,94718b0b311cc14ada307a14e17fd11a3a8ca0094ae9dd766f956bfacb0a3a80,data/raw/datasets/datasets/Notes/Eight/e758.jpg,64,64,0.13525390625
data/processed/images/sixteenth_note/003639.png,sixteenth_note,2cc440067e867ed529a570b6ec6297260e0bbbc464c697843914914e8d46f7a0,data/raw/datasets/datasets/Notes/Sixteenth/s678.jpg,64,64,0.100341796875
data/processed/images/eighth_note/000265.png,eighth_note,47398722087580b0bd8e81c6bf9966f6dc5dadd170b2e1177050cd1f3c5f51f2,data/raw/datasets/datasets/Notes/Eight/e337.jpg,64,64,0.0478515625
data/processed/images/quarter_note/002069.png,quarter_note,dc03b872365b00ce51d45b5ac2d990aa4cae9cba841b10259ebae43f1142e663,data/raw/datasets/datasets/Notes/Quarter/q164.jpg,64,64,0.037841796875
data/processed/images/quarter_note/002244.png,quarter_note,0eb258906c6c953dc9711e2e31b61facbe8f8c01ec3e8ac2c4bd7be1f2799982,data/raw/datasets/datasets/Notes/Quarter/q321.jpg,64,64,0.05029296875
data/processed/images/quarter_note/002930.png,quarter_note,789f83c5b144e3ab8dbbc4d64382e64b8d767c12294d23d20c45bbecc7e28fee,data/raw/datasets/datasets/Notes/Quarter/q94.jpg,64,64,0.076171875
data/processed/images/half_note/001465.png,half_note,337145da17775998d1861f9319abe8d373e75d8d814ca3fbd26742744bf6ed86,data/raw/datasets/datasets/Notes/Half/h520.jpg,64,64,0.039794921875
data/processed/images/quarter_note/002921.png,quarter_note,692fa5866d74895c76f5beec79a3fc0fcec96135f3a6d303062b7c7520946de5,data/raw/datasets/datasets/Notes/Quarter/q931.jpg,64,64,0.025634765625
data/processed/images/eighth_note/000605.png,eighth_note,08f3082ac55a0207e61f95229aa38c3b3074cdfc923f80223ddafa2641a11fd9,data/raw/datasets/datasets/Notes/Eight/e643.jpg,64,64,0.19384765625
data/processed/images/quarter_note/002903.png,quarter_note,26c96b4331b5739fb88ca74ff6dfadbe956dbddcfbbc9b5d70560d8b01412b21,data/raw/datasets/datasets/Notes/Quarter/q915.jpg,64,64,0.029296875
data/processed/images/whole_note/004382.png,whole_note,72de8068308eb15e24f88f6cf5d0d723d0b9a575a5fea1c1064e22b150e0aa06,data/raw/datasets/datasets/Notes/Whole/w447.jpg,64,64,0.03759765625
data/processed/images/quarter_note/002055.png,quarter_note,2700d91a62fff45bf4434d2ddc6a26f2d7ebba2df3ad330654386ab38a499372,data/raw/datasets/datasets/Notes/Quarter/q151.jpg,64,64,0.032470703125
data/processed/images/eighth_note/000055.png,eighth_note,a46d45ccc7bc8feee79e78466997133a3a01f839fae97dadec83263bd907fafc,data/raw/datasets/datasets/Notes/Eight/e148.jpg,64,64,0.121826171875
data/processed/images/half_note/001855.png,half_note,dded33e8096bea852e4871bdde0ac8396a2996173df63ab98d5aa83f96d91939,data/raw/datasets/datasets/Notes/Half/h872.jpg,64,64,0.00830078125
data/processed/images/quarter_note/002961.png,quarter_note,1a4b7924ab493aa96516d041b4b0a0f5c4ade214eef53f6a93a3635b6c69f803,data/raw/datasets/datasets/Notes/Quarter/q968.jpg,64,64,0.057373046875
data/processed/images/whole_note/004275.png,whole_note,1bc12825f88d6e65cb46fad9da700d8c65edf6f19274887f942f4110a03fd1ae,data/raw/datasets/datasets/Notes/Whole/w350.jpg,64,64,0.18603515625
data/processed/images/sixteenth_note/003594.png,sixteenth_note,427a487ef52e129706a3c167c2d72a3af2074a34f10a142d84c25dfab65f71f7,data/raw/datasets/datasets/Notes/Sixteenth/s637.jpg,64,64,0.102294921875
data/processed/images/sixteenth_note/003156.png,sixteenth_note,5034eee894cf9a92466cd66e8306e39350419c70e787e9682550cff9312f4eb5,data/raw/datasets/datasets/Notes/Sixteenth/s242.jpg,64,64,0.06640625
data/processed/images/quarter_note/002117.png,quarter_note,ce7528fda14e30d15ee603ccb6d3837f2f50c4939832f7477cd709c91d0dc364,data/raw/datasets/datasets/Notes/Quarter/q207.jpg,64,64,0.107421875
data/processed/images/quarter_note/002630.png,quarter_note,9e885b7ca6d5f08f93e332c1fd345c51fb1fbe7352336f75f087e7a0c3c21962,data/raw/datasets/datasets/Notes/Quarter/q67.jpg,64,64,0.089599609375
data/processed/images/half_note/001522.png,half_note,8e60f3ad070728dca55f14a96c53510c1ddfde40b29054c8bbff5773ab5209ff,data/raw/datasets/datasets/Notes/Half/h572.jpg,64,64,0.06298828125
data/processed/images/sixteenth_note/003498.png,sixteenth_note,be3d5a3a549185961134a6630ca2fefa0911dc484fc54202b7babf25fa624b49,data/raw/datasets/datasets/Notes/Sixteenth/s550.jpg,64,64,0.1904296875
data/processed/images/quarter_note/002672.png,quarter_note,84ca22ace03435e6272390ae70b873ff4dd51b9b33180771f3deb70cc8932dc0,data/raw/datasets/datasets/Notes/Quarter/q707.jpg,64,64,0.041748046875
data/processed/images/half_note/001624.png,half_note,e12718ca5711b3fe793a3e4d026be57b4cef4aac62212f73a5bbd0556624280a,data/raw/datasets/datasets/Notes/Half/h664.jpg,64,64,0.061279296875
data/processed/images/whole_note/004902.png,whole_note,00e799177cc6841a8017ed6918e9261093fa6635de3fd7a0b3b3c5564b3eb789,data/raw/datasets/datasets/Notes/Whole/w915.jpg,64,64,0.130859375
data/processed/images/half_note/001366.png,half_note,c04a3496edda5a924958cfd9590554bfc0e10e413a0b691cd98f9544ce736ce1,data/raw/datasets/datasets/Notes/Half/h431.jpg,64,64,0.0439453125
data/processed/images/quarter_note/002985.png,quarter_note,bdc4b220498d64f3b110bcc229d44308090d54618004ac09714164711c3093e8,data/raw/datasets/datasets/Notes/Quarter/q99.jpg,64,64,0.200927734375
data/processed/images/quarter_note/002645.png,quarter_note,6963354742c280c27fef1228ded09186af1582fa870a192e873dc6ac4d68f947,data/raw/datasets/datasets/Notes/Quarter/q683.jpg,64,64,0.09375
data/processed/images/whole_note/004551.png,whole_note,e4b39c92edcc9af50e676e42f7c1dc7c81cb8b5cbc25fd68af97027c631eb1d9,data/raw/datasets/datasets/Notes/Whole/w6.jpg,64,64,0.169189453125
data/processed/images/sixteenth_note/003527.png,sixteenth_note,f06cdaba346e91da50a3152702f981e73f5e5f609377e4abb8826d4eb1d30742,data/raw/datasets/datasets/Notes/Sixteenth/s577.jpg,64,64,0.073974609375
data/processed/images/eighth_note/000507.png,eighth_note,fce46e297da35197095e5c9981ac9a2b29466e9075077c1c5bad0391b371235b,data/raw/datasets/datasets/Notes/Eight/e555.jpg,64,64,0.06005859375
data/processed/images/eighth_note/000946.png,eighth_note,38e6c102fcf21c622862fe22cab467031de54a589653ee7ab1911aad2874f6bd,data/raw/datasets/datasets/Notes/Eight/e954.jpg,64,64,0.060546875
data/processed/images/sixteenth_note/003557.png,sixteenth_note,1fda1b51def24dbbfee9d3921ec89500a08b765f6f7dba2b3200c014e0df626e,data/raw/datasets/datasets/Notes/Sixteenth/s603.jpg,64,64,0.093017578125
data/processed/images/eighth_note/000222.png,eighth_note,2f1e942932d35fcc9cccc521279ebf7d083139c5006d5f7d0f37ba89b24e03ba,data/raw/datasets/datasets/Notes/Eight/e299.jpg,64,64,0.057373046875
data/processed/images/eighth_note/000936.png,eighth_note,1f111c122bd80f6f8bc6a65cfe3dfa3bcf87e4d8d79a27ae5ff0e5e46a424cad,data/raw/datasets/datasets/Notes/Eight/e945.jpg,64,64,0.07568359375
data/processed/images/whole_note/004054.png,whole_note,af9230c0fd10edd36b9a2a840169a5840d9e17558c892babbac02facfb90e58e,data/raw/datasets/datasets/Notes/Whole/w151.jpg,64,64,0.11181640625
data/processed/images/sixteenth_note/003868.png,sixteenth_note,5e0e7297ce8ad65f117a9d48765acb028f5f0f1b9984675f54dcc3d78619a1b7,data/raw/datasets/datasets/Notes/Sixteenth/s885.jpg,64,64,0.0439453125
data/processed/images/eighth_note/000398.png,eighth_note,9103f0cbef3360010bbcfbf00695840c95acaa6a3113f3e41569ddbf84700057,data/raw/datasets/datasets/Notes/Eight/e457.jpg,64,64,0.066650390625
data/processed/images/quarter_note/002801.png,quarter_note,fe24133d05fe51adbf34269617ad68c864fa52d1f9e5cbbd93d516962ba35b03,data/raw/datasets/datasets/Notes/Quarter/q823.jpg,64,64,0.046142578125
data/processed/images/quarter_note/002880.png,quarter_note,e4bfef8db8e4555044e44cddc82fd6da0ec1e1b1848dcf79a1faf4568178f82e,data/raw/datasets/datasets/Notes/Quarter/q895.jpg,64,64,0.119873046875
data/processed/images/eighth_note/000497.png,eighth_note,9c40627e537241136a9cb593a87e84e867c023c6695a5e42c04b825eb58cc6b4,data/raw/datasets/datasets/Notes/Eight/e546.jpg,64,64,0.045166015625
data/processed/images/quarter_note/002402.png,quarter_note,e56b60ff64216921fae4c80f0df4da0b2af962eabe44ed361e9afd35f7f1e89c,data/raw/datasets/datasets/Notes/Quarter/q464.jpg,64,64,0.036376953125
data/processed/images/eighth_note/000320.png,eighth_note,0b411a24e296413a9cb21288f00be5d1bfc365218eb876f67d8eccaa2d009416,data/raw/datasets/datasets/Notes/Eight/e387.jpg,64,64,0.0625
data/processed/images/sixteenth_note/003726.png,sixteenth_note,a94e7630c95a24ad448389850eaff52f1fe6676203c9bfedf5b93874551b4265,data/raw/datasets/datasets/Notes/Sixteenth/s757.jpg,64,64,0.060546875
data/processed/images/half_note/001020.png,half_note,31d0b552cd67b3085e15d56c84b54cf446267c621f541850d833343b1fff2e9f,data/raw/datasets/datasets/Notes/Half/h12.jpg,64,64,0.075927734375
data/processed/images/half_note/001190.png,half_note,12bbc4eb4966b0d97c32e22691faeb83a746907e0bc4bc9cfe25e62d8ac0e583,data/raw/datasets/datasets/Notes/Half/h273.jpg,64,64,0.069091796875
data/processed/images/sixteenth_note/003593.png,sixteenth_note,acd674dcd99952368f2fca833b9207b0c62a443f1e85696df06425a3322a6a95,data/raw/datasets/datasets/Notes/Sixteenth/s636.jpg,64,64,0.08740234375
data/processed/images/whole_note/004323.png,whole_note,d12a46b74179d75376c9972dad3aa85fe4fb0f942cf5500a6a1e5ebc8e9d0c5e,data/raw/datasets/datasets/Notes/Whole/w394.jpg,64,64,0.05615234375
data/processed/images/sixteenth_note/003618.png,sixteenth_note,7618cfdffe67cbe590fb5b1f8d5afde877a7d439d7711137c8a6793ebb627c4d,data/raw/datasets/datasets/Notes/Sixteenth/s659.jpg,64,64,0.06298828125
data/processed/images/half_note/001986.png,half_note,b7273ac4d038d1992c0c536ae4615bf71f619cc517d33cb942a7c7be5a96b3e8,data/raw/datasets/datasets/Notes/Half/h990.jpg,64,64,0.03173828125
data/processed/images/sixteenth_note/003819.png,sixteenth_note,61bb125733aaf1c92de710a03af4fc947ed8ad329e3c4b5b939700439addc435,data/raw/datasets/datasets/Notes/Sixteenth/s840.jpg,64,64,0.20947265625
data/processed/images/quarter_note/002972.png,quarter_note,f9b8bb4515377371aab887737d63d4ce64da2125589df450d80dd14bd3562934,data/raw/datasets/datasets/Notes/Quarter/q978.jpg,64,64,0.053466796875
data/processed/images/whole_note/004787.png,whole_note,350af0e3a2d1ef3ddd890197d86fe34dc3cf70875a84ad7356b606e519e0f93d,data/raw/datasets/datasets/Notes/Whole/w811.jpg,64,64,0.24755859375
data/processed/images/whole_note/004688.png,whole_note,9c960fd79a6599fcafa9c13fe8956092d4268c8dba0bfa8f7d6914e7c7f47957,data/raw/datasets/datasets/Notes/Whole/w722.jpg,64,64,0.119873046875
data/processed/images/sixteenth_note/003787.png,sixteenth_note,ab6a38e46ba454fbbee1d522062751f650bf93e3f8ccc1bc629a4beff53f03f9,data/raw/datasets/datasets/Notes/Sixteenth/s811.jpg,64,64,0.112060546875
data/processed/images/half_note/001995.png,half_note,06ebf9eb4ea6eadba29fc38ac18700b44e4bcd73be1b3ae6df96284fde65d6d8,data/raw/datasets/datasets/Notes/Half/h999.jpg,64,64,0.0400390625
data/processed/images/quarter_note/002774.png,quarter_note,f25dd36edba176094f0e9c884af6127f8f26b8550c589543bd47b4915f71efc3,data/raw/datasets/datasets/Notes/Quarter/q8.jpg,64,64,0.035888671875
data/processed/images/quarter_note/002085.png,quarter_note,5cf5b5230cb21441731228a4cf827b22f564d1882f6fa52daec9846b487233e2,data/raw/datasets/datasets/Notes/Quarter/q179.jpg,64,64,0.05517578125
data/processed/images/whole_note/004495.png,whole_note,137698c05323622f1ea3bf2836b14432478425eb882f5e0c49cb3dc540d39704,data/raw/datasets/datasets/Notes/Whole/w549.jpg,64,64,0.03466796875
data/processed/images/half_note/001552.png,half_note,b46e9d59dae42dcbe1dbc3c68b22bdccd6dc6ae39a1a5e38961d6d21a780f331,data/raw/datasets/datasets/Notes/Half/h6.jpg,64,64,0.056396484375
data/processed/images/eighth_note/000147.png,eighth_note,0d574995901389f2d7a7e2a4f39c81333589fb77a7dbd3d14c2736b6cfd4e171,data/raw/datasets/datasets/Notes/Eight/e230.jpg,64,64,0.0234375
data/processed/images/eighth_note/000341.png,eighth_note,33345a4285f6fa415e735aaa410449138c03f4d07f1ebe1f4222a30358054878,data/raw/datasets/datasets/Notes/Eight/e405.jpg,64,64,0.06591796875
data/processed/images/eighth_note/000741.png,eighth_note,53b4df1abd84a19cf23ae7708a94e88862cabd878396232c327d143623d29ab9,data/raw/datasets/datasets/Notes/Eight/e769.jpg,64,64,0.12060546875
data/processed/images/eighth_note/000126.png,eighth_note,f53f33ff497c1ba3d80bb9eef02289aa431e3944a5e962cee4f4c891044f1324,data/raw/datasets/datasets/Notes/Eight/e211.jpg,64,64,0.055908203125
data/processed/images/whole_note/004612.png,whole_note,d470427367f9aebff1a815bc0a00ad2ff35c3e71327c5e08fb0f555d510a28d8,data/raw/datasets/datasets/Notes/Whole/w654.jpg,64,64,0.1923828125
data/processed/images/quarter_note/002673.png,quarter_note,634cd330bbf9df1fff9e66daf035d5b0fad16db7499ef6a6a3afb11822981b2d,data/raw/datasets/datasets/Notes/Quarter/q708.jpg,64,64,0.04296875
data/processed/images/eighth_note/000851.png,eighth_note,2e05777cb63673f7dbca5ed23f529214a2bd640eed7ed6fb8849c2aa2e0129d9,data/raw/datasets/datasets/Notes/Eight/e869.jpg,64,64,0.08349609375
data/processed/images/eighth_note/000581.png,eighth_note,ff71b26854653cab8fa8dcce73fee2f6fa0905a3aa1747e4bb0cc06c9075b512,data/raw/datasets/datasets/Notes/Eight/e621.jpg,64,64,0.074462890625
data/processed/images/whole_note/004707.png,whole_note,e0a70a6f3f8ec76b2ca7260a179da5244951e4f5541147898864f08117e7d90f,data/raw/datasets/datasets/Notes/Whole/w74.jpg,64,64,0.139892578125
data/processed/images/quarter_note/002328.png,quarter_note,2bf9c897b078828a21f10fd9611c4c25a324224e62e930bfb3adf9749e2d8d17,data/raw/datasets/datasets/Notes/Quarter/q398.jpg,64,64,0.0703125
data/processed/images/sixteenth_note/003154.png,sixteenth_note,38ee98afde66590843b0b1e2e103b873de5919f13846eefa7cd69df5f3bfd76f,data/raw/datasets/datasets/Notes/Sixteenth/s240.jpg,64,64,0.084228515625
data/processed/images/sixteenth_note/003735.png,sixteenth_note,1c22c1474dc568ebf97c684055b93d711c89bc920fc2536519a09b8ff324d436,data/raw/datasets/datasets/Notes/Sixteenth/s765.jpg,64,64,0.06787109375
data/processed/images/sixteenth_note/003666.png,sixteenth_note,1caf16686c2c37238dee9ede554f20b43289bb23d864e87950dd44de0f7c52f4,data/raw/datasets/datasets/Notes/Sixteenth/s702.jpg,64,64,0.09765625
data/processed/images/quarter_note/002937.png,quarter_note,8ee46782d618b3ffbb643cad94f771b842eaedf8465aa763eb22d364c2b61a09,data/raw/datasets/datasets/Notes/Quarter/q946.jpg,64,64,0.107421875
data/processed/images/half_note/001653.png,half_note,1bcac27481f6d98c30fdd3e08a3d4c3425f913761c6ae2bfe424046e5ec66648,data/raw/datasets/datasets/Notes/Half/h690.jpg,64,64,0.077880859375
data/processed/images/half_note/001244.png,half_note,7a35618f0b6e6072161b7fb9575aebefe457e6a235fccf465b646abd1a80d072,data/raw/datasets/datasets/Notes/Half/h321.jpg,64,64,0.040283203125
data/processed/images/quarter_note/002147.png,quarter_note,4157c3cd61ef9432c98ca04da8fdd570654f907f7479cc8d30f50199884e1a28,data/raw/datasets/datasets/Notes/Quarter/q234.jpg,64,64,0.036865234375
data/processed/images/sixteenth_note/003508.png,sixteenth_note,17d824615d14e3d472802c2977b18945c5346e847d90a9f43898f65020aa4136,data/raw/datasets/datasets/Notes/Sixteenth/s56.jpg,64,64,0.181884765625
data/processed/images/quarter_note/002148.png,quarter_note,fafcc50b44d8265a2ddfe40f41f34c55042882dfc146809c46af657cdf632916,data/raw/datasets/datasets/Notes/Quarter/q235.jpg,64,64,0.05615234375
data/processed/images/sixteenth_note/003259.png,sixteenth_note,bb1cc8fe5e30043ed17a7ab4fd5ab6772927a24b9ce398fc844830946dea0222,data/raw/datasets/datasets/Notes/Sixteenth/s335.jpg,64,64,0.150634765625
data/processed/images/half_note/001559.png,half_note,a979e298accefe964e17a0fc410acbd498772ed2270e5710fa0dcb042f19294a,data/raw/datasets/datasets/Notes/Half/h605.jpg,64,64,0.0478515625
data/processed/images/half_note/001938.png,half_note,3e8880791e888a11eb10ae1a693dd15d3c99e825db0b17aaff1f2fe183a541c4,data/raw/datasets/datasets/Notes/Half/h947.jpg,64,64,0.059814453125
data/processed/images/eighth_note/000956.png,eighth_note,1396a49ef0c3c593a668b4484daa174d415948f044e0a9f6516ab694f481aa5b,data/raw/datasets/datasets/Notes/Eight/e963.jpg,64,64,0.066162109375
data/processed/images/eighth_note/000386.png,eighth_note,7dad047d3e16c22de6504d734447a030ce13c192908d3c4f62026275d3052335,data/raw/datasets/datasets/Notes/Eight/e446.jpg,64,64,0.08837890625
data/processed/images/eighth_note/000696.png,eighth_note,9628d4765ff02d78fd77463d4cff567269a3c9093a4b38d37460639582cdf55c,data/raw/datasets/datasets/Notes/Eight/e725.jpg,64,64,0.2890625
data/processed/images/sixteenth_note/003394.png,sixteenth_note,56c3d5bc90ace4dfdabf971f7223e901924eb5d0ef1a026c99b45ac86805027d,data/raw/datasets/datasets/Notes/Sixteenth/s457.jpg,64,64,0.081787109375
data/processed/images/half_note/001270.png,half_note,5074ac13b1b12df568964b4e8fdb8c1ff71191e0a7c5502742ced62f6f69859e,data/raw/datasets/datasets/Notes/Half/h345.jpg,64,64,0.056396484375
data/processed/images/half_note/001563.png,half_note,2ba9e723b4099ab88dd63bdfcb34f17afe4155352f0b835f8ac54ea450dce303,data/raw/datasets/datasets/Notes/Half/h609.jpg,64,64,0.038330078125
data/processed/images/whole_note/004120.png,whole_note,ca72be115ec5e5618523a0fb26d19503ffaa2189786cce18923e760a2f0db86a,data/raw/datasets/datasets/Notes/Whole/w210.jpg,64,64,0.115234375
data/processed/images/sixteenth_note/003893.png,sixteenth_note,25087e3f92ec17e8b2003e85f44c6ff65a5792b1a833a78c6fac0b9a7e73962d,data/raw/datasets/datasets/Notes/Sixteenth/s907.jpg,64,64,0.0859375
data/processed/images/quarter_note/002757.png,quarter_note,17d08e17d53262c943d71ebb003545def09b137c1482fa780981f8431a5e1866,data/raw/datasets/datasets/Notes/Quarter/q784.jpg,64,64,0.0390625
data/processed/images/eighth_note/000503.png,eighth_note,5b9a58acbfa2a7cf48bc0060cb7475d147c599fbb69c42d9974fca971698020c,data/raw/datasets/datasets/Notes/Eight/e551.jpg,64,64,0.080810546875
data/processed/images/eighth_note/000798.png,eighth_note,d835566d740b4f5c013c1bb2a119ee4211d766609b4f8922510071a752fe2520,data/raw/datasets/datasets/Notes/Eight/e820.jpg,64,64,0.04150390625
data/processed/images/half_note/001965.png,half_note,d8f8451b3fef6fd733568931de59ddbbd1992b75035d678aa559ef9dbb877953,data/raw/datasets/datasets/Notes/Half/h971.jpg,64,64,0.046875
data/processed/images/sixteenth_note/003632.png,sixteenth_note,83151e8e40a6c20bf993dcb75c66c83f464d3e0dd913c1d23dc9a8bd4f509d74,data/raw/datasets/datasets/Notes/Sixteenth/s671.jpg,64,64,0.096923828125
data/processed/images/whole_note/004967.png,whole_note,7d4f863c5c7a6c9b5e8ebfcf300550b290eae0e857ab69a8b4c797cce71a0763,data/raw/datasets/datasets/Notes/Whole/w974.jpg,64,64,0.073974609375
data/processed/images/quarter_note/002659.png,quarter_note,49e6a08319ef67d0efbd1945091a5be3a7674256a1a95f322b8483e7e77d6be7,data/raw/datasets/datasets/Notes/Quarter/q696.jpg,64,64,0.0615234375
data/processed/images/eighth_note/000970.png,eighth_note,b8369a9646818dfcdf5852806d0041deec11b261b58f046eb57061ca39d9ab35,data/raw/datasets/datasets/Notes/Eight/e976.jpg,64,64,0.14794921875
data/processed/images/eighth_note/000152.png,eighth_note,837a623d574e599627ea636a6b989902b6f3fc75bda13f187cbc1b2ae3ba191c,data/raw/datasets/datasets/Notes/Eight/e235.jpg,64,64,0.01953125
data/processed/images/sixteenth_note/003689.png,sixteenth_note,5a743361fe310ef2f1244da85636eb89bd1eb56faa41315a8690552468e81399,data/raw/datasets/datasets/Notes/Sixteenth/s723.jpg,64,64,0.039794921875
data/processed/images/eighth_note/000548.png,eighth_note,8086ceb9eee9fd78528dce3b6eb782ad2308219d43eed75280d7a5ddf624ddf5,data/raw/datasets/datasets/Notes/Eight/e592.jpg,64,64,0.132080078125
data/processed/images/half_note/001161.png,half_note,8eac1145b1470460abbb21abc1eff78118bfdc4479f2ba59f7aa4f3320243e67,data/raw/datasets/datasets/Notes/Half/h247.jpg,64,64,0.03955078125
data/processed/images/whole_note/004047.png,whole_note,987e1c5c1f91beae18e277e908160edec1fc6199b4c601a3a7075429562c9315,data/raw/datasets/datasets/Notes/Whole/w145.jpg,64,64,0.26611328125
data/processed/images/whole_note/004428.png,whole_note,bced4e05cdf65aaf540a5fada7ee8400e0e4fccd353718eff8b069da2d60e862,data/raw/datasets/datasets/Notes/Whole/w489.jpg,64,64,0.05078125
data/processed/images/eighth_note/000881.png,eighth_note,5d030055a588d41ce6564e943ccf6733e6d012bcb4aa9a666c74604e7a131560,data/raw/datasets/datasets/Notes/Eight/e896.jpg,64,64,0.05029296875
data/processed/images/half_note/001458.png,half_note,17d42f7df172a421594f78e76e95adac66bf35957c9cc0245ab8c71597ec3b0c,data/raw/datasets/datasets/Notes/Half/h514.jpg,64,64,0.040771484375
data/processed/images/sixteenth_note/003590.png,sixteenth_note,f12d44eef0eecf8893b3ab28dbd6f3251acb48a74d414311e92ed71be51c8f1c,data/raw/datasets/datasets/Notes/Sixteenth/s633.jpg,64,64,0.078125
data/processed/images/half_note/001352.png,half_note,e827079efed78641861d41f6819344a9b301f2aad5e122dd4a9d1ac449e09c44,data/raw/datasets/datasets/Notes/Half/h419.jpg,64,64,0.044189453125
data/processed/images/quarter_note/002547.png,quarter_note,1b569d7b20a287a78e895f49aebe785ff5c30f43d47fcfa17834ab6decadc0dd,data/raw/datasets/datasets/Notes/Quarter/q595.jpg,64,64,0.114501953125
data/processed/images/eighth_note/000305.png,eighth_note,75779807c2bf3ac9a301cf2c500b5b1d818c7cb6c8bb2ec09ffa19c09c797d51,data/raw/datasets/datasets/Notes/Eight/e373.jpg,64,64,0.0986328125
data/processed/images/quarter_note/002455.png,quarter_note,f88204bdaae12e8ccfde2054225214d40def706a60735a40f24d15f6ad8ee472,data/raw/datasets/datasets/Notes/Quarter/q511.jpg,64,64,0.057373046875
data/processed/images/sixteenth_note/003193.png,sixteenth_note,a022eeb0d12ef176961e1101dbcd61d71fa922d6f26cdbc96f7f71811ec25199,data/raw/datasets/datasets/Notes/Sixteenth/s276.jpg,64,64,0.039306640625
data/processed/images/sixteenth_note/003992.png,sixteenth_note,f0e065cebacb56f7c79e0dc2f6ca8d0220f32378e957b69a9385d1a684bb6f97,data/raw/datasets/datasets/Notes/Sixteenth/s997.jpg,64,64,0.096923828125
data/processed/images/half_note/001709.png,half_note,37bbdecfae72778d8f473ef55bcf238cb0d1533931aa99f28862e4c3e7e7a680,data/raw/datasets/datasets/Notes/Half/h740.jpg,64,64,0.020751953125
data/processed/images/eighth_note/000153.png,eighth_note,0fa7110cc53c5e0df915e1eee82ca669f883df1a4cf49379a383dfb5371adf0f,data/raw/datasets/datasets/Notes/Eight/e236.jpg,64,64,0.0263671875
data/processed/images/quarter_note/002239.png,quarter_note,8cb57584ca5766317e79304b2ec7d407c959d8092323223b9fafec9fe6d8b0aa,data/raw/datasets/datasets/Notes/Quarter/q317.jpg,64,64,0.103515625
data/processed/images/quarter_note/002626.png,quarter_note,04348f0ef04299b26cfa2c76a9db047ac3e1ab73c240e795babcc49555f67ef1,data/raw/datasets/datasets/Notes/Quarter/q666.jpg,64,64,0.08203125
data/processed/images/whole_note/004725.png,whole_note,ef1a1d056d87d28d239df620bb7f5d3aa9f7d64f7f87b1f433cb566c395a299d,data/raw/datasets/datasets/Notes/Whole/w756.jpg,64,64,0.159912109375
data/processed/images/quarter_note/002150.png,quarter_note,33c2ae9f87f50d9c6253d33d9870c090cfb22af76e7fc3f7793c5c30698d6b72,data/raw/datasets/datasets/Notes/Quarter/q237.jpg,64,64,0.030029296875
data/processed/images/quarter_note/002350.png,quarter_note,08182afa5cb1308e8e5b706f14c18f8f5f54a105af5a7ae030cda2b5f361f446,data/raw/datasets/datasets/Notes/Quarter/q417.jpg,64,64,0.072998046875
data/processed/images/eighth_note/000618.png,eighth_note,224fd9de183af4b58a14b9cb1a11589d9ee0813c0e0986b02caafa5a8aa839b5,data/raw/datasets/datasets/Notes/Eight/e655.jpg,64,64,0.070556640625
data/processed/images/quarter_note/002349.png,quarter_note,7ad8f953ba1d33121bcf171ad17d06caf9d7ac60a5b8902451d0c5ec9b4d925c,data/raw/datasets/datasets/Notes/Quarter/q416.jpg,64,64,0.07958984375
data/processed/images/eighth_note/000835.png,eighth_note,1e2f3a2b86d7fe9964bede734623d4ab9c487e228522e92eb0dc4bd5bfe6d753,data/raw/datasets/datasets/Notes/Eight/e854.jpg,64,64,0.06298828125
data/processed/images/half_note/001994.png,half_note,0e9ccd4649adb208ccf689839a9a41ab8f9bc0a9b4bd0383f749d59bdee854e3,data/raw/datasets/datasets/Notes/Half/h998.jpg,64,64,0.083251953125
data/processed/images/whole_note/004510.png,whole_note,af5ca140fad09b75b3394d7a7bbe4aaaacdaa33df1f2bfe9a8225dc0a1602782,data/raw/datasets/datasets/Notes/Whole/w562.jpg,64,64,0.032958984375
data/processed/images/sixteenth_note/003048.png,sixteenth_note,2b4c8617576bc9f9ea8fb6461011ccb0aa9cde70cb96bf2a8736d5738b94ca36,data/raw/datasets/datasets/Notes/Sixteenth/s145.jpg,64,64,0.091064453125
data/processed/images/quarter_note/002406.png,quarter_note,7894d09264735f82c5fd0b2b066b5af71e1d4cd1e6f8efda3fec4be78e9f1597,data/raw/datasets/datasets/Notes/Quarter/q468.jpg,64,64,0.0244140625
data/processed/images/sixteenth_note/003153.png,sixteenth_note,373e14009a025e5544efd0fe02f3dd7429ca8c13016630451188fcc98e69e3cc,data/raw/datasets/datasets/Notes/Sixteenth/s24.jpg,64,64,0.121826171875
data/processed/images/eighth_note/000533.png,eighth_note,0598465fe834a061093243047c627511e04ab8acbd6c3e3c64494e810f385f4a,data/raw/datasets/datasets/Notes/Eight/e579.jpg,64,64,0.2236328125
data/processed/images/sixteenth_note/003530.png,sixteenth_note,0ad44068d7e588e3637ef42854f0047e89ca57ae751c3ee2fc4ddb62f6ac4def,data/raw/datasets/datasets/Notes/Sixteenth/s58.jpg,64,64,0.06787109375
data/processed/images/eighth_note/000444.png,eighth_note,9e4e9ff3bf18dfea2e0beb9030d62ad4242e4bb8bfafd98e7fe20eea3d2247a5,data/raw/datasets/datasets/Notes/Eight/e499.jpg,64,64,0.030029296875
data/processed/images/quarter_note/002094.png,quarter_note,9274893532cc4ccc9318633d8348147b1635e6cabdf65167313d0ed4712a8858,data/raw/datasets/datasets/Notes/Quarter/q187.jpg,64,64,0.042724609375
data/processed/images/sixteenth_note/003526.png,sixteenth_note,84de28aa542705772dc5ef33d97043e3e3456eb6daa58db516537dcce3fc5a8b,data/raw/datasets/datasets/Notes/Sixteenth/s576.jpg,64,64,0.1240234375
data/processed/images/eighth_note/000639.png,eighth_note,d4310615272b4a87d56da56d4f84f12353ff90a79dbc9419616576f02eda9340,data/raw/datasets/datasets/Notes/Eight/e674.jpg,64,64,0.072021484375
data/processed/images/eighth_note/000506.png,eighth_note,48de1b8f1827d6bfafe0bff18e2b40a91a039238343a0e198114bd2c63cbd026,data/raw/datasets/datasets/Notes/Eight/e554.jpg,64,64,0.044189453125
data/processed/images/sixteenth_note/003457.png,sixteenth_note,07f4ffa5a24629a0427a0c1576744c876d73330976694e116e673b8ef893fd52,data/raw/datasets/datasets/Notes/Sixteenth/s513.jpg,64,64,0.172119140625
data/processed/images/quarter_note/002674.png,quarter_note,87cf1ec8d669981ada30c7772ed1ecd65d9475235814cd33c8222f66bef40e02,data/raw/datasets/datasets/Notes/Quarter/q709.jpg,64,64,0.09423828125
data/processed/images/sixteenth_note/003717.png,sixteenth_note,5223fca5532a4dd8b26c59158fd1ae3e6a0b21e1c94f71f8c9568dd8f3207790,data/raw/datasets/datasets/Notes/Sixteenth/s749.jpg,64,64,0.07763671875
data/processed/images/whole_note/004018.png,whole_note,6d647338c693fdd88159c4901987086cc9644923e5ad1c1cb5c84b3ccc646576,data/raw/datasets/datasets/Notes/Whole/w119.jpg,64,64,0.19384765625
data/processed/images/sixteenth_note/003140.png,sixteenth_note,174c12d549ebddbbfb7f8a3bb77407c26f9708e3a1f76ec765e6f337cb741369,data/raw/datasets/datasets/Notes/Sixteenth/s228.jpg,64,64,0.056640625
data/processed/images/quarter_note/002538.png,quarter_note,8e27161a2ae0314e2c718cfb98f73199335af3b92fe090589b4f9bad46453a89,data/raw/datasets/datasets/Notes/Quarter/q587.jpg,64,64,0.07763671875
data/processed/images/half_note/001062.png,half_note,c156e5b2901c733849ebfe41d3e1cdbf81140e50eb29a809eb35b9e77062d673,data/raw/datasets/datasets/Notes/Half/h158.jpg,64,64,0.07275390625
data/processed/images/sixteenth_note/003093.png,sixteenth_note,6fd39e39358baed0f5978c771fc54cdb0de7b6fcea71a3734f422908022387f1,data/raw/datasets/datasets/Notes/Sixteenth/s186.jpg,64,64,0.04248046875
data/processed/images/whole_note/004041.png,whole_note,24099605660b0a40b9248a0855bdcfaa907abf7a08f0e13a67759bebd364a9c8,data/raw/datasets/datasets/Notes/Whole/w14.jpg,64,64,0.333740234375
data/processed/images/quarter_note/002925.png,quarter_note,f8930ce09d6593d4730051b25ec41b469ca8002bdb0d823bd59c8167f2b9c7ed,data/raw/datasets/datasets/Notes/Quarter/q935.jpg,64,64,0.05322265625
data/processed/images/sixteenth_note/003476.png,sixteenth_note,7f88f41edf00c9f5e1cfab1d34c71da9e6974e5d7339056b498978e0642f8019,data/raw/datasets/datasets/Notes/Sixteenth/s530.jpg,64,64,0.114013671875
data/processed/images/quarter_note/001999.png,quarter_note,6e77109ee5b1ded76831e6f91eac3adf15b5d34c71dd9e61160086929d1b703e,data/raw/datasets/datasets/Notes/Quarter/q1000.jpg,64,64,0.05810546875
data/processed/images/quarter_note/002978.png,quarter_note,b4d0b6c428f96f3f0332e95ec78a6712fd747828dca7734a2e087dbd5ab3845b,data/raw/datasets/datasets/Notes/Quarter/q983.jpg,64,64,0.127685546875
data/processed/images/whole_note/004890.png,whole_note,058795ea39c7119b25c0525f0ea0b8f75ba70155e1df88e7d280e7011120193b,data/raw/datasets/datasets/Notes/Whole/w904.jpg,64,64,0.257568359375
data/processed/images/sixteenth_note/003430.png,sixteenth_note,666b015d16bdf6d323e32f994038da7ae37679fc28d08435dc3548b77e569426,data/raw/datasets/datasets/Notes/Sixteenth/s49.jpg,64,64,0.1943359375
data/processed/images/quarter_note/002272.png,quarter_note,63c8ea31b570a169182590cd9e0846a8e137f21f27b88b4d0d62c62bbe713336,data/raw/datasets/datasets/Notes/Quarter/q347.jpg,64,64,0.0849609375
data/processed/images/sixteenth_note/003600.png,sixteenth_note,9137f0322faad3571bc91fd54b51f6d4f3d7b57b8a9d0e0cc5bb0be491359520,data/raw/datasets/datasets/Notes/Sixteenth/s642.jpg,64,64,0.100830078125
data/processed/images/whole_note/004899.png,whole_note,9f98aece50d5a0a817521cb1dce435e3af2d0e3fe075d5c9466b38fd62fcb8b8,data/raw/datasets/datasets/Notes/Whole/w912.jpg,64,64,0.10302734375
data/processed/images/sixteenth_note/003043.png,sixteenth_note,d7ce22702a2983fcabb718e5e6fe3dd2fb9e5f9d25ce82457a02216be61dbc0b,data/raw/datasets/datasets/Notes/Sixteenth/s140.jpg,64,64,0.177001953125
data/processed/images/sixteenth_note/003095.png,sixteenth_note,2180c858f15151f0404af649e79505db99fed134556904d16781a971e7f2cce3,data/raw/datasets/datasets/Notes/Sixteenth/s188.jpg,64,64,0.06884765625
data/processed/images/half_note/001251.png,half_note,e5f2768729c9b0eb20fea24633aa2004bdbde1c2748f5f01b30a96c8691b766f,data/raw/datasets/datasets/Notes/Half/h328.jpg,64,64,0.035400390625
data/processed/images/whole_note/004475.png,whole_note,fbdd9cde88ef41e36a8da6f07514f6f6465ccf1890cd9eb4b797ec6d3c1974a2,data/raw/datasets/datasets/Notes/Whole/w530.jpg,64,64,0.03955078125
data/processed/images/sixteenth_note/003955.png,sixteenth_note,8b80c765b2885585b73c3ab17bc8a5969552f257952cbff23ad77f9e3cd60b38,data/raw/datasets/datasets/Notes/Sixteenth/s963.jpg,64,64,0.16796875
data/processed/images/whole_note/004244.png,whole_note,b35fa319452880da913dc94eae96b72b91edf890db7fb75d851c3a9d338879d9,data/raw/datasets/datasets/Notes/Whole/w322.jpg,64,64,0.177978515625
data/processed/images/eighth_note/000513.png,eighth_note,c43e50ebeab5bc0c922213146007d82225125472ef8ee7fc42d22800855021b9,data/raw/datasets/datasets/Notes/Eight/e560.jpg,64,64,0.069091796875
data/processed/images/half_note/001572.png,half_note,8a1994063ff0ea63f5bb769de433a993ec1a899750d41f6d51bcd9237b1475e3,data/raw/datasets/datasets/Notes/Half/h617.jpg,64,64,0.03076171875
data/processed/images/sixteenth_note/003772.png,sixteenth_note,311de2e96fca1b752e2eda61612000f73b70e033f84149cb2862dee4ef62c54b,data/raw/datasets/datasets/Notes/Sixteenth/s799.jpg,64,64,0.128662109375
data/processed/images/eighth_note/000845.png,eighth_note,b16cbbb01d643e612874531253c671d35a0d62e41973c7e0ec2fa617fcdb1c5a,data/raw/datasets/datasets/Notes/Eight/e863.jpg,64,64,0.133056640625
data/processed/images/half_note/001156.png,half_note,847778a4763160c86828d552c115299d751c700bdd80eac7388e2247d5335fcc,data/raw/datasets/datasets/Notes/Half/h242.jpg,64,64,0.047119140625
data/processed/images/quarter_note/002206.png,quarter_note,1bee74866d37921904acde3b73f10b7d995caa8c674e66a9f83a178d11f092ee,data/raw/datasets/datasets/Notes/Quarter/q288.jpg,64,64,0.024658203125
data/processed/images/sixteenth_note/003968.png,sixteenth_note,ca86444fffb590a8e650f4c53938c5f37477386a0d06b2b41f6fc08db555595d,data/raw/datasets/datasets/Notes/Sixteenth/s975.jpg,64,64,0.072021484375
data/processed/images/eighth_note/000558.png,eighth_note,0262db17378fb07e4b7bec50389466bc2405ed457cd1c25516488c4e642a976c,data/raw/datasets/datasets/Notes/Eight/e600.jpg,64,64,0.136474609375
data/processed/images/half_note/001225.png,half_note,4fd8f24f88a0fbbe9b9c147a0858d75cb4978a7c96a1094d693bc279b73c78b9,data/raw/datasets/datasets/Notes/Half/h304.jpg,64,64,0.0302734375
data/processed/images/eighth_note/000923.png,eighth_note,974ffa1923e97f66235b56cf36ec17692cef3b1b3c019722952aaa0d609b7faa,data/raw/datasets/datasets/Notes/Eight/e933.jpg,64,64,0.0498046875
data/processed/images/quarter_note/002969.png,quarter_note,b4737be94e9dc081f254f122db8aa300e82ec06a684c4adf61cf2e3fd8975acc,data/raw/datasets/datasets/Notes/Quarter/q975.jpg,64,64,0.046630859375
data/processed/images/half_note/001582.png,half_note,2e46a5c1a773de3a4203eea3df0e8e06b7acf9a42f02063cb938b808f234a39e,data/raw/datasets/datasets/Notes/Half/h626.jpg,64,64,0.034912109375
data/processed/images/whole_note/004745.png,whole_note,e53728c37947502894ffbccdd7121949e8a60dc483b8900b83206350a8d51a41,data/raw/datasets/datasets/Notes/Whole/w774.jpg,64,64,0.16748046875
data/processed/images/whole_note/004055.png,whole_note,1200b43dc11e3ab0e817f1b8ba41a07d6ed5d9b44e2699d8c3bc4ed2ed8837b1,data/raw/datasets/datasets/Notes/Whole/w152.jpg,64,64,0.12890625
data/processed/images/half_note/001636.png,half_note,7bb02be3af59c22b352cd7b87df89aeef41ce20a51b40995d56e806f8aeb91e6,data/raw/datasets/datasets/Notes/Half/h675.jpg,64,64,0.128662109375
data/processed/images/eighth_note/000075.png,eighth_note,e73222eb99b5eba92bddac1706515abd815e8617e2f8445b1726ca7f9f272930,data/raw/datasets/datasets/Notes/Eight/e166.jpg,64,64,0.089599609375
data/processed/images/sixteenth_note/003815.png,sixteenth_note,a6297ddf7314fc1677d39b403cb8cee068715b170d7a2e3a56e688f98bf626e0,data/raw/datasets/datasets/Notes/Sixteenth/s837.jpg,64,64,0.0927734375
data/processed/images/half_note/001243.png,half_note,d0b346e549d0ba957a12af8520f085c5b4be7c2e77cf9334c1fc60d88eb10b7f,data/raw/datasets/datasets/Notes/Half/h320.jpg,64,64,0.0380859375
data/processed/images/half_note/001781.png,half_note,d70807110686c70c9f2479bc368bd5cdf22179876a86c05cccca336e61d27eef,data/raw/datasets/datasets/Notes/Half/h805.jpg,64,64,0.03173828125
data/processed/images/sixteenth_note/003266.png,sixteenth_note,02089c915dd4286225617e041d6a626569645092ee1223c7c65588ce84440b96,data/raw/datasets/datasets/Notes/Sixteenth/s341.jpg,64,64,0.102294921875
data/processed/images/quarter_note/002482.png,quarter_note,a4b2c0a0ef09813b599f4668176d66825b54f414a83149e6675e5b9fbe8d5318,data/raw/datasets/datasets/Notes/Quarter/q536.jpg,64,64,0.09765625
data/processed/images/half_note/001627.png,half_note,a62baf6b04b092de15ceb5300935fc4ff20c0ef75c9247618c2509ad71d62423,data/raw/datasets/datasets/Notes/Half/h667.jpg,64,64,0.068359375
data/processed/images/sixteenth_note/003031.png,sixteenth_note,c7e9d09fda7115ea11d31ca8ee7edcd3da400221a15d50b03d3ec47e9c68f183,data/raw/datasets/datasets/Notes/Sixteenth/s13.jpg,64,64,0.211669921875
data/processed/images/sixteenth_note/003799.png,sixteenth_note,3475c3af8f6377b6898edf97c77cdea6466d0a12dbdf3abdc79dd8e6ef6e83e1,data/raw/datasets/datasets/Notes/Sixteenth/s822.jpg,64,64,0.115966796875
data/processed/images/quarter_note/002322.png,quarter_note,c24fd462b8eb679a444aecf62c445277ea5105b89e5c1577e07b5a6f6093e2dd,data/raw/datasets/datasets/Notes/Quarter/q392.jpg,64,64,0.09912109375
data/processed/images/eighth_note/000633.png,eighth_note,eb94c6aa1a68ecdaf17fc08bd6e5955b31afb2606a1a1e7753ec3d09bf48c6c5,data/raw/datasets/datasets/Notes/Eight/e669.jpg,64,64,0.1064453125
data/processed/images/half_note/001877.png,half_note,55bc8ded5742c04c0b4ab4c5c89bdcd7c70ae6760353e2fb45e95ac00ea41119,data/raw/datasets/datasets/Notes/Half/h892.jpg,64,64,0.01953125
data/processed/images/eighth_note/000445.png,eighth_note,3101994a21d43789085ec76e3bc323851ede2ba74a87eee38ef291eb509a6b71,data/raw/datasets/datasets/Notes/Eight/e5.jpg,64,64,0.059814453125
data/processed/images/eighth_note/000336.png,eighth_note,2091522daaf7327986938f447e7d01241e1af9f15303607f2540efddb4ed84b2,data/raw/datasets/datasets/Notes/Eight/e400.jpg,64,64,0.0390625
data/processed/images/whole_note/004083.png,whole_note,1c88e35e357ba79e4c8fb0aec0bdad3875ada3477c280e0d58e9667ba35ef79e,data/raw/datasets/datasets/Notes/Whole/w178.jpg,64,64,0.180419921875
data/processed/images/whole_note/004265.png,whole_note,11f2f20c03e6f79706482309dc555a44845edc4879f950b6cacc1fa01b6c32c7,data/raw/datasets/datasets/Notes/Whole/w341.jpg,64,64,0.238525390625
data/processed/images/quarter_note/002307.png,quarter_note,8fd6ab8f044fc587f4af0540c2848920afbe8bcb597018f2263323f09cdf4e8c,data/raw/datasets/datasets/Notes/Quarter/q379.jpg,64,64,0.085205078125
data/processed/images/quarter_note/002638.png,quarter_note,dd19ffd43b2b9cb5edfb859714707b448c17c6f27a2120852329a93115f871a6,data/raw/datasets/datasets/Notes/Quarter/q677.jpg,64,64,0.0400390625
data/processed/images/half_note/001926.png,half_note,eb56ff02689808fdb269c226ee687873f99af6ce3eaa4b0e48e55f605deeec3e,data/raw/datasets/datasets/Notes/Half/h936.jpg,64,64,0.019775390625
data/processed/images/half_note/001818.png,half_note,4de7e4c1524289a947a657df117b9cc05c12fa4151d6ad68caf2607f00e1a44c,data/raw/datasets/datasets/Notes/Half/h839.jpg,64,64,0.023681640625
data/processed/images/quarter_note/002705.png,quarter_note,c69a74c5bd57601537811ac9e46deb384583ee1b461ffb6e2720b306f72e0dd7,data/raw/datasets/datasets/Notes/Quarter/q737.jpg,64,64,0.0302734375
data/processed/images/whole_note/004615.png,whole_note,bb63bf0fbee8971cc277329c085ebfc26fdfe692f87958f642d2a98382b7d40c,data/raw/datasets/datasets/Notes/Whole/w657.jpg,64,64,0.08837890625
data/processed/images/quarter_note/002112.png,quarter_note,ed830a2c4e94321bfaec1cfba4ea057358d33a6b67a27739332668209b88d22b,data/raw/datasets/datasets/Notes/Quarter/q202.jpg,64,64,0.08447265625
data/processed/images/half_note/001560.png,half_note,f5f2d6b068b74b1b59a81b3741aee96f49ffdb102635f34ce98567f7772c6ca2,data/raw/datasets/datasets/Notes/Half/h606.jpg,64,64,0.073974609375
data/processed/images/whole_note/004971.png,whole_note,95f26e53a74a362f2d04a69cd999e1e196e28807e940a239f7e0108f133d4029,data/raw/datasets/datasets/Notes/Whole/w978.jpg,64,64,0.05322265625
data/processed/images/eighth_note/000285.png,eighth_note,ea692fcc5cb929f84d54ccb5a8905d798e72b3cc5e1ebf72490f38f838789e5c,data/raw/datasets/datasets/Notes/Eight/e355.jpg,64,64,0.033447265625
data/processed/images/eighth_note/000346.png,eighth_note,971960bd5f7710a38d42647389e10133b4f1e79624c43db175d696807fcec568,data/raw/datasets/datasets/Notes/Eight/e41.jpg,64,64,0.0859375
data/processed/images/eighth_note/000007.png,eighth_note,af7eb13e29e61ab99a43de1729c3198d5857f1b05433ea9abfb8879071ffb934,data/raw/datasets/datasets/Notes/Eight/e104.jpg,64,64,0.06201171875
data/processed/images/whole_note/004342.png,whole_note,79753c40ea68896d5390031a5202843e3d133555485056ed4339dcf4c4f99d3d,data/raw/datasets/datasets/Notes/Whole/w410.jpg,64,64,0.040283203125
data/processed/images/eighth_note/000688.png,eighth_note,3b3c8acc2f90bbc89e08177e66b119915116a7e0ff9235630668108e4cb03f6a,data/raw/datasets/datasets/Notes/Eight/e718.jpg,64,64,0.148681640625
data/processed/images/half_note/001526.png,half_note,a1ddb544f2cf83f1ef7a67cfc9aca896ec32d1dce573fa090797ccf76f4fc903,data/raw/datasets/datasets/Notes/Half/h576.jpg,64,64,0.059814453125
data/processed/images/whole_note/004136.png,whole_note,d0ecad0676e8c9e4956785f604e954909d075171cd1c69849068092c66842363,data/raw/datasets/datasets/Notes/Whole/w225.jpg,64,64,0.034912109375
data/processed/images/sixteenth_note/003145.png,sixteenth_note,ad3115d66ef4ada59e290a93dce34d4383eb30be83d99261c3ae68eb438645dc,data/raw/datasets/datasets/Notes/Sixteenth/s232.jpg,64,64,0.167724609375
data/processed/images/whole_note/004962.png,whole_note,73d3ab56f7fa24c1e91de02b327161efb0268586269989647e08a7cb0474fdf5,data/raw/datasets/datasets/Notes/Whole/w97.jpg,64,64,0.127197265625
data/processed/images/quarter_note/002230.png,quarter_note,d5583430b11ea9ed7e81e86a7e7c53dce9694f5499f92e1b55427946119c8656,data/raw/datasets/datasets/Notes/Quarter/q309.jpg,64,64,0.06982421875
data/processed/images/quarter_note/002470.png,quarter_note,27e2f72e3f2db48cbc97da41213128b7907c1972696293c6c2f0f8f6e8d0c995,data/raw/datasets/datasets/Notes/Quarter/q525.jpg,64,64,0.1142578125
data/processed/images/half_note/001621.png,half_note,9cdcbe4140701e41089ab957ab4b821a62f608abe190ef24e902d5a74969f06a,data/raw/datasets/datasets/Notes/Half/h661.jpg,64,64,0.04052734375
data/processed/images/half_note/001447.png,half_note,e5ec054a37dd1edfda0c2d9eac0781adbb0052e97afc5e06674f29fd049c7d3e,data/raw/datasets/datasets/Notes/Half/h504.jpg,64,64,0.0419921875
data/processed/images/sixteenth_note/003724.png,sixteenth_note,4e1facfd8b7bb279a595d1a4f95ed156ecea7bdd8b90216f92967c2b369b3efc,data/raw/datasets/datasets/Notes/Sixteenth/s755.jpg,64,64,0.06298828125
data/processed/images/half_note/001186.png,half_note,85e67dfce46980ca06cbd5cf9b41cadeef7f7d4693433718b8a6cd9e60d7ad4f,data/raw/datasets/datasets/Notes/Half/h27.jpg,64,64,0.058837890625
data/processed/images/sixteenth_note/003116.png,sixteenth_note,55938ac426afbbeeafc46994310a9bd377401d195b7f111d03af1938250190e0,data/raw/datasets/datasets/Notes/Sixteenth/s206.jpg,64,64,0.066650390625
data/processed/images/quarter_note/002783.png,quarter_note,94c8e35e589ad5f5cfc3f81d86fcc2f6e1772f33ec3f7ee7497d1fbdfbcc586f,data/raw/datasets/datasets/Notes/Quarter/q807.jpg,64,64,0.048583984375
data/processed/images/sixteenth_note/003534.png,sixteenth_note,573451c199152fae8ece3a6a1e1605b948f1cc8999f7009c596a0cda6cf6e5be,data/raw/datasets/datasets/Notes/Sixteenth/s583.jpg,64,64,0.110107421875
data/processed/images/eighth_note/000534.png,eighth_note,d55265900f91436b275522e4e5121adc4b25934f68b10f3af54a299058d551f1,data/raw/datasets/datasets/Notes/Eight/e58.jpg,64,64,0.16357421875
data/processed/images/eighth_note/000324.png,eighth_note,1e7102520e2a2013fd3fa3e40c52585a627219eb69a827ff125bbac385109f28,data/raw/datasets/datasets/Notes/Eight/e390.jpg,64,64,0.15966796875
data/processed/images/half_note/001295.png,half_note,dc78790e32795a69f034646557ac882b03e8bdf1dd4b87c4e4f2cbbafd6fe246,data/raw/datasets/datasets/Notes/Half/h368.jpg,64,64,0.042724609375
data/processed/images/quarter_note/002760.png,quarter_note,6ee792b6d5d0dd18881de9deaa5aabb8811086897603755a54c5a995c44a2ff1,data/raw/datasets/datasets/Notes/Quarter/q787.jpg,64,64,0.03271484375
data/processed/images/whole_note/004477.png,whole_note,b14aa2098470c80ed311735a327a669dbc346ebd211b747d5f19d4b91ebb04d5,data/raw/datasets/datasets/Notes/Whole/w532.jpg,64,64,0.0732421875
data/processed/images/eighth_note/000299.png,eighth_note,ec798e701c35fd3b526183993cc7f4bc2d934907e6c77f113d89efeb7af287f5,data/raw/datasets/datasets/Notes/Eight/e368.jpg,64,64,0.0830078125
data/processed/images/quarter_note/002395.png,quarter_note,c4affd597dce4f047a7c1c75d98a668aaa86230793ca21531496aa1cf83fb368,data/raw/datasets/datasets/Notes/Quarter/q458.jpg,64,64,0.032958984375
data/processed/images/sixteenth_note/003340.png,sixteenth_note,00ab322f727cdcd23aeda4e9a28a947a82f61e06a49b8d352c9f10efb1c5fbe9,data/raw/datasets/datasets/Notes/Sixteenth/s408.jpg,64,64,0.05712890625
data/processed/images/sixteenth_note/003102.png,sixteenth_note,e4aba9b34cbd12403f439c5ea801a817c10df2037c6185d1dd63734190aa2b85,data/raw/datasets/datasets/Notes/Sixteenth/s194.jpg,64,64,0.03955078125
data/processed/images/sixteenth_note/003556.png,sixteenth_note,33be1ee9bc2d0adbc1d25cb71e242eca6bd7e775e84c742b4f4142fcce66b0ea,data/raw/datasets/datasets/Notes/Sixteenth/s602.jpg,64,64,0.090087890625
data/processed/images/quarter_note/002535.png,quarter_note,f191b40e56ff80edb70ef80a4fdcf15d0171d9d723258444aa361b0964768844,data/raw/datasets/datasets/Notes/Quarter/q584.jpg,64,64,0.048583984375
data/processed/images/quarter_note/002957.png,quarter_note,c1fd3c212733afd317b85edd48d9ac573dfa1a532fcb8c85a267e989981aee1a,data/raw/datasets/datasets/Notes/Quarter/q964.jpg,64,64,0.162353515625
data/processed/images/quarter_note/002759.png,quarter_note,0ea1cdcc7130a224085b74e182d54b33f94b82eb87cf55be3c5446b53eed9ab6,data/raw/datasets/datasets/Notes/Quarter/q786.jpg,64,64,0.05322265625
data/processed/images/half_note/001471.png,half_note,acf6635ac53fa89fc39c43c6d9de535e3e925e188b1bd9a41ba89ffd4bafaafc,data/raw/datasets/datasets/Notes/Half/h526.jpg,64,64,0.024658203125
data/processed/images/sixteenth_note/003055.png,sixteenth_note,fd95acb9465e4602e383e8f50ee443856b122eab96e84185fbade9a30014cb2d,data/raw/datasets/datasets/Notes/Sixteenth/s151.jpg,64,64,0.093505859375
data/processed/images/sixteenth_note/003019.png,sixteenth_note,2d485292fa904517bfb8318084c44b5e04ae6b12ca8031c81ac1913c587ba58f,data/raw/datasets/datasets/Notes/Sixteenth/s119.jpg,64,64,0.13232421875
data/processed/images/half_note/001788.png,half_note,d026ce71682ee83030d8ed5c445723412a8c26f9ce557e079dc8e2540d3a64ce,data/raw/datasets/datasets/Notes/Half/h811.jpg,64,64,0.048583984375
data/processed/images/whole_note/004490.png,whole_note,ccc372cb8f1dcae1cc684ce98c1754f58cc8bfeae67447486d1d4a4331efd9e9,data/raw/datasets/datasets/Notes/Whole/w544.jpg,64,64,0.02783203125
data/processed/images/sixteenth_note/003353.png,sixteenth_note,4239d3317bc4c7db5767288798e4d2bb9fccbe8047f9a731331717be03c96c14,data/raw/datasets/datasets/Notes/Sixteenth/s42.jpg,64,64,0.32861328125
data/processed/images/sixteenth_note/003765.png,sixteenth_note,dbb31e4eba3e032858f0c98fdfc12d4345391b65913f0a9a2258513047731a37,data/raw/datasets/datasets/Notes/Sixteenth/s792.jpg,64,64,0.078857421875
data/processed/images/sixteenth_note/003181.png,sixteenth_note,4fcf9fb89df63e020bce2b79e6fe76e92b5e6b05da3100cef7677567a4037c51,data/raw/datasets/datasets/Notes/Sixteenth/s265.jpg,64,64,0.072265625
data/processed/images/half_note/001981.png,half_note,228445d178c86686e9cf5e5d727ff08861b68ec40d780617b6fb36f971ba478e,data/raw/datasets/datasets/Notes/Half/h986.jpg,64,64,0.026611328125
data/processed/images/half_note/001379.png,half_note,4cb7304c07c7747390d28a0229912db02c3a29f44cbc0de0ee1408d95c803081,data/raw/datasets/datasets/Notes/Half/h443.jpg,64,64,0.035888671875
data/processed/images/half_note/001482.png,half_note,a2173360c208dde85a7cc9d6185348322f66bf3b8d1d033ba892123d06f04b17,data/raw/datasets/datasets/Notes/Half/h536.jpg,64,64,0.051025390625
data/processed/images/eighth_note/000496.png,eighth_note,c857eec6dcef5841ed18988b74b9070508958d7a28c305243367afad2350261c,data/raw/datasets/datasets/Notes/Eight/e545.jpg,64,64,0.049560546875
data/processed/images/sixteenth_note/003176.png,sixteenth_note,df5ecc7068fcc8c483a70f2d79a2fd954281260d0803da42c2dd0b19c7bbbe58,data/raw/datasets/datasets/Notes/Sixteenth/s260.jpg,64,64,0.08935546875
data/processed/images/half_note/001564.png,half_note,168d52e574e599858a3914953a2c2b2ee46d543df9c8284f54b3d5b1180e6a40,data/raw/datasets/datasets/Notes/Half/h61.jpg,64,64,0.069580078125
data/processed/images/sixteenth_note/003573.png,sixteenth_note,2123e057c42d79f42ea2af575c1f198334e5ed3fb06371399784df71351f561f,data/raw/datasets/datasets/Notes/Sixteenth/s618.jpg,64,64,0.14306640625
data/processed/images/eighth_note/000866.png,eighth_note,3b4ce806ccea45771c2aa7ef85c8052584df5b967323406b12ebdc206287d27f,data/raw/datasets/datasets/Notes/Eight/e882.jpg,64,64,0.07861328125
data/processed/images/quarter_note/002460.png,quarter_note,20ad9ec020ab69829cc03393fb04683287efec0a0259cae926e5d69d269865c4,data/raw/datasets/datasets/Notes/Quarter/q516.jpg,64,64,0.061279296875
data/processed/images/eighth_note/000473.png,eighth_note,c353cb668ae9a4c2b30ccb72f077a0dbda3095ea3c3197671fddcc8168057255,data/raw/datasets/datasets/Notes/Eight/e524.jpg,64,64,0.084716796875
data/processed/images/sixteenth_note/003751.png,sixteenth_note,296f8ae0e10a8a0f61547f82831f97270787dc05011a8bf2ede8410ae950f0ac,data/raw/datasets/datasets/Notes/Sixteenth/s78.jpg,64,64,0.05078125
data/processed/images/half_note/001939.png,half_note,254fb417ecbb151fd216bced021724692dfad5bf4a2beccf7dee974080dbf9bf,data/raw/datasets/datasets/Notes/Half/h948.jpg,64,64,0.0380859375
data/processed/images/quarter_note/002416.png,quarter_note,6ddc8e78f451ee9104ca167f7dd332dd2607c51e34658bd0141d7831a31559c4,data/raw/datasets/datasets/Notes/Quarter/q477.jpg,64,64,0.0478515625
data/processed/images/whole_note/004142.png,whole_note,496544e234a7d8d6436edfce13f9270b1f9625d8c54211d8553e6d6c3dd77595,data/raw/datasets/datasets/Notes/Whole/w230.jpg,64,64,0.066162109375
data/processed/images/whole_note/004220.png,whole_note,ccbcc7aea77bc62c1c0f4f19dc4b6a6b9cec60f171c604915dd01aaf5bedc972,data/raw/datasets/datasets/Notes/Whole/w300.jpg,64,64,0.134033203125
data/processed/images/half_note/001427.png,half_note,7ccca8b28f02f362bdb775a0ce36f6b656d8fe0718baf91c2e95a038967ad561,data/raw/datasets/datasets/Notes/Half/h487.jpg,64,64,0.046630859375
data/processed/images/eighth_note/000067.png,eighth_note,6490f5665cae2ee9a9605cde9e07a62752288fbe4df34e3d40d8df1aa6065847,data/raw/datasets/datasets/Notes/Eight/e159.jpg,64,64,0.08935546875
data/processed/images/whole_note/004285.png,whole_note,c3b0df3b7ec93cbc8158e0a5950aa168f2d39598a0f5ceaa72c5fe7787eb8ade,data/raw/datasets/datasets/Notes/Whole/w36.jpg,64,64,0.087158203125
data/processed/images/eighth_note/000551.png,eighth_note,119dacd7c5818924aac6ebdf5182ec80a65e998eb1965be31d3bd39f18d3e308,data/raw/datasets/datasets/Notes/Eight/e595.jpg,64,64,0.108154296875
data/processed/images/half_note/001169.png,half_note,a6e917d7cefc063f445217af093cd0195dadf7ebfd1b21f1889006f277e48c39,data/raw/datasets/datasets/Notes/Half/h254.jpg,64,64,0.0322265625
data/processed/images/eighth_note/000509.png,eighth_note,3e439e7ef269f56c5ba504039f1a9bd6815040d8636d7f7eebafa85891387217,data/raw/datasets/datasets/Notes/Eight/e557.jpg,64,64,0.0634765625
data/processed/images/quarter_note/002293.png,quarter_note,5f065d77535230edfe32e5f89fce11c3390bb4b9fd0239104db25509496314a5,data/raw/datasets/datasets/Notes/Quarter/q366.jpg,64,64,0.148193359375
data/processed/images/whole_note/004332.png,whole_note,cdbe9cc0a17b13c0af6afa06a4dd05c67744ed3ec867eeb74d65b824530c2047,data/raw/datasets/datasets/Notes/Whole/w401.jpg,64,64,0.034423828125
data/processed/images/quarter_note/002135.png,quarter_note,f9b489000dbe0f9c3576d6f2df86025a57fc950578905a4aeb8edafc8ac2f8c2,data/raw/datasets/datasets/Notes/Quarter/q223.jpg,64,64,0.020263671875
data/processed/images/whole_note/004347.png,whole_note,61e9cd93610a2f4f3c23c1b2224629192f3c72993bebd89ed9a6e47a656527df,data/raw/datasets/datasets/Notes/Whole/w415.jpg,64,64,0.037841796875
data/processed/images/eighth_note/000300.png,eighth_note,40e45845cb870a7e352590da5d8cde84c6eface24b5ba22d80f51b17d0563b34,data/raw/datasets/datasets/Notes/Eight/e369.jpg,64,64,0.04345703125
data/processed/images/half_note/001716.png,half_note,bb96ac14bbd9df7c12f10fe2bc62bdc7b0ad41d9412d778bb564f5944cebfc5b,data/raw/datasets/datasets/Notes/Half/h747.jpg,64,64,0.036376953125
data/processed/images/whole_note/004541.png,whole_note,458bbf2a66f14f3269b4633c3e7f99b64044b4750fc69e16bbcaabb6c3dbff53,data/raw/datasets/datasets/Notes/Whole/w590.jpg,64,64,0.193603515625
data/processed/images/whole_note/004448.png,whole_note,c4ef754d339f2c78c7e0ffb533d4a63deddd511c86951e39fc5bc18160511870,data/raw/datasets/datasets/Notes/Whole/w506.jpg,64,64,0.03564453125
data/processed/images/whole_note/004889.png,whole_note,b0aa9d1d7518cee5a0492fa795e1afd00251124212c55c393b1014b7edac0d97,data/raw/datasets/datasets/Notes/Whole/w903.jpg,64,64,0.1083984375
data/processed/images/eighth_note/000788.png,eighth_note,fe96247ea0fc9a3eb21054699e1fb11e7a80206006d12e5b326948593f6d9f69,data/raw/datasets/datasets/Notes/Eight/e811.jpg,64,64,0.061767578125
data/processed/images/quarter_note/002864.png,quarter_note,42c42070c4504f737f91bec2ce24a4d040f5a434e246b477ca9250013bbdb6e4,data/raw/datasets/datasets/Notes/Quarter/q880.jpg,64,64,0.041259765625
data/processed/images/eighth_note/000813.png,eighth_note,514f71cd113c6e4791c2df19ffa8a0b96352fba90fe1bc00cecc570ea42ab14a,data/raw/datasets/datasets/Notes/Eight/e834.jpg,64,64,0.072265625
data/processed/images/quarter_note/002894.png,quarter_note,51a0f690238a11ff782f11681c502955684d8ad35b3214acbbe528def5b28c76,data/raw/datasets/datasets/Notes/Quarter/q907.jpg,64,64,0.04443359375
data/processed/images/whole_note/004417.png,whole_note,cf33eb13a2f4b10db90991aec96a0e80c36c1c4eddefd97d19a33643be1d7459,data/raw/datasets/datasets/Notes/Whole/w479.jpg,64,64,0.063720703125
data/processed/images/sixteenth_note/003571.png,sixteenth_note,9a4bd6a188c7a56811aceb5f645e305d784d745d7ade7a9f13384d0c831106cf,data/raw/datasets/datasets/Notes/Sixteenth/s616.jpg,64,64,0.072265625
data/processed/images/quarter_note/002951.png,quarter_note,a330f6e45b4bdddd4fa2c30e8ce70b0a8545b71d22b06dca4c865f3376a06ff1,data/raw/datasets/datasets/Notes/Quarter/q959.jpg,64,64,0.051025390625
data/processed/images/whole_note/004532.png,whole_note,ce66d56a8d91a53068d2db4d0aecbc8ee69b62088874b322dc5cdf8ba5e1a186,data/raw/datasets/datasets/Notes/Whole/w582.jpg,64,64,0.0791015625
data/processed/images/half_note/001001.png,half_note,7d7768acd5f8c5329114793fba4ec28a73f8d78849a3f274d503b4a5acd7eac3,data/raw/datasets/datasets/Notes/Half/h102.jpg,64,64,0.06591796875
data/processed/images/whole_note/004355.png,whole_note,1f54d4fbd93c6d85f6b1e0a1fe14f6376a7b65e1a04d29a44c35862634ceb3a5,data/raw/datasets/datasets/Notes/Whole/w422.jpg,64,64,0.05322265625
data/processed/images/eighth_note/000442.png,eighth_note,ffe1eec15b16c7e67aad016be4ceaacaed473f8f6813f432ee4990f10b231009,data/raw/datasets/datasets/Notes/Eight/e497.jpg,64,64,0.02978515625
data/processed/images/whole_note/004358.png,whole_note,4ea040ab34f2b165986aeb6b204b75c6453257cee3a366d59a8e8944d8c7642d,data/raw/datasets/datasets/Notes/Whole/w425.jpg,64,64,0.04833984375
data/processed/images/sixteenth_note/003653.png,sixteenth_note,c19302e05e70b8f0875f9dc7b6431c032b0a8a7a94611519737acea531384cd5,data/raw/datasets/datasets/Notes/Sixteenth/s691.jpg,64,64,0.118408203125
data/processed/images/sixteenth_note/003421.png,sixteenth_note,18fd63f488958317d2dbf25338cd4dfc3bdb59f0f6e265807b4ddd6824233b1c,data/raw/datasets/datasets/Notes/Sixteenth/s481.jpg,64,64,0.13818359375
data/processed/images/sixteenth_note/003829.png,sixteenth_note,13e27e8faed6cdac780fb0d5396878821b88f426182a3771572b845d7beb306a,data/raw/datasets/datasets/Notes/Sixteenth/s85.jpg,64,64,0.052978515625
data/processed/images/eighth_note/000756.png,eighth_note,3cff4a4ecf7568f1111c2ba13e9c192dd08388776bc184630e39b9663124095a,data/raw/datasets/datasets/Notes/Eight/e783.jpg,64,64,0.179443359375
data/processed/images/whole_note/004686.png,whole_note,6ef60c6836cc6a880d6f1a62bcdc9e1bf6619747cde027de9f0a00d266204d8a,data/raw/datasets/datasets/Notes/Whole/w720.jpg,64,64,0.1865234375
data/processed/images/whole_note/004331.png,whole_note,7b97fec1900fdb4153322b2c49a3fa0a2c652ec218f0d153ee769cd94211bb68,data/raw/datasets/datasets/Notes/Whole/w400.jpg,64,64,0.027099609375
data/processed/images/whole_note/004935.png,whole_note,d181fe2d2bd5ca10ade84df0e8fc3780e4fd5b4ef66b4fa3dcdb2b17fcbed4af,data/raw/datasets/datasets/Notes/Whole/w945.jpg,64,64,0.056884765625
data/processed/images/quarter_note/002029.png,quarter_note,90462d0727d4c1f0c708aa6297e73eef5c240113d9fd2925609a351693e59a8d,data/raw/datasets/datasets/Notes/Quarter/q128.jpg,64,64,0.126708984375
data/processed/images/half_note/001597.png,half_note,bca98962b1a6fe40e2b273fea6388856f30cf0045244495784c694da26d5649f,data/raw/datasets/datasets/Notes/Half/h64.jpg,64,64,0.04638671875
data/processed/images/half_note/001571.png,half_note,ce939b1f02226140447fdf052dddd5737155d9d00117c04bb984e85a6b3be963,data/raw/datasets/datasets/Notes/Half/h616.jpg,64,64,0.042236328125
data/processed/images/sixteenth_note/003294.png,sixteenth_note,505766dfd6210f0beb7b5ae8a4b8fd77846e1d65c10a707f5dd2038f821abb43,data/raw/datasets/datasets/Notes/Sixteenth/s367.jpg,64,64,0.042236328125
data/processed/images/quarter_note/002391.png,quarter_note,ea7edf5334b70dd6034dde0fd4b6332955424a7d6811b9a4e3ff56647d7d2c89,data/raw/datasets/datasets/Notes/Quarter/q454.jpg,64,64,0.029541015625
data/processed/images/sixteenth_note/003764.png,sixteenth_note,0f3021b8c68ab1c3964ea85d9f6715a196bf56c90e441abf2ecb565a6054aa95,data/raw/datasets/datasets/Notes/Sixteenth/s791.jpg,64,64,0.074951171875
data/processed/images/half_note/001943.png,half_note,1f3af7cbce8962d0d2c615f4ec6f97b36e37ac91128609ebae3efe88f19aec65,data/raw/datasets/datasets/Notes/Half/h951.jpg,64,64,0.062744140625
data/processed/images/eighth_note/000623.png,eighth_note,a84d29df1cfeeeccbc5c6484869597374730f28ab8c33963b3bb194d1716e306,data/raw/datasets/datasets/Notes/Eight/e66.jpg,64,64,0.042724609375
data/processed/images/quarter_note/002366.png,quarter_note,f4118a51e47393a5c29122e65b165e7a6d4f61440fcd844a3f67988b833290d5,data/raw/datasets/datasets/Notes/Quarter/q431.jpg,64,64,0.086669921875
data/processed/images/half_note/001825.png,half_note,aa0e5b106c2dbadb3cb1012caeb6597824d02b0cceba0c175dff06ea48f1dc17,data/raw/datasets/datasets/Notes/Half/h845.jpg,64,64,0.02587890625
data/processed/images/half_note/001841.png,half_note,411d2647ed91d746cadb8870428caba4989ce37cc5a1216a0057f95e38b3d274,data/raw/datasets/datasets/Notes/Half/h86.jpg,64,64,0.08154296875
data/processed/images/half_note/001346.png,half_note,26c13d44b3fa78c2a1989f9d541779b81439c3837a21394563bd62d1c51a4304,data/raw/datasets/datasets/Notes/Half/h413.jpg,64,64,0.03759765625
data/processed/images/sixteenth_note/003626.png,sixteenth_note,84d4e5b74599023a90a2cc458e445339dec2c0b2f2b3a93c109b4c6066753f4d,data/raw/datasets/datasets/Notes/Sixteenth/s666.jpg,64,64,0.18115234375
data/processed/images/half_note/001071.png,half_note,cd97c7c071d0c0d75b845bec71380ad6167b2d62e3201a20bad0723e39fd8015,data/raw/datasets/datasets/Notes/Half/h166.jpg,64,64,0.033447265625
data/processed/images/eighth_note/000468.png,eighth_note,67e978572eecc04d188aa74e78eae54665c54570392ffac81b734271492b95df,data/raw/datasets/datasets/Notes/Eight/e52.jpg,64,64,0.040771484375
data/processed/images/whole_note/004315.png,whole_note,03824554b56c48c25e844d82d04b53970a13afa4e3677f51e26f8561a16dad4d,data/raw/datasets/datasets/Notes/Whole/w387.jpg,64,64,0.0625
data/processed/images/sixteenth_note/003849.png,sixteenth_note,714d23fcf3e74c998b4d7090b646af197b7a6bdaec5522943fce102bd2fb6bc2,data/raw/datasets/datasets/Notes/Sixteenth/s868.jpg,64,64,0.05224609375
data/processed/images/half_note/001430.png,half_note,956f8ed6a38961ffcd2aaf1c607f3db1d871947138a8b346c42c12e0967a17d6,data/raw/datasets/datasets/Notes/Half/h49.jpg,64,64,0.052978515625
data/processed/images/sixteenth_note/003144.png,sixteenth_note,7f428ad915be942cb2912b63a410d4b9c378ad44581d70c2073865dc31d5181b,data/raw/datasets/datasets/Notes/Sixteenth/s231.jpg,64,64,0.05224609375
data/processed/images/whole_note/004663.png,whole_note,d72393e5981a89247155230dfbe2a812d1334e646881b4413672fb23550e745b,data/raw/datasets/datasets/Notes/Whole/w70.jpg,64,64,0.210205078125
data/processed/images/eighth_note/000234.png,eighth_note,2b06c7c5e25571d0ca18dcc40d37a330b7102b4fd9c1cfe8fe57fc85904234ef,data/raw/datasets/datasets/Notes/Eight/e309.jpg,64,64,0.04638671875
data/processed/images/eighth_note/000736.png,eighth_note,8b9fe5ecc17f422c165e57e89b6069b3c2f3977a81903a723beb04f73ce387e1,data/raw/datasets/datasets/Notes/Eight/e763.jpg,64,64,0.177490234375
data/processed/images/half_note/001791.png,half_note,735b660365ba4972708beae821493b647b53633fc7a49a6dd59ebea0dc8ca32a,data/raw/datasets/datasets/Notes/Half/h814.jpg,64,64,0.03271484375
data/processed/images/half_note/001238.png,half_note,83a4aca0ee14b83c92164726a8b2e3d5b9ce88e873da4971b07c8cd3e34b0aec,data/raw/datasets/datasets/Notes/Half/h316.jpg,64,64,0.03759765625
data/processed/images/whole_note/004484.png,whole_note,0c5606456ebed1d9981a14e95e603c4b302ad5811bcc71ce1b47f6c6e7895178,data/raw/datasets/datasets/Notes/Whole/w539.jpg,64,64,0.053466796875
data/processed/images/sixteenth_note/003184.png,sixteenth_note,8956210b9c2fe422fce00784fe787c5ee86e6092b47c0340983001d00a52f5bc,data/raw/datasets/datasets/Notes/Sixteenth/s268.jpg,64,64,0.08984375
data/processed/images/whole_note/004751.png,whole_note,44a134f2eb1485dbb8acb3bead07366bf2187c299e39dacc1e1cbc5d9c39c572,data/raw/datasets/datasets/Notes/Whole/w78.jpg,64,64,0.146484375
data/processed/images/half_note/001779.png,half_note,e1cda90d001b420ec6a1bc27fd6dbfe36d4a678836d6dad26e7eb2a92284ae1a,data/raw/datasets/datasets/Notes/Half/h803.jpg,64,64,0.089111328125
data/processed/images/quarter_note/002623.png,quarter_note,137645d8e9018b0623749a58f9f8f8d7b745fe96f9b046d044e1ffce1108c67c,data/raw/datasets/datasets/Notes/Quarter/q663.jpg,64,64,0.0927734375
data/processed/images/whole_note/004819.png,whole_note,ebdd7d5a6c19fd9fc6a540014ce670d61d6479c8f4f3fc1f3b0e5762b85bab94,data/raw/datasets/datasets/Notes/Whole/w840.jpg,64,64,0.1162109375
data/processed/images/whole_note/004379.png,whole_note,756f5b4e69c1150de4ea1b84727ec88b680b49969746b56945d0ef306e48e3e6,data/raw/datasets/datasets/Notes/Whole/w444.jpg,64,64,0.05517578125
data/processed/images/quarter_note/002039.png,quarter_note,92415914e22a707017600ca3e3fa4e4cb98f9ca77c59f665196795ef64fd7177,data/raw/datasets/datasets/Notes/Quarter/q137.jpg,64,64,0.104248046875
data/processed/images/half_note/001469.png,half_note,ecd833914f0202196f3ea7db8cac9c22309caabbed4d8d40067d7d728ba517b4,data/raw/datasets/datasets/Notes/Half/h524.jpg,64,64,0.057373046875
data/processed/images/sixteenth_note/003077.png,sixteenth_note,b74d94a3bbcc77c96212875649be00b020103aed4c3deb72ea6304a4cf2063f1,data/raw/datasets/datasets/Notes/Sixteenth/s171.jpg,64,64,0.083740234375
data/processed/images/whole_note/004046.png,whole_note,54e384598797f39dd7768111398c39107df1958e2ee672cfa9cae8b26d986231,data/raw/datasets/datasets/Notes/Whole/w144.jpg,64,64,0.202392578125
data/processed/images/whole_note/004845.png,whole_note,a2a2bab00444e8a72ae8e39dd6ce7cb3e92518c68dc815495cf7e2bcdfe623f5,data/raw/datasets/datasets/Notes/Whole/w864.jpg,64,64,0.256591796875
data/processed/images/quarter_note/002458.png,quarter_note,9523b6330d864ea340f4396613c031c0a44b7ef55769c42bbc68c571cde269ea,data/raw/datasets/datasets/Notes/Quarter/q514.jpg,64,64,0.1044921875
data/processed/images/sixteenth_note/003846.png,sixteenth_note,78b65c91608f9eeba893f78e8c706143c26fdf68d7fa0a0d0fd3717459cdf415,data/raw/datasets/datasets/Notes/Sixteenth/s865.jpg,64,64,0.04833984375
data/processed/images/half_note/001674.png,half_note,e7e006f2b5e4879d93e80a643886b62a4d87ad88806be14328e79063ce06e086,data/raw/datasets/datasets/Notes/Half/h709.jpg,64,64,0.0478515625
data/processed/images/whole_note/004941.png,whole_note,36cbe0a9f55b59ac5d193c627eeef1666631249b06de0bc006773d8f17bec2bb,data/raw/datasets/datasets/Notes/Whole/w950.jpg,64,64,0.023681640625
data/processed/images/half_note/001095.png,half_note,189a07dbeb597b1b648d288078374491851bb1ceb05e69b6f3da4adc2fd7ccf0,data/raw/datasets/datasets/Notes/Half/h188.jpg,64,64,0.03564453125
data/processed/images/whole_note/004300.png,whole_note,6e60162bbdbe49c14246749a2bff4257577665eba7d60917c51ddd09d7926302,data/raw/datasets/datasets/Notes/Whole/w373.jpg,64,64,0.053955078125
data/processed/images/sixteenth_note/003506.png,sixteenth_note,bbd20bb2c9ddec40e8fb25974bba4690bf69e764eb8ff4143a90c3051aae8a59,data/raw/datasets/datasets/Notes/Sixteenth/s558.jpg,64,64,0.162841796875
data/processed/images/whole_note/004361.png,whole_note,bdac9e201244a20ab4f5ea5e3a914dc9f0c443ae3556752e72479bfc3931c8dd,data/raw/datasets/datasets/Notes/Whole/w428.jpg,64,64,0.081298828125
data/processed/images/sixteenth_note/003678.png,sixteenth_note,310570c494f1f995ff2cd67ee038b936863e0c1c13c52911829f9d949fe1d253,data/raw/datasets/datasets/Notes/Sixteenth/s713.jpg,64,64,0.121337890625
data/processed/images/quarter_note/002843.png,quarter_note,83f7afc6f390c00a58b21d403c2f3cc375b4ab687eeb71fb62fdbc3e52d34948,data/raw/datasets/datasets/Notes/Quarter/q861.jpg,64,64,0.05224609375
data/processed/images/half_note/001393.png,half_note,834bd3edfe1a6ed2bb10dcd2fdd8f9edae111bcf4a47d0f7dbf9c29e4eeb15f7,data/raw/datasets/datasets/Notes/Half/h456.jpg,64,64,0.03564453125
data/processed/images/eighth_note/000022.png,eighth_note,8b81b469ca5feeeeebba72fea9f41e354a8af829e6622faff7cc272fe9f5d8de,data/raw/datasets/datasets/Notes/Eight/e118.jpg,64,64,0.020263671875
data/processed/images/half_note/001728.png,half_note,c7d432f787e63158e15f62138a4bdd3cb66de2408b0fb6fbf32bccab760ffaa1,data/raw/datasets/datasets/Notes/Half/h758.jpg,64,64,0.0625
data/processed/images/whole_note/004234.png,whole_note,ef76341a6a583481ad5dc19fa3949245b07714497a18b7c0a2def784c4ccccf7,data/raw/datasets/datasets/Notes/Whole/w313.jpg,64,64,0.101806640625
data/processed/images/whole_note/004036.png,whole_note,31553b901fdbfc596946315106f041202ca484809f1c90f4e5622377d45c2fd4,data/raw/datasets/datasets/Notes/Whole/w135.jpg,64,64,0.1953125
data/processed/images/half_note/001269.png,half_note,c0b3e012dfa2a2c99bdaf53deb108a07d094fce7ad242f0055216aa22ff3c9ea,data/raw/datasets/datasets/Notes/Half/h344.jpg,64,64,0.04052734375
data/processed/images/sixteenth_note/003311.png,sixteenth_note,be7e2445acd1618f71e348d718e04b5e47211c6c329b90cbaf0e049b3892e731,data/raw/datasets/datasets/Notes/Sixteenth/s382.jpg,64,64,0.057861328125
data/processed/images/quarter_note/002296.png,quarter_note,4604b8ae31ca3a899d966d8c5ee879f840e119894fe4b381e0316eb16ecffdca,data/raw/datasets/datasets/Notes/Quarter/q369.jpg,64,64,0.11083984375
data/processed/images/sixteenth_note/003911.png,sixteenth_note,b5812369e5d73b2ad8e4a4877063be4bfcdb0ee02b1af54e84524bba41762a0e,data/raw/datasets/datasets/Notes/Sixteenth/s923.jpg,64,64,0.048095703125
data/processed/images/eighth_note/000281.png,eighth_note,b8f9c67534c0bc5bb26927e1ea5123d4a75d21421b81a2495b2d7d1f54955c69,data/raw/datasets/datasets/Notes/Eight/e351.jpg,64,64,0.0380859375
data/processed/images/half_note/001904.png,half_note,a74c74aa751c0f0bf0ea82f8ff63d14d64d4fd5ec66487a4642d28b7f21db64c,data/raw/datasets/datasets/Notes/Half/h916.jpg,64,64,0.0107421875
data/processed/images/sixteenth_note/002999.png,sixteenth_note,1222f98df53638c9e7c93dbf8fb866f6dc3303efbbeaab19ba779028f84d8b4b,data/raw/datasets/datasets/Notes/Sixteenth/s1000.jpg,64,64,0.074462890625
data/processed/images/whole_note/004933.png,whole_note,08c0bbacd56a1eca06416131118d3e8c21b7efdcd46266917ee7a758b9eb5d21,data/raw/datasets/datasets/Notes/Whole/w943.jpg,64,64,0.050048828125
data/processed/images/whole_note/004190.png,whole_note,6e2dc8f3b50ed8dd1dacded233e7f1f4677a24e4f5ef96ba8dd19e71131bc4f6,data/raw/datasets/datasets/Notes/Whole/w274.jpg,64,64,0.100830078125
data/processed/images/quarter_note/002062.png,quarter_note,1ff8a10a375dee08b44ef5bd5975dd00df494e5c37b041aa3dbf24e22b0d154b,data/raw/datasets/datasets/Notes/Quarter/q158.jpg,64,64,0.057373046875
data/processed/images/whole_note/004024.png,whole_note,785bb52fc4c415267b1ed54e88f749b2aca84b08d1d139991ab444a9f6a9df03,data/raw/datasets/datasets/Notes/Whole/w124.jpg,64,64,0.266357421875
data/processed/images/half_note/001453.png,half_note,b897056e7838fbc8204a8ae76d605cad2806e5bb5b6ce7a7803400e527800818,data/raw/datasets/datasets/Notes/Half/h51.jpg,64,64,0.0458984375
data/processed/images/eighth_note/000521.png,eighth_note,70660af27050b94930afa88e9b174b7297897ff24bf1c883b2cb65821c6dd3df,data/raw/datasets/datasets/Notes/Eight/e568.jpg,64,64,0.115966796875
data/processed/images/sixteenth_note/003569.png,sixteenth_note,1c81b89d90799fa6cf98b7b563aa259a0d747123745ab67051ae7779a2667dc0,data/raw/datasets/datasets/Notes/Sixteenth/s614.jpg,64,64,0.104736328125
data/processed/images/sixteenth_note/003384.png,sixteenth_note,ea6fa28bcbe236cae50b8b44a5d540ec696791427b3b807cfd9941f52aac7f63,data/raw/datasets/datasets/Notes/Sixteenth/s448.jpg,64,64,0.072509765625
data/processed/images/sixteenth_note/003956.png,sixteenth_note,269b3b398cd14a15fc19bf5fdfb47950be4de886b9e516ee6f7ad9fe7b1298ad,data/raw/datasets/datasets/Notes/Sixteenth/s964.jpg,64,64,0.119384765625
data/processed/images/half_note/001993.png,half_note,feb6db23d3a89aca7bdf89fd6c0e69738d094b7d95cc1adc9c2590a70f1196a4,data/raw/datasets/datasets/Notes/Half/h997.jpg,64,64,0.032958984375
data/processed/images/whole_note/004767.png,whole_note,692f541b0bc4b56b945821e9db5f0bbcd219dcfccb8f6373a446941f2239167e,data/raw/datasets/datasets/Notes/Whole/w794.jpg,64,64,0.35009765625
data/processed/images/quarter_note/002694.png,quarter_note,3b331a95ccec46c92b94353c3f4f12e1150632f38fde87de5e0a93234d1d2703,data/raw/datasets/datasets/Notes/Quarter/q727.jpg,64,64,0.053466796875
data/processed/images/whole_note/004755.png,whole_note,c5a5e5f4f49eb84a5def92e9930979ca700645a82d06a3ad6775cd0c8aa7678d,data/raw/datasets/datasets/Notes/Whole/w783.jpg,64,64,0.169189453125
data/processed/images/sixteenth_note/003697.png,sixteenth_note,9c4da71f87d4fcd98c6f8c9f307096f8bce3ee4ebfeb243fa16b6a4c2e42fa5e,data/raw/datasets/datasets/Notes/Sixteenth/s730.jpg,64,64,0.09326171875
data/processed/images/eighth_note/000333.png,eighth_note,bdd018fa4519436e57db7a8347cb0ae29a45efdc2b728da04802acc097b3160a,data/raw/datasets/datasets/Notes/Eight/e399.jpg,64,64,0.06005859375
data/processed/images/half_note/001990.png,half_note,7b51e33bc2fba3c342155791486525049e4fe8cc0ef6cbb880e407ddb48451ee,data/raw/datasets/datasets/Notes/Half/h994.jpg,64,64,0.0224609375
data/processed/images/eighth_note/000154.png,eighth_note,2677d023dffe15bfdf034db86e84c1e0459089780767c6ee5be763bd2868f852,data/raw/datasets/datasets/Notes/Eight/e237.jpg,64,64,0.034423828125
data/processed/images/quarter_note/002522.png,quarter_note,86e831274aa057e3bf28e0761876cb4f69c27fc65d2b3c99969f9ab8fa118e59,data/raw/datasets/datasets/Notes/Quarter/q572.jpg,64,64,0.061767578125
data/processed/images/half_note/001805.png,half_note,03f4e38fb3d398003ea7cb3009233ec9ebde09735852c97b94432e21422670b4,data/raw/datasets/datasets/Notes/Half/h827.jpg,64,64,0.036376953125
data/processed/images/whole_note/004790.png,whole_note,25489f45d14cfbede068c79f3f932667a4ba5fd5cef231f5807c39a9436150bc,data/raw/datasets/datasets/Notes/Whole/w814.jpg,64,64,0.16650390625
data/processed/images/quarter_note/002044.png,quarter_note,d0f5c2db1991d0c7c1aff3b8c9a0f41bbc6b99fe621a6ffddfa240a376da6567,data/raw/datasets/datasets/Notes/Quarter/q141.jpg,64,64,0.17333984375
data/processed/images/whole_note/004874.png,whole_note,2b41bc5af0ffd9a7536c6e4eae2f917ef96c48a339fdadd1db0e2d2d7e1de513,data/raw/datasets/datasets/Notes/Whole/w890.jpg,64,64,0.07861328125
data/processed/images/eighth_note/000298.png,eighth_note,6fffaf75bac53d1c0ce04a01a0fe2a2693078c73589748b7e2a207eeaf050d20,data/raw/datasets/datasets/Notes/Eight/e367.jpg,64,64,0.046142578125
data/processed/images/quarter_note/002657.png,quarter_note,2aca4f30c06a6728c95344aa067cd3d776091cc77fa3f1d2292197da9feefb1a,data/raw/datasets/datasets/Notes/Quarter/q694.jpg,64,64,0.05615234375
data/processed/images/half_note/001107.png,half_note,b3258bc3887e8d9365e99ba7a6f77d64096e4a58b8d384c0bdb5caab41e03e80,data/raw/datasets/datasets/Notes/Half/h199.jpg,64,64,0.068603515625
data/processed/images/quarter_note/002992.png,quarter_note,950e7752f5afd6c9fa16941c1a6ff3d6731b41669908d8c3c9bb675642af8a17,data/raw/datasets/datasets/Notes/Quarter/q996.jpg,64,64,0.048828125
data/processed/images/eighth_note/000129.png,eighth_note,c1de2730e1cceb79cd0290eb6bb18b622ca11fd12920d278eb66026bfcf0be2a,data/raw/datasets/datasets/Notes/Eight/e214.jpg,64,64,0.170166015625
data/processed/images/sixteenth_note/003659.png,sixteenth_note,0458591c371d5f30fdc4153bb13c56a57e9adfbe07d99fe67b2793f6b870a99a,data/raw/datasets/datasets/Notes/Sixteenth/s697.jpg,64,64,0.0576171875
data/processed/images/sixteenth_note/003877.png,sixteenth_note,97821587b401ee67982c0ff35fd9c1cd3a74bb8cc53b856d720c165dacf98fb5,data/raw/datasets/datasets/Notes/Sixteenth/s893.jpg,64,64,0.05908203125
data/processed/images/half_note/001586.png,half_note,9c2883707f29471e03f40f4f20f061c9e88b078f3e61e27bc3a4b099f6f0ca81,data/raw/datasets/datasets/Notes/Half/h63.jpg,64,64,0.063232421875
data/processed/images/sixteenth_note/003459.png,sixteenth_note,9f34196891ba31637b9a0f8898bea5694c68b6d370fa597e566136fefbf9343f,data/raw/datasets/datasets/Notes/Sixteenth/s515.jpg,64,64,0.16357421875
data/processed/images/quarter_note/002947.png,quarter_note,17c1429c2c2807b5ea2697b19b138a3671f9f13345f4fed55d59698b79f11928,data/raw/datasets/datasets/Notes/Quarter/q955.jpg,64,64,0.054443359375
data/processed/images/whole_note/004549.png,whole_note,ece7e7fb32f0dc6453a206487f1275b388d1087cbecc8b4f3068fa64b4517d3e,data/raw/datasets/datasets/Notes/Whole/w598.jpg,64,64,0.057373046875
data/processed/images/quarter_note/002974.png,quarter_note,451f61d17ccb29ff67add1cdccb4f605e81df305896b9dde43306c39d9ff9459,data/raw/datasets/datasets/Notes/Quarter/q98.jpg,64,64,0.056396484375
data/processed/images/whole_note/004560.png,whole_note,e0d79ba8245205ef00577bd577b48a6953645392acab7e4c121d297104bbb663,data/raw/datasets/datasets/Notes/Whole/w607.jpg,64,64,0.055419921875
data/processed/images/eighth_note/000050.png,eighth_note,62d22a6b9bc18daae268c948b6c1f5f8f8a6d29c8bda3aa63e2f28f9baae8c9b,data/raw/datasets/datasets/Notes/Eight/e143.jpg,64,64,0.02001953125
data/processed/images/sixteenth_note/003209.png,sixteenth_note,1704e92ede7ea9f483effa56582783090d1117c7a7236af8502cde62aec54bf0,data/raw/datasets/datasets/Notes/Sixteenth/s290.jpg,64,64,0.0966796875
data/processed/images/eighth_note/000141.png,eighth_note,dd23d79739ddf946335f6fc224720293af804dbca4bb6e995244f954eae0005e,data/raw/datasets/datasets/Notes/Eight/e225.jpg,64,64,0.063720703125
data/processed/images/eighth_note/000039.png,eighth_note,1b403d830a6b6a502c9aae7fd3e2f54ad6d38a2bc0ab3012633eaff4f6a44706,data/raw/datasets/datasets/Notes/Eight/e133.jpg,64,64,0.046875
data/processed/images/half_note/001302.png,half_note,bc01455dfb0f7fc7a0b731d7ad7c3cb3d2a507d9498cc56f21088411fe5d15f1,data/raw/datasets/datasets/Notes/Half/h374.jpg,64,64,0.038330078125
data/processed/images/eighth_note/000116.png,eighth_note,da14fea58e595af88225a33f5f066ce62b741c4c582cc303525532ff6f0deb82,data/raw/datasets/datasets/Notes/Eight/e202.jpg,64,64,0.218505859375
data/processed/images/whole_note/004847.png,whole_note,37d98c110a03993d4957236d57f7779e7ec5f8a04d72908171be72308a3670c7,data/raw/datasets/datasets/Notes/Whole/w866.jpg,64,64,0.103271484375
data/processed/images/sixteenth_note/003816.png,sixteenth_note,947da0bf30df9fc9bf3af1aa9669027c187668c116b04fffb774b4644a6df37a,data/raw/datasets/datasets/Notes/Sixteenth/s838.jpg,64,64,0.072265625
data/processed/images/sixteenth_note/003950.png,sixteenth_note,6296fcb56da06d993c9815b19b5cf8f19145dba40ef8097b97e087472ce9740c,data/raw/datasets/datasets/Notes/Sixteenth/s959.jpg,64,64,0.1181640625
data/processed/images/whole_note/004189.png,whole_note,ed3b0c2ddd80e32bd49f4cc9b4f6bf54d4b2c03937d4afabee61c94e228083a6,data/raw/datasets/datasets/Notes/Whole/w273.jpg,64,64,0.07421875
data/processed/images/half_note/001676.png,half_note,fa50c3e5b214e0f7c7e489d0c54719ea269ce688e498d3cabd934e7d7f82905d,data/raw/datasets/datasets/Notes/Half/h710.jpg,64,64,0.11328125
data/processed/images/half_note/001992.png,half_note,f214030a4e5d9920448f8d2e318c8a89b60367abb37433b4d377c5260e6dee5e,data/raw/datasets/datasets/Notes/Half/h996.jpg,64,64,0.039794921875
data/processed/images/eighth_note/000857.png,eighth_note,4d135eebc1f6876d6602a9e64da11f8daff5008d7acbb499640ecde4b78a9c93,data/raw/datasets/datasets/Notes/Eight/e874.jpg,64,64,0.07421875
data/processed/images/quarter_note/002576.png,quarter_note,fd8468eb63f3a01a0e7e8cfb8b67a2ac17effca3c6f9d0b1d5491c68c5157285,data/raw/datasets/datasets/Notes/Quarter/q620.jpg,64,64,0.055908203125
data/processed/images/eighth_note/000289.png,eighth_note,fb9f34520967e89f7fa963bce6d6ef46170bdae92c0290a4c77c10ba94774f49,data/raw/datasets/datasets/Notes/Eight/e359.jpg,64,64,0.045166015625
data/processed/images/half_note/001285.png,half_note,4107bc8c3a32f51344310cc79e14cccc37736751cfdd4c02684e628f767fc204,data/raw/datasets/datasets/Notes/Half/h359.jpg,64,64,0.041748046875
data/processed/images/eighth_note/000980.png,eighth_note,4228989fe1e62bce841202dc3f8e4e18f9baba9b364a8fd3d00c6bf73db86a7d,data/raw/datasets/datasets/Notes/Eight/e985.jpg,64,64,0.0673828125
data/processed/images/half_note/001836.png,half_note,08988746cf215fa6793ea40ef9d8905c6e458822872c70b33073da502bbd0e39,data/raw/datasets/datasets/Notes/Half/h855.jpg,64,64,0.0380859375
data/processed/images/half_note/001796.png,half_note,b3f342bceea59e2a48cba283b08f6807a8806d16c6bb482c2c04539ae2ea2d92,data/raw/datasets/datasets/Notes/Half/h819.jpg,64,64,0.0546875
data/processed/images/eighth_note/000016.png,eighth_note,265d8084e9455010e0a5800f661f3c553e02bd5315cade57989854638807d14d,data/raw/datasets/datasets/Notes/Eight/e112.jpg,64,64,0.031494140625
data/processed/images/quarter_note/002791.png,quarter_note,497066c6fee0712f359dbf871b75d8799656cb4e4f7af324d90b9e4a8bd97485,data/raw/datasets/datasets/Notes/Quarter/q814.jpg,64,64,0.042724609375
data/processed/images/sixteenth_note/003721.png,sixteenth_note,8fa9c4a9098343eca8d279ac31afa4cfe3f21557939a591a02d4356bd41700aa,data/raw/datasets/datasets/Notes/Sixteenth/s752.jpg,64,64,0.059326171875
data/processed/images/sixteenth_note/003160.png,sixteenth_note,3f08f30bdb2c20c4a7d04c7313355bb3ae9dd66f7487ae62a19751a82254f5c8,data/raw/datasets/datasets/Notes/Sixteenth/s246.jpg,64,64,0.065673828125
data/processed/images/whole_note/004929.png,whole_note,b9519f2e257e9c52dfa2e9d54f96ad3d2e9936daa6d681469dc2c3e90993395d,data/raw/datasets/datasets/Notes/Whole/w94.jpg,64,64,0.218505859375
data/processed/images/sixteenth_note/003966.png,sixteenth_note,92ae52069833dd01afc99e4c7b4a7ec53b0f3daa03c4f744ac57fe2a4c6f4a6b,data/raw/datasets/datasets/Notes/Sixteenth/s973.jpg,64,64,0.1416015625
data/processed/images/sixteenth_note/003056.png,sixteenth_note,278f20ea4d7626d6d8481475270c042f4f5b41eaa659d027038a196a2655e610,data/raw/datasets/datasets/Notes/Sixteenth/s152.jpg,64,64,0.156494140625
data/processed/images/whole_note/004736.png,whole_note,5c7067061d5b8bd0f55ff6e5a4ae68550e69d9fbdf880832728a4a938a60fed8,data/raw/datasets/datasets/Notes/Whole/w766.jpg,64,64,0.131591796875
data/processed/images/eighth_note/000009.png,eighth_note,73bbd036014bd6afac200e89e6d2129cb7e6885324b3c1860223f42769500c4a,data/raw/datasets/datasets/Notes/Eight/e106.jpg,64,64,0.025146484375
data/processed/images/whole_note/004446.png,whole_note,18261f7fa15e48df00b9f003f150348bf77692e161739e73c4a88270e9dea8d0,data/raw/datasets/datasets/Notes/Whole/w504.jpg,64,64,0.017822265625
data/processed/images/quarter_note/002476.png,quarter_note,8716b811b9f4141144b64c7a849e17f2793ec74244174d266f5565a6945c3e20,data/raw/datasets/datasets/Notes/Quarter/q530.jpg,64,64,0.152587890625
data/processed/images/half_note/001363.png,half_note,2a6fc618baeb0b0e77514078c0936b9516383cee5e7340b2c4c61518e34d1ea5,data/raw/datasets/datasets/Notes/Half/h429.jpg,64,64,0.064453125
data/processed/images/quarter_note/002346.png,quarter_note,08af56a25e62f3d517ec307f9a1331ca9edaf11fbc3529aa4c0aa320cca93bcf,data/raw/datasets/datasets/Notes/Quarter/q413.jpg,64,64,0.112060546875
data/processed/images/eighth_note/000209.png,eighth_note,a403bb549f1d239401cbb0bea78129fd453b192535a6406795c7c7b96e204c98,data/raw/datasets/datasets/Notes/Eight/e287.jpg,64,64,0.06298828125
data/processed/images/eighth_note/000179.png,eighth_note,8166d3794858cae165c758190f4b3fd518878850eb06b5508cc840faf9435947,data/raw/datasets/datasets/Notes/Eight/e26.jpg,64,64,0.03564453125
data/processed/images/sixteenth_note/003085.png,sixteenth_note,74982463ef011569467aae6d8b162c59dda61f2f12e62cd7681d30ef562ff385,data/raw/datasets/datasets/Notes/Sixteenth/s179.jpg,64,64,0.152587890625
data/processed/images/eighth_note/000396.png,eighth_note,324cf41812c5f6c0801d109a89efe88e38e3c66b491a231ccbb491f3b42920bf,data/raw/datasets/datasets/Notes/Eight/e455.jpg,64,64,0.0390625
data/processed/images/half_note/001369.png,half_note,48b48462dc3902b027a86e855ede9b39e183af082d5c36738fcd2095c913829b,data/raw/datasets/datasets/Notes/Half/h434.jpg,64,64,0.03076171875
data/processed/images/sixteenth_note/003029.png,sixteenth_note,a6302325614403f2b68271cdf26955b31fa17a98c9c945aeb0a463fe4ba47c9c,data/raw/datasets/datasets/Notes/Sixteenth/s128.jpg,64,64,0.059814453125
data/processed/images/quarter_note/002386.png,quarter_note,4070de631935eb61534ad403f7be737c4153d23f4f5233d936530f9b1ae6054a,data/raw/datasets/datasets/Notes/Quarter/q45.jpg,64,64,0.029541015625
data/processed/images/half_note/001881.png,half_note,20e8e8c21431e81c783b1fd3df59025e6a5c417caa9beaebe9d14aad56b0db7a,data/raw/datasets/datasets/Notes/Half/h896.jpg,64,64,0.0263671875
data/processed/images/whole_note/004147.png,whole_note,11d67004d8bb39656ee06d8e29d5703278dfce67130f292de8c54027d6b044b6,data/raw/datasets/datasets/Notes/Whole/w235.jpg,64,64,0.1455078125
data/processed/images/whole_note/004586.png,whole_note,4742f8d412523a0e1f3d98794cc0d781367afdf08290174cfd0e9dff8bbb120a,data/raw/datasets/datasets/Notes/Whole/w630.jpg,64,64,0.0390625
data/processed/images/half_note/001370.png,half_note,89a3541bb3bcaa7148e8ec70aba5eb0ff750008b5e1ad33f357c289af2fcb97e,data/raw/datasets/datasets/Notes/Half/h435.jpg,64,64,0.036376953125
data/processed/images/whole_note/004724.png,whole_note,68315806758d899db8678598c798335db67a5be3dbc84f110581e5315019ff26,data/raw/datasets/datasets/Notes/Whole/w755.jpg,64,64,0.3740234375
data/processed/images/sixteenth_note/003922.png,sixteenth_note,744fa156f1a30874bf4e2771c833997a29da6fb6a6edcfb622ddc8a541073712,data/raw/datasets/datasets/Notes/Sixteenth/s933.jpg,64,64,0.16650390625
data/processed/images/whole_note/004096.png,whole_note,4cff24867893694be05dbaf53525ff843df419f5e196367b919a85f820b2d24f,data/raw/datasets/datasets/Notes/Whole/w19.jpg,64,64,0.242431640625
data/processed/images/sixteenth_note/003273.png,sixteenth_note,01368476b33008a11e8a83dc4c7866982667b31067ff5e6b947f86a94567d59e,data/raw/datasets/datasets/Notes/Sixteenth/s348.jpg,64,64,0.115478515625
data/processed/images/whole_note/004337.png,whole_note,1df625cfcfe2497a18a1404f92e415cc2673ce8f577200f4de3ae1d9e187c4d1,data/raw/datasets/datasets/Notes/Whole/w406.jpg,64,64,0.09765625
data/processed/images/quarter_note/002704.png,quarter_note,35a695fc4a2cecb2d4350981fc5bc39f91c037dfa4ece376e359cf635f716aef,data/raw/datasets/datasets/Notes/Quarter/q736.jpg,64,64,0.033447265625
data/processed/images/sixteenth_note/003098.png,sixteenth_note,bfd89091b6b8d2b6f2ecf05c263c60bc6be867c53e46e0f5eba6ef01dad9432b,data/raw/datasets/datasets/Notes/Sixteenth/s190.jpg,64,64,0.105224609375
data/processed/images/quarter_note/002357.png,quarter_note,a5f1bf1ee4480b09b2140233d2ee7038ea19e812fed40da63ee124673dcfd0ae,data/raw/datasets/datasets/Notes/Quarter/q423.jpg,64,64,0.07177734375
data/processed/images/half_note/001813.png,half_note,e475a5a2799151312f3d55aad004978209d0771adfe2259614c5286a7380e326,data/raw/datasets/datasets/Notes/Half/h834.jpg,64,64,0.037353515625
data/processed/images/sixteenth_note/003090.png,sixteenth_note,345476aefbc577849c971b1e804a53e0678da1591e89f4e33237eb2876817325,data/raw/datasets/datasets/Notes/Sixteenth/s183.jpg,64,64,0.08544921875
data/processed/images/quarter_note/002956.png,quarter_note,22f1178d8f5b195971de94591fe253375d96b686c7aa53cf75489d10e116827f,data/raw/datasets/datasets/Notes/Quarter/q963.jpg,64,64,0.078125
data/processed/images/whole_note/004649.png,whole_note,d4f9a64391ac81e35065226f38978b45c4f8f902ed003f4a40a15b04fb04465d,data/raw/datasets/datasets/Notes/Whole/w688.jpg,64,64,0.0927734375
data/processed/images/quarter_note/002093.png,quarter_note,9663bfa3302732182cb86abf2a50f296fec7edfc11b283069df6bb79981d96df,data/raw/datasets/datasets/Notes/Quarter/q186.jpg,64,64,0.041259765625
data/processed/images/half_note/001109.png,half_note,2ed5423ebea4e553aae5a2edee457e90364606dfb6d098591b893cd6142afd90,data/raw/datasets/datasets/Notes/Half/h20.jpg,64,64,0.057861328125
data/processed/images/eighth_note/000093.png,eighth_note,5f966295b48e4b71e5d223686f83bbec8f248699891798ba6fdb96f8b8335ce7,data/raw/datasets/datasets/Notes/Eight/e182.jpg,64,64,0.120361328125
data/processed/images/eighth_note/000400.png,eighth_note,06106d1b8af386e2986d7bc539d5b5847fe29809cd79dc478dacb49ddefaea22,data/raw/datasets/datasets/Notes/Eight/e459.jpg,64,64,0.084716796875
data/processed/images/whole_note/004973.png,whole_note,175e8635a1fc645e2c37e91efb2c1a43685c912dbe820d8fe5562207c457011a,data/raw/datasets/datasets/Notes/Whole/w98.jpg,64,64,0.40966796875
data/processed/images/sixteenth_note/003108.png,sixteenth_note,84060ef4ced24182e3dca1a0a73317e4c4514fe7c3c8ee5cd12700ed26e1dcdd,data/raw/datasets/datasets/Notes/Sixteenth/s2.jpg,64,64,0.100341796875
data/processed/images/eighth_note/000033.png,eighth_note,92e77cf58b305ddd5103353ec7bd3029dcb2148988222c92a71373b45a3514d3,data/raw/datasets/datasets/Notes/Eight/e128.jpg,64,64,0.03173828125
data/processed/images/quarter_note/002132.png,quarter_note,f6d53a696146cac5ecf9c8b5ba11a15de1278a38445b84aad710bc2548b15b5b,data/raw/datasets/datasets/Notes/Quarter/q220.jpg,64,64,0.02978515625
data/processed/images/whole_note/004602.png,whole_note,1bbb94118c70b408e0396691ab44abf3c76946b806b04cc9b3ab7f011c0d0c76,data/raw/datasets/datasets/Notes/Whole/w645.jpg,64,64,0.055419921875
data/processed/images/whole_note/004699.png,whole_note,b9c9d7d05da284043b1c5053b07bd016a5bcf3b72bc418ad02fff675eb9b959b,data/raw/datasets/datasets/Notes/Whole/w732.jpg,64,64,0.209228515625
data/processed/images/quarter_note/002016.png,quarter_note,4ead33f192c0c3679e58a06c35f19352898c3f17517c5210625a702464b7d606,data/raw/datasets/datasets/Notes/Quarter/q116.jpg,64,64,0.07177734375
data/processed/images/whole_note/004884.png,whole_note,ccc6cb6bc18c9f982ef79aa9478bf2d20b529c70924f4a4bff628f0ec64fff97,data/raw/datasets/datasets/Notes/Whole/w9.jpg,64,64,0.171875
data/processed/images/eighth_note/000593.png,eighth_note,d13e52eabf4f6ab5a9c8ee2e37386f98145a3ff0981eaf438ba1e5fed3c4bfd0,data/raw/datasets/datasets/Notes/Eight/e632.jpg,64,64,0.10986328125
data/processed/images/quarter_note/002474.png,quarter_note,af85adf1c464273348e988e4b36b8c71ca43a8a1540b1079a8b0cea9f7c1ec9f,data/raw/datasets/datasets/Notes/Quarter/q529.jpg,64,64,0.14501953125
data/processed/images/whole_note/004618.png,whole_note,48ba2a91aea83e98697f11f872bcd78a6402f5756f1f15b72998b82b81cdeffe,data/raw/datasets/datasets/Notes/Whole/w66.jpg,64,64,0.104248046875
data/processed/images/half_note/001950.png,half_note,90235967cde740d6d0af1f2e65381148a0b8e3289f1db1a34572177294a1d1cd,data/raw/datasets/datasets/Notes/Half/h958.jpg,64,64,0.03564453125
data/processed/images/quarter_note/002953.png,quarter_note,08ac69e41bada7e4d9c06b6a0d02d0d813b810bd77d056d12f614630764560a7,data/raw/datasets/datasets/Notes/Quarter/q960.jpg,64,64,0.073974609375
data/processed/images/sixteenth_note/003694.png,sixteenth_note,0f5b5841fbb4ceb6b6359f62f51976ce58d0af8f1d328ec2e64c2da8f7976111,data/raw/datasets/datasets/Notes/Sixteenth/s728.jpg,64,64,0.0693359375
data/processed/images/half_note/001820.png,half_note,3eacecfddfc16cc20bfb2196042b49c32aac265a533581e8f8a6b4314f635bab,data/raw/datasets/datasets/Notes/Half/h840.jpg,64,64,0.025634765625
data/processed/images/whole_note/004134.png,whole_note,44573fa897304da919ddda2ede2aad081a578ab46cf324ef9bdd8d6c56a953ef,data/raw/datasets/datasets/Notes/Whole/w223.jpg,64,64,0.051513671875
data/processed/images/eighth_note/000937.png,eighth_note,0f2ed100c91198aeab79a562e8b28fbd52bd7062398974a7b28125d96fba759e,data/raw/datasets/datasets/Notes/Eight/e946.jpg,64,64,0.08154296875
data/processed/images/half_note/001143.png,half_note,86ae00f1df5b03d14cac7943716ca07292ef25104c1f33e816e656e2aa9b59d9,data/raw/datasets/datasets/Notes/Half/h230.jpg,64,64,0.052978515625
data/processed/images/half_note/001460.png,half_note,e9acfb942cbd80cf5b8b106bb2c878f69c1e5498b247b3729c754b1ad73514f9,data/raw/datasets/datasets/Notes/Half/h516.jpg,64,64,0.07373046875
data/processed/images/sixteenth_note/003065.png,sixteenth_note,d3d14b9819015a4cb28c8e54464e643b17e5b9c864e591e8eb757f8b5b3efdb4,data/raw/datasets/datasets/Notes/Sixteenth/s160.jpg,64,64,0.051025390625
data/processed/images/whole_note/004160.png,whole_note,3e3d03b4b2da6ba14cc97c410d675cab91ce4a84bffe14884090f474bba131bb,data/raw/datasets/datasets/Notes/Whole/w247.jpg,64,64,0.057373046875
data/processed/images/whole_note/004243.png,whole_note,6b620353f85fd0a8a65b5ea7eb27dbde410e49afe218b9ba3454912426cc05e5,data/raw/datasets/datasets/Notes/Whole/w321.jpg,64,64,0.24658203125
data/processed/images/whole_note/004350.png,whole_note,fedb8ded75d9c6a97465491233331abd8fd3b8a92621129620755a8fd86d5649,data/raw/datasets/datasets/Notes/Whole/w418.jpg,64,64,0.027099609375
data/processed/images/quarter_note/002984.png,quarter_note,b5d8e5fbe08da28ed76df5258b238258ec1c90b580e7d25a2d5ba5a16b03c6d6,data/raw/datasets/datasets/Notes/Quarter/q989.jpg,64,64,0.045166015625
data/processed/images/sixteenth_note/003513.png,sixteenth_note,cd2fda1c419884d67db66a0dc6adb07fbcfd0c7486e049ee6f521b9f67c68054,data/raw/datasets/datasets/Notes/Sixteenth/s564.jpg,64,64,0.1875
data/processed/images/whole_note/004593.png,whole_note,f1b507795f5a64ff0ea7fa0717bdc400817727b8a0898f20a23820d5631b1424,data/raw/datasets/datasets/Notes/Whole/w637.jpg,64,64,0.08251953125
data/processed/images/half_note/001971.png,half_note,faf27ee6d8ff4de0ca91dd83278969f179ceea0c359c926d54c755b88067dbc3,data/raw/datasets/datasets/Notes/Half/h977.jpg,64,64,0.041259765625
data/processed/images/quarter_note/002656.png,quarter_note,226c2c2eea06c125b3251afca17e0d7c5972d5729d542fe0a2ee8db7a0195de4,data/raw/datasets/datasets/Notes/Quarter/q693.jpg,64,64,0.056640625
data/processed/images/whole_note/004993.png,whole_note,590d8bc3412d938087798639cb400d4f99581bcbdc258e41d65fe3aa70763f9d,data/raw/datasets/datasets/Notes/Whole/w998.jpg,64,64,0.046630859375
data/processed/images/eighth_note/000539.png,eighth_note,884492bceeb12b470afed3b180198d48d351af9b2b346b93bc361528b0141e84,data/raw/datasets/datasets/Notes/Eight/e584.jpg,64,64,0.2451171875
data/processed/images/half_note/001217.png,half_note,37f42f40f3224a6c44174c8d201d6732d54f617e4d98840cc82f314d70910ee2,data/raw/datasets/datasets/Notes/Half/h298.jpg,64,64,0.0263671875
data/processed/images/eighth_note/000522.png,eighth_note,743801f7bd46383f5d96415fd4f38882ab1228966f5107befaf3101da1c4fce6,data/raw/datasets/datasets/Notes/Eight/e569.jpg,64,64,0.05810546875
data/processed/images/half_note/001151.png,half_note,97d7d158002524d7cf38eb83792e8f738b07f84f5e89e21d02aec79c217ea029,data/raw/datasets/datasets/Notes/Half/h238.jpg,64,64,0.034912109375
data/processed/images/whole_note/004750.png,whole_note,4897b3e5b0d825f2582550e38bf388287e9a1370ce6e271d218de61cbb293229,data/raw/datasets/datasets/Notes/Whole/w779.jpg,64,64,0.360595703125
data/processed/images/eighth_note/000292.png,eighth_note,4d43ab1369ae19061a782a184fe73b8e294c0c3f84f2b2e3e2e9542ad5d844f4,data/raw/datasets/datasets/Notes/Eight/e361.jpg,64,64,0.04833984375
data/processed/images/quarter_note/002612.png,quarter_note,d41c2dd7d96fe8dc46f0e6d3fc5787e3aecc04b9b0b8a39275b7bcaac8790098,data/raw/datasets/datasets/Notes/Quarter/q653.jpg,64,64,0.081787109375
data/processed/images/whole_note/004006.png,whole_note,6147067ba437c3c13344d419909fa4ed73710ba1d396f29ac9027650733c8f64,data/raw/datasets/datasets/Notes/Whole/w108.jpg,64,64,0.197509765625
data/processed/images/quarter_note/002885.png,quarter_note,0f0f9505026eeb8a4a3d8f144183c9b57c5e9f3bc6054c07e441a18a875122db,data/raw/datasets/datasets/Notes/Quarter/q9.jpg,64,64,0.0634765625
data/processed/images/quarter_note/002159.png,quarter_note,97b548a78fec6726caf1accedfd20e688cf0ff18e606f373073ce4c938f7aeed,data/raw/datasets/datasets/Notes/Quarter/q245.jpg,64,64,0.022216796875
data/processed/images/whole_note/004026.png,whole_note,5c69983c4512d30a7aeeda55a2a86b31fa5a16f02755df7468c359d5c6280170,data/raw/datasets/datasets/Notes/Whole/w126.jpg,64,64,0.2236328125
data/processed/images/sixteenth_note/003135.png,sixteenth_note,e3b1126f093a6a462eec6ca969a7dd010e0b3b13e8b2a47ff0bf21b6c2ea1c9c,data/raw/datasets/datasets/Notes/Sixteenth/s223.jpg,64,64,0.132568359375
data/processed/images/whole_note/004912.png,whole_note,66c536277c64a5b71cabddf2799487199cf93633e0dd341a4c0f3ad534c56a26,data/raw/datasets/datasets/Notes/Whole/w924.jpg,64,64,0.170166015625
data/processed/images/eighth_note/000194.png,eighth_note,46d19ea8b1ac430b8429ebdcba4ed60050d01fe4905a2c024e82225dbca7da8b,data/raw/datasets/datasets/Notes/Eight/e273.jpg,64,64,0.054931640625
data/processed/images/half_note/001699.png,half_note,5fdeba47e8a7b016a2fc21c7278a654e9a04253b05e6ec55b3f1d5bf05a859d3,data/raw/datasets/datasets/Notes/Half/h731.jpg,64,64,0.02734375
data/processed/images/half_note/001153.png,half_note,d85a69afdefc4f91348b59d043349cc620f4ef456353d92e74a97b1a6e54833a,data/raw/datasets/datasets/Notes/Half/h24.jpg,64,64,0.0390625
data/processed/images/whole_note/004157.png,whole_note,a257da38020083b4ec7c67b3be01d58f8417d1ea2283fe0bf907d13e117ea6a8,data/raw/datasets/datasets/Notes/Whole/w244.jpg,64,64,0.09521484375
data/processed/images/sixteenth_note/003840.png,sixteenth_note,d80ac1e8840dfa8de045db861f9c1cebd5f617a5c3c3e5394e2451780f2145e2,data/raw/datasets/datasets/Notes/Sixteenth/s86.jpg,64,64,0.0947265625
data/processed/images/eighth_note/000803.png,eighth_note,6fc2bb2e58ad8521e22d527bdebed9b822eff6eebe47904ca8983cf3711c1265,data/raw/datasets/datasets/Notes/Eight/e825.jpg,64,64,0.057373046875
data/processed/images/eighth_note/000613.png,eighth_note,e2a0e4b55d2e5f9593ccd81792e019e35c0c680c72e82d3e865de7e1c9b78448,data/raw/datasets/datasets/Notes/Eight/e650.jpg,64,64,0.080322265625
data/processed/images/eighth_note/000759.png,eighth_note,d96476e1e42a43b940da6b10e0d56a2b0adec3fc980ebedec14b46c273971b30,data/raw/datasets/datasets/Notes/Eight/e786.jpg,64,64,0.260986328125
data/processed/images/whole_note/004387.png,whole_note,46ca7e005f869616a99f6e6af6f08b0536ca9e39430f02e6d616081cc570d8a5,data/raw/datasets/datasets/Notes/Whole/w451.jpg,64,64,0.058837890625
data/processed/images/half_note/001115.png,half_note,10034e8a9f4c84b2b4dfe5a78d2c803db50eeb6551ba6e5c8c2f4ddfc0a0e264,data/raw/datasets/datasets/Notes/Half/h205.jpg,64,64,0.057861328125
data/processed/images/half_note/001215.png,half_note,284bc428a5d8a8e26ccb7a2884e404816f210f53dbfe8f1e79846f962eb08b63,data/raw/datasets/datasets/Notes/Half/h296.jpg,64,64,0.043701171875
data/processed/images/quarter_note/002276.png,quarter_note,d89b30547047c88d1f6f66a2debff590e7ac0d980c4a8d46e005aa43b5a147f0,data/raw/datasets/datasets/Notes/Quarter/q350.jpg,64,64,0.03271484375
data/processed/images/quarter_note/002321.png,quarter_note,905fc3b69457f6c1eaa334b781a76b82c2549058661b0953990176d234c06ab9,data/raw/datasets/datasets/Notes/Quarter/q391.jpg,64,64,0.033935546875
data/processed/images/sixteenth_note/003226.png,sixteenth_note,8ffb6e13e91dbbdb4e2473f486f192fd1084678d19d8ec109ba9923b7e86ebe2,data/raw/datasets/datasets/Notes/Sixteenth/s305.jpg,64,64,0.16015625
data/processed/images/quarter_note/002266.png,quarter_note,054327254898a36981aa8d50ea43fa550c915413d55f2b9ac0a1bceb2f23448f,data/raw/datasets/datasets/Notes/Quarter/q341.jpg,64,64,0.06494140625
data/processed/images/sixteenth_note/003237.png,sixteenth_note,fd2edd7a0c49aa20733f0ff4eebd350d844731ba67a704a5372d5bc2d05a546d,data/raw/datasets/datasets/Notes/Sixteenth/s315.jpg,64,64,0.074462890625
data/processed/images/sixteenth_note/003822.png,sixteenth_note,f34a15c0d415fd908298cc47ef681d3c6f013eaddc0c14e65da376c8261e2dbb,data/raw/datasets/datasets/Notes/Sixteenth/s843.jpg,64,64,0.110107421875
data/processed/images/whole_note/004443.png,whole_note,ec182274a31b8ab3ecb2a4c87149222dfe522858bb541f9b67b3e51185db99d4,data/raw/datasets/datasets/Notes/Whole/w501.jpg,64,64,0.034423828125
data/processed/images/half_note/001318.png,half_note,fc37c6f360e53e8117cc5b5743c2fb576527b4931abd362ed07e0ac997adf8f3,data/raw/datasets/datasets/Notes/Half/h389.jpg,64,64,0.033203125
data/processed/images/half_note/001872.png,half_note,8e1074264e3d50f86dd4f14faee2078c880e7b419ba90dd2db201ea6bf79dc01,data/raw/datasets/datasets/Notes/Half/h888.jpg,64,64,0.028076171875
data/processed/images/half_note/001672.png,half_note,5886a342acfeea51d038a44429fbaa36089e3608b7be53f8a4bfa10302fbf3f0,data/raw/datasets/datasets/Notes/Half/h707.jpg,64,64,0.06640625
data/processed/images/sixteenth_note/003552.png,sixteenth_note,8aa7f58308b8572cab56daac2ca4f1c269b28d7c134e9c804cca09d0ed8badc6,data/raw/datasets/datasets/Notes/Sixteenth/s6.jpg,64,64,0.16015625
data/processed/images/eighth_note/000836.png,eighth_note,9f50d3984fa6a9a14ee612f1b0fd3672fb381374470cfba67b05dea170eb8e9c,data/raw/datasets/datasets/Notes/Eight/e855.jpg,64,64,0.116455078125
data/processed/images/whole_note/004383.png,whole_note,ee699d51ba77eb2cf58696130180532aacf495ab6dadb9c8315540301a53072e,data/raw/datasets/datasets/Notes/Whole/w448.jpg,64,64,0.053955078125
data/processed/images/quarter_note/002235.png,quarter_note,b0c94eaac79cab6e42da985c743e003c2612ea4e78e8121ad9cfa6eab1dfecf5,data/raw/datasets/datasets/Notes/Quarter/q313.jpg,64,64,0.10302734375
data/processed/images/quarter_note/002954.png,quarter_note,4c114fc6e784e62c0f70e2e23ae8f6d84b1d3bd650d2d8824dfeb4b218a4ac71,data/raw/datasets/datasets/Notes/Quarter/q961.jpg,64,64,0.060791015625
data/processed/images/sixteenth_note/003800.png,sixteenth_note,729b982a2c2ea762d29ad3a7286372981a73dc89fd76a31e8d91f96ec292c40c,data/raw/datasets/datasets/Notes/Sixteenth/s823.jpg,64,64,0.08447265625
data/processed/images/whole_note/004735.png,whole_note,d5944bff6a24857d5af90cad8858bf24693490d969ee3bf618a20e1d0a5da11c,data/raw/datasets/datasets/Notes/Whole/w765.jpg,64,64,0.16357421875
data/processed/images/quarter_note/002586.png,quarter_note,82731081fa380b5c05bf3f63aac73deb1423e8b118da3274355f3143101a8dca,data/raw/datasets/datasets/Notes/Quarter/q63.jpg,64,64,0.03125
data/processed/images/eighth_note/000807.png,eighth_note,fc7286386b682cdd69690f4bffe7a6efa2237a43b9c87545e3ffecb28d80a665,data/raw/datasets/datasets/Notes/Eight/e829.jpg,64,64,0.05224609375
data/processed/images/quarter_note/002068.png,quarter_note,5ac1c982ee7339504c943b8ce319b8be981793aa312202039619cafa8e8f1786,data/raw/datasets/datasets/Notes/Quarter/q163.jpg,64,64,0.032470703125
data/processed/images/whole_note/004172.png,whole_note,574443716c3003f1225b549822b484cfdfdef1007447f6f9a9e55baa7435c25a,data/raw/datasets/datasets/Notes/Whole/w258.jpg,64,64,0.083984375
data/processed/images/quarter_note/002249.png,quarter_note,19a63c26b83ff3bb0625946c19dcb4c12563653defec5443fefd3e1ccf3fde7d,data/raw/datasets/datasets/Notes/Quarter/q326.jpg,64,64,0.040771484375
data/processed/images/sixteenth_note/003027.png,sixteenth_note,13d4aa8d715df7ea5ac079983a7f0349a99f5a41c05fd293984377f8af38ddc4,data/raw/datasets/datasets/Notes/Sixteenth/s126.jpg,64,64,0.137939453125
data/processed/images/sixteenth_note/003645.png,sixteenth_note,761680051df6d464b8b663bd51187c6fff5995f37e7739bf1b9586589cc02628,data/raw/datasets/datasets/Notes/Sixteenth/s683.jpg,64,64,0.136962890625
data/processed/images/eighth_note/000945.png,eighth_note,5e3e71bfd178d8e65f53b1ac39442f2a7e9339810950048ab791f9dcd4a903c9,data/raw/datasets/datasets/Notes/Eight/e953.jpg,64,64,0.109375
data/processed/images/quarter_note/002874.png,quarter_note,3ca1562413ff11e5214c5b61c3e660afc10911977006cf94f7f2060fdafc8dd9,data/raw/datasets/datasets/Notes/Quarter/q89.jpg,64,64,0.197021484375
data/processed/images/half_note/001767.png,half_note,6d3b30399834b41ebdf920b24bdc27ae95f82bf635bc905cf4758cd491baa2d7,data/raw/datasets/datasets/Notes/Half/h793.jpg,64,64,0.114013671875
data/processed/images/whole_note/004839.png,whole_note,0a8e8855d45206a8434522ae2bf22d90c68eb09fb7ef91c61cb5e94080c6175b,data/raw/datasets/datasets/Notes/Whole/w859.jpg,64,64,0.213134765625
data/processed/images/eighth_note/000363.png,eighth_note,2b4de6b08dc20ef448e29510f48e7fcfb38b2bc74acd85348bdabc2a5ec87d5c,data/raw/datasets/datasets/Notes/Eight/e425.jpg,64,64,0.0517578125
data/processed/images/half_note/001723.png,half_note,28c106af30a7653f9719633dbdcb936ec46e29cab25955bd0600245c7444ddab,data/raw/datasets/datasets/Notes/Half/h753.jpg,64,64,0.031982421875
data/processed/images/half_note/001003.png,half_note,7c317034e0e12b4b1d8b5be91eaad4f955b61168a4582ecf5023868139ec9a10,data/raw/datasets/datasets/Notes/Half/h104.jpg,64,64,0.062744140625
data/processed/images/eighth_note/000380.png,eighth_note,eff088e388a7508ac20d7550f1c398c464be6fa8a41fdaeb89ddd8c200c56b24,data/raw/datasets/datasets/Notes/Eight/e440.jpg,64,64,0.115478515625
data/processed/images/quarter_note/002137.png,quarter_note,cc87514b675dbe5a258e1479247572a44c4469003e4195c03f75b889d557ab41,data/raw/datasets/datasets/Notes/Quarter/q225.jpg,64,64,0.02490234375
data/processed/images/quarter_note/002439.png,quarter_note,42514b7122574b97e558f73501d692bf758b97b13a5a44e3c5ea58b0e628161a,data/raw/datasets/datasets/Notes/Quarter/q498.jpg,64,64,0.0205078125
data/processed/images/whole_note/004968.png,whole_note,f8a7cf66c70d557fe87ca60a0451cae35c82b75ea22e3b9ac4857073501f8621,data/raw/datasets/datasets/Notes/Whole/w975.jpg,64,64,0.033447265625
data/processed/images/sixteenth_note/003389.png,sixteenth_note,0ace0cde6d15af65e85e8045b54fd7e45a1d8f3d3a93dbdedaa7d596d095ddc2,data/raw/datasets/datasets/Notes/Sixteenth/s452.jpg,64,64,0.05419921875
data/processed/images/sixteenth_note/003589.png,sixteenth_note,9994fe8e57ab5e280c6284d3f112bcb97a68b53d356a0edae5819597c1996086,data/raw/datasets/datasets/Notes/Sixteenth/s632.jpg,64,64,0.06103515625
data/processed/images/half_note/001058.png,half_note,46144dabf3b9735d46c096821791eaed672fab88d63c1aee23739a567b62ca14,data/raw/datasets/datasets/Notes/Half/h154.jpg,64,64,0.049072265625
data/processed/images/half_note/001765.png,half_note,12a37bb85c9c1e86881b8aa1a73cfa43ac3bfe1463589fda0369f72b06d8e135,data/raw/datasets/datasets/Notes/Half/h791.jpg,64,64,0.041259765625
data/processed/images/whole_note/004809.png,whole_note,23fb0177e2862f831820891dc0e9be5e96cf0a97b8f63eb6d1ca279bb496b695,data/raw/datasets/datasets/Notes/Whole/w831.jpg,64,64,0.11669921875
data/processed/images/quarter_note/002755.png,quarter_note,7268cc9abb614f9e07802fed16bcfdce44858d92fb615b9d94de4032498d6bee,data/raw/datasets/datasets/Notes/Quarter/q782.jpg,64,64,0.061767578125
data/processed/images/quarter_note/002861.png,quarter_note,d7ff9e05af318b4adf5d873cd6b08ef0e418c9003666f4e05ddeff8e5ff0c4e9,data/raw/datasets/datasets/Notes/Quarter/q878.jpg,64,64,0.050048828125
data/processed/images/eighth_note/000925.png,eighth_note,425bfc90fc32797c4342f62591b68a7fbf24d76e510f2a6afc9c3d8c13767668,data/raw/datasets/datasets/Notes/Eight/e935.jpg,64,64,0.088134765625
data/processed/images/sixteenth_note/003084.png,sixteenth_note,9277032bfc21b0906848c8951f30bbb11b859577985377ed67aab6aea48205ef,data/raw/datasets/datasets/Notes/Sixteenth/s178.jpg,64,64,0.089111328125
data/processed/images/sixteenth_note/003558.png,sixteenth_note,05ba3896101f3978961b35e417a52850f902f0a3e59557a5e1dcee93164f0712,data/raw/datasets/datasets/Notes/Sixteenth/s604.jpg,64,64,0.06982421875
data/processed/images/eighth_note/000263.png,eighth_note,743baa8936d5058ded28c7aecc9615cd03bced70aa5fe3f13b942c14d96aaffb,data/raw/datasets/datasets/Notes/Eight/e335.jpg,64,64,0.05810546875
data/processed/images/eighth_note/000146.png,eighth_note,373c67cf83af3b5a2ee44136a09750a09d140844752932fe41523a581df67d1c,data/raw/datasets/datasets/Notes/Eight/e23.jpg,64,64,0.0732421875
data/processed/images/quarter_note/002592.png,quarter_note,f697c2c7c6c6617c8657b906df92890c0ceaaad8448c3b0252a97f48e11035a8,data/raw/datasets/datasets/Notes/Quarter/q635.jpg,64,64,0.04736328125
data/processed/images/whole_note/004740.png,whole_note,f30470ee13a393acf0a2c566d0ca908fe6794242c08a17d36dcd45cf5e47d0bc,data/raw/datasets/datasets/Notes/Whole/w77.jpg,64,64,0.167724609375
data/processed/images/sixteenth_note/003363.png,sixteenth_note,bdd8aef22ea43c104a878e972571be23a93b0d2bec2c87462f928e31099f4c70,data/raw/datasets/datasets/Notes/Sixteenth/s429.jpg,64,64,0.0537109375
data/processed/images/eighth_note/000680.png,eighth_note,b4a22a36bfc1ac5b4362d2a53b4344a90c48af9ba93476adcb41c42c13f8936a,data/raw/datasets/datasets/Notes/Eight/e710.jpg,64,64,0.04443359375
data/processed/images/half_note/001713.png,half_note,63e996c73cfc644bf05e6289479174d42fe22660a24c37ad54609d24e78f34a5,data/raw/datasets/datasets/Notes/Half/h744.jpg,64,64,0.043701171875
data/processed/images/whole_note/004569.png,whole_note,91ae77c63725519f0a41cb09c23d6a37b8cabe2d440cd125d421ea4d13d3e8d9,data/raw/datasets/datasets/Notes/Whole/w615.jpg,64,64,0.1181640625
data/processed/images/half_note/001121.png,half_note,adb7b83b66517333f7dd2aa9e50ff54d5fa3a19c19366b3a9ae12a379b64ce08,data/raw/datasets/datasets/Notes/Half/h210.jpg,64,64,0.03466796875
data/processed/images/sixteenth_note/003580.png,sixteenth_note,9e358edd96792a4f0c3f1d0ad6e5b0d56d809460ad712c81a5878d6a9c1e634e,data/raw/datasets/datasets/Notes/Sixteenth/s624.jpg,64,64,0.067626953125
data/processed/images/whole_note/004401.png,whole_note,5c8a109e08d985ccf60f24e2d5461b9350633797621e1915f48f70490eaedb24,data/raw/datasets/datasets/Notes/Whole/w464.jpg,64,64,0.032958984375
data/processed/images/quarter_note/002089.png,quarter_note,5c987122624cdb5eff088fc978493a3a0a3ac245707e9efaf889966fac8d9cbe,data/raw/datasets/datasets/Notes/Quarter/q182.jpg,64,64,0.0341796875
data/processed/images/half_note/001087.png,half_note,cac6e6a198d279cbd244a640688742e409926accb9dee8415bf3f7dfcfaca157,data/raw/datasets/datasets/Notes/Half/h180.jpg,64,64,0.03564453125
data/processed/images/whole_note/004168.png,whole_note,a5c890f9a02ee0a8ad79dcda3b581ae39711e9ee42de57639c123783c59e969b,data/raw/datasets/datasets/Notes/Whole/w254.jpg,64,64,0.08740234375
data/processed/images/whole_note/004682.png,whole_note,00b22360fc803bdf2ec6834bf1ae88f0a9f62d94898a2c33bcb433947a4cbe2c,data/raw/datasets/datasets/Notes/Whole/w717.jpg,64,64,0.08984375
data/processed/images/quarter_note/002070.png,quarter_note,4751f0422d2466ec719ebbb976a0574c7f7c90550b798fa9f8d9cc39653b1013,data/raw/datasets/datasets/Notes/Quarter/q165.jpg,64,64,0.038818359375
data/processed/images/whole_note/004280.png,whole_note,7efd35672565036f96700c31e5593f0fc8676a48b69a6201fe653ad0a0c1d559,data/raw/datasets/datasets/Notes/Whole/w355.jpg,64,64,0.189453125
data/processed/images/quarter_note/002577.png,quarter_note,2440b3c70e0dbdf2840d7aa4682695ec484eed404d4f7b8679e80666cc3ef868,data/raw/datasets/datasets/Notes/Quarter/q621.jpg,64,64,0.05908203125
data/processed/images/sixteenth_note/003248.png,sixteenth_note,a0c9d7a5a5a1f4b72757f8a428732df43bdcfa6d8637fd53eaf065ba70f1bb6c,data/raw/datasets/datasets/Notes/Sixteenth/s325.jpg,64,64,0.16357421875
data/processed/images/whole_note/004713.png,whole_note,eb5ed2a8e795d7ff3cfeeae77f3ea9e817dd2adecc9567ed1d3016b87e74f97a,data/raw/datasets/datasets/Notes/Whole/w745.jpg,64,64,0.398681640625
data/processed/images/half_note/001052.png,half_note,d6d1f96c90d3e3a5fdc444002d31182a8ead4c2affc2cc2c810874d10cecdc1f,data/raw/datasets/datasets/Notes/Half/h149.jpg,64,64,0.048095703125
data/processed/images/whole_note/004505.png,whole_note,c3b39b293516d6bc83d06f597b82778484bd3597a73c4034c4e2d7f62e988913,data/raw/datasets/datasets/Notes/Whole/w558.jpg,64,64,0.0361328125
data/processed/images/sixteenth_note/003247.png,sixteenth_note,49dbe52d98abb0512d23a52c87f88725d8c4e40af32b078b0b1b387dc46606a4,data/raw/datasets/datasets/Notes/Sixteenth/s324.jpg,64,64,0.07275390625
data/processed/images/quarter_note/002931.png,quarter_note,55123c167ec12cc1abbacaeb12e376bf6d1ed247ab77f33774623645cd43ae45,data/raw/datasets/datasets/Notes/Quarter/q940.jpg,64,64,0.06591796875
data/processed/images/quarter_note/002884.png,quarter_note,b014fdfe666034e9e2a936e1e1d87d76cf67fefb55b78fc319dddf2d3e3a11c5,data/raw/datasets/datasets/Notes/Quarter/q899.jpg,64,64,0.0224609375
data/processed/images/half_note/001718.png,half_note,64fb205c5a09264908b15118e4cc50ab16d42becfe2e0b5767c1886c9a8393aa,data/raw/datasets/datasets/Notes/Half/h749.jpg,64,64,0.070556640625
data/processed/images/sixteenth_note/003836.png,sixteenth_note,d85a39ff7661b41a38355a084cea1a468271ab6a7bb63e5db2d65e299d1cec82,data/raw/datasets/datasets/Notes/Sixteenth/s856.jpg,64,64,0.205322265625
data/processed/images/eighth_note/000774.png,eighth_note,3d39850d57bef538452fb16fcd86b2fc10beb6259277b554f2c1afbf3dc9a558,data/raw/datasets/datasets/Notes/Eight/e8.jpg,64,64,0.070556640625
data/processed/images/quarter_note/002012.png,quarter_note,b6268d038842f03d3b1a866fe95bf3e60bfbad083fa3a81e8c74c109e14a8847,data/raw/datasets/datasets/Notes/Quarter/q112.jpg,64,64,0.0888671875
data/processed/images/half_note/001529.png,half_note,1af5e7c83f070e6676ccb18a1b9d1b77fed5081fa9793dea5c136d6c11e992b5,data/raw/datasets/datasets/Notes/Half/h579.jpg,64,64,0.060546875
data/processed/images/whole_note/004972.png,whole_note,7b7ffe9f7e63907fa6199637cf2b473202dbc61b87f9ec421451d260ef3df4b2,data/raw/datasets/datasets/Notes/Whole/w979.jpg,64,64,0.05615234375
data/processed/images/half_note/001198.png,half_note,d113c7e5a90b254d6f00c0747b0b27b9a0d53dad26d58b6c695a3668cc289cdf,data/raw/datasets/datasets/Notes/Half/h280.jpg,64,64,0.04931640625
data/processed/images/sixteenth_note/003993.png,sixteenth_note,d1045fb353c4b0db67590baab7f67fd8b2db114eba53765ad3e5c4a81c7554d7,data/raw/datasets/datasets/Notes/Sixteenth/s998.jpg,64,64,0.163330078125
data/processed/images/quarter_note/002761.png,quarter_note,cf5a83da76a350ca2e16cbd01b4793118a5ca0f77ffb826d3c8343914b1803b5,data/raw/datasets/datasets/Notes/Quarter/q788.jpg,64,64,0.02490234375
data/processed/images/quarter_note/002096.png,quarter_note,8429a075dd1f7e4358f0813bb0889f60144ca4365c82fda71a23c4e757fa9c1e,data/raw/datasets/datasets/Notes/Quarter/q189.jpg,64,64,0.06787109375
data/processed/images/eighth_note/000734.png,eighth_note,1c79d72dfc511dfba967030bd789dd224c69d22e228f7d925f1fe1e80e0e9b1f,data/raw/datasets/datasets/Notes/Eight/e761.jpg,64,64,0.11328125
data/processed/images/whole_note/004053.png,whole_note,b1f66d8d213c3bbe58c5d974c77b60adde1624378995e5a8ecc9c407079afcf7,data/raw/datasets/datasets/Notes/Whole/w150.jpg,64,64,0.161376953125
data/processed/images/half_note/001534.png,half_note,9cec765d0f40bb62ef3251fafef833844c439ba1dff7e07f16d68bd3b7057019,data/raw/datasets/datasets/Notes/Half/h583.jpg,64,64,0.0400390625
data/processed/images/half_note/001725.png,half_note,72f6e0c6fd1d046e7fae18029d25108f91a23839d8c72c661164912061b657ff,data/raw/datasets/datasets/Notes/Half/h755.jpg,64,64,0.031982421875
data/processed/images/quarter_note/002613.png,quarter_note,6bae95d1847e8e79088cb0808d692e61228d2809914026232d72d978252cf838,data/raw/datasets/datasets/Notes/Quarter/q654.jpg,64,64,0.07568359375
data/processed/images/whole_note/004329.png,whole_note,012c4dfe4dc15c1b2634c5551dbb9cc21d08951ad15d6dd919361c20f1f4ed72,data/raw/datasets/datasets/Notes/Whole/w4.jpg,64,64,0.19384765625
data/processed/images/half_note/001011.png,half_note,544b26782b835a9f38cd93c515da0ec99caff8c35267279f0812013e07f16d0f,data/raw/datasets/datasets/Notes/Half/h111.jpg,64,64,0.025146484375
data/processed/images/quarter_note/002066.png,quarter_note,cba3ce7f20d9cb0e8d209f8da5de7a08066fb5bb3c463ebb374cba34b62c04eb,data/raw/datasets/datasets/Notes/Quarter/q161.jpg,64,64,0.08056640625
data/processed/images/sixteenth_note/003699.png,sixteenth_note,eed2f0d324ee2e92d35ab0361e66001e3b8bd8ab8cb9bc1d95538a2ab702b3d6,data/raw/datasets/datasets/Notes/Sixteenth/s732.jpg,64,64,0.041259765625
data/processed/images/half_note/001171.png,half_note,0e0b7a4472e5220ac923ce1cf1b416e3375e531ffcd51df11bd5041d04bdaae9,data/raw/datasets/datasets/Notes/Half/h256.jpg,64,64,0.056396484375
data/processed/images/sixteenth_note/003172.png,sixteenth_note,86f65c70b83a3dbfc0ae6b2a99ce1a067104acd2bb94f8b097cb3f386c9ffe85,data/raw/datasets/datasets/Notes/Sixteenth/s257.jpg,64,64,0.079833984375
data/processed/images/half_note/001204.png,half_note,fcd2f55c3d505f8f5e749e7ef91c972d417d66c168ed625ca603cf342584c201,data/raw/datasets/datasets/Notes/Half/h286.jpg,64,64,0.04052734375
data/processed/images/quarter_note/002115.png,quarter_note,dd2b86aead305a09037c0abcf57b78ffe5cc27f86e4325d3c3f0915a46768d6c,data/raw/datasets/datasets/Notes/Quarter/q205.jpg,64,64,0.111328125
data/processed/images/eighth_note/000306.png,eighth_note,d73b29e725efd745039413992d83ef9e59c749c4e0052d61c1f59fa5b8e50027,data/raw/datasets/datasets/Notes/Eight/e374.jpg,64,64,0.0830078125
data/processed/images/quarter_note/002836.png,quarter_note,92d8cbdc950f84e747cb95d9dd08f1c8decfc44845ad1f593903ecc21261f31e,data/raw/datasets/datasets/Notes/Quarter/q855.jpg,64,64,0.04248046875
data/processed/images/eighth_note/000428.png,eighth_note,0f956d55e9d813939fb2c4e72da8d3091e181ed126e111cb816b586a90e7ad0d,data/raw/datasets/datasets/Notes/Eight/e484.jpg,64,64,0.052001953125
data/processed/images/half_note/001753.png,half_note,a5728454de5fed9deeb6531ba56836e3f52fdd05cb74bed413ef1bbaac0a5c7f,data/raw/datasets/datasets/Notes/Half/h780.jpg,64,64,0.064453125
data/processed/images/whole_note/004195.png,whole_note,2c1d8632ef23f2fa26f414e5814f27fe95acd85f460541c14fd8f473675b2726,data/raw/datasets/datasets/Notes/Whole/w279.jpg,64,64,0.06396484375
data/processed/images/quarter_note/002966.png,quarter_note,0974a34355c4381129f9f2550c26202c8cfe434f9b6a06c4d878c3ced5a670f8,data/raw/datasets/datasets/Notes/Quarter/q972.jpg,64,64,0.12255859375
data/processed/images/whole_note/004980.png,whole_note,6a861e05e7111b9c24d9199a2488fca58d77d54421fc00bcd5f9e708c4217dc6,data/raw/datasets/datasets/Notes/Whole/w986.jpg,64,64,0.044921875
data/processed/images/sixteenth_note/003054.png,sixteenth_note,e97e95c49c8b71f4c2d5b8e49431e50162fe46779180027d65305fbdfa390c59,data/raw/datasets/datasets/Notes/Sixteenth/s150.jpg,64,64,0.037841796875
data/processed/images/sixteenth_note/003285.png,sixteenth_note,157345f01e61692839293858d7381840775263d7d63fca1e0cbd64fb64f63c33,data/raw/datasets/datasets/Notes/Sixteenth/s359.jpg,64,64,0.08203125
data/processed/images/whole_note/004176.png,whole_note,179f468d8869302262b3ea6dcd7f7875b266cbe454633eb43eb29589345db04d,data/raw/datasets/datasets/Notes/Whole/w261.jpg,64,64,0.036376953125
data/processed/images/quarter_note/002407.png,quarter_note,e13d48dc7181bce28ce8697da2bbca453edfb2643089acb515721d83530aa036,data/raw/datasets/datasets/Notes/Quarter/q469.jpg,64,64,0.05712890625
data/processed/images/whole_note/004368.png,whole_note,a2ada1a1fd37a3c1885a21825b8ce21c7926918516b0dda22efe7e7f72111fe4,data/raw/datasets/datasets/Notes/Whole/w434.jpg,64,64,0.070068359375
data/processed/images/half_note/001157.png,half_note,5f56e50e9c700e8d277b8ed46c2e3824550bd2e7b0c20bf799fa37161d845aa0,data/raw/datasets/datasets/Notes/Half/h243.jpg,64,64,0.0908203125
data/processed/images/quarter_note/002526.png,quarter_note,27005b67e84d5529493cac486c52a68e66e3d9cf9a73e6b342aec6f1c78d24bd,data/raw/datasets/datasets/Notes/Quarter/q576.jpg,64,64,0.06103515625
data/processed/images/quarter_note/002107.png,quarter_note,c0e51d9d4fce54122765213ce992c11fabd62659e89c971881795c2d48c83d9b,data/raw/datasets/datasets/Notes/Quarter/q199.jpg,64,64,0.05615234375
data/processed/images/half_note/001110.png,half_note,4f52f8029bcc69b765ae72e8cba0730727b1745f4332e5335c399815b1c1cf84,data/raw/datasets/datasets/Notes/Half/h200.jpg,64,64,0.0380859375
data/processed/images/quarter_note/002467.png,quarter_note,00b5d48a3437ac913eae7e24d5fce5674cc07a3fdb85b7a2398939ff397fec47,data/raw/datasets/datasets/Notes/Quarter/q522.jpg,64,64,0.064453125
data/processed/images/sixteenth_note/003329.png,sixteenth_note,426c0c728f60067bfa20eb7e3bfde207b56f2c42c6f77c483af2b2d05edbdcb2,data/raw/datasets/datasets/Notes/Sixteenth/s399.jpg,64,64,0.088623046875
data/processed/images/quarter_note/002514.png,quarter_note,64115c5f4c2b9e21f6aa0273c8c7dfca737d59360112ec8a958ea98ae6794eee,data/raw/datasets/datasets/Notes/Quarter/q565.jpg,64,64,0.095703125
data/processed/images/whole_note/004564.png,whole_note,3ec66a97388de2b15a2e44dd6314a274138b47947fe0bb9b222bbc4525257c08,data/raw/datasets/datasets/Notes/Whole/w610.jpg,64,64,0.063720703125
data/processed/images/quarter_note/002569.png,quarter_note,e068cc9f9ae7eed186aaba9ed500eca2076c9dee33820aee5c52309179398bd9,data/raw/datasets/datasets/Notes/Quarter/q614.jpg,64,64,0.03466796875
data/processed/images/half_note/001817.png,half_note,c219c783ae700f843ba7b000f4784da91372b1c66a8e6b50fee374119714ca70,data/raw/datasets/datasets/Notes/Half/h838.jpg,64,64,0.045654296875
data/processed/images/quarter_note/002558.png,quarter_note,b71129c31e138d5f23bdbbb5bc5995985bf6e5dc681f9bf8dae96fd6033aff8c,data/raw/datasets/datasets/Notes/Quarter/q604.jpg,64,64,0.039306640625
data/processed/images/quarter_note/002559.png,quarter_note,d801b1ec0f4d32dcf184cf69ad0ba3d7527b4539b772f4ae751e71d76034a588,data/raw/datasets/datasets/Notes/Quarter/q605.jpg,64,64,0.04443359375
data/processed/images/sixteenth_note/003489.png,sixteenth_note,bf386e41eb5063db4288c7401e9ab2c1765e8a994ccf7683ed636a53aaac419d,data/raw/datasets/datasets/Notes/Sixteenth/s542.jpg,64,64,0.1123046875
data/processed/images/whole_note/004927.png,whole_note,4481f1d7c86214ef26fbbf12bdd7522e236814882ff1d3eb62289fbf28496b48,data/raw/datasets/datasets/Notes/Whole/w938.jpg,64,64,0.0390625
data/processed/images/quarter_note/002507.png,quarter_note,6cdea8fa415f0d73363d382319a7bfd381d19a45e6cc362f8676cce7d0ebaec2,data/raw/datasets/datasets/Notes/Quarter/q559.jpg,64,64,0.082763671875
data/processed/images/sixteenth_note/003579.png,sixteenth_note,fcee9f93c84d9e1ea24fa9014e919f4eaca30039eb04f95fc1df971f5f23b0e6,data/raw/datasets/datasets/Notes/Sixteenth/s623.jpg,64,64,0.14501953125
data/processed/images/half_note/001279.png,half_note,263f5a70deef8cbcbece119c1eb34af4e1b3aec89f4316823332e8cbc1c51bdc,data/raw/datasets/datasets/Notes/Half/h353.jpg,64,64,0.06884765625
data/processed/images/eighth_note/000046.png,eighth_note,f632b0c76cd2689de2a4b6fc1b78513fba06274beaf01bab5cec0d4fb7b4eaa2,data/raw/datasets/datasets/Notes/Eight/e14.jpg,64,64,0.0751953125
data/processed/images/eighth_note/000778.png,eighth_note,fb8bb52b0c60075a906f132e8375e6d2259098e8768ef2fc7ffba4e5461a2449,data/raw/datasets/datasets/Notes/Eight/e802.jpg,64,64,0.049072265625
data/processed/images/eighth_note/000569.png,eighth_note,c9fb161b1061f5d91fe793a61640a13c07450eac2357e8dd9b245cf93f1a5c03,data/raw/datasets/datasets/Notes/Eight/e610.jpg,64,64,0.090576171875
data/processed/images/quarter_note/002118.png,quarter_note,dfc84119d355c00c4e84e3da67c0943f9d86db13e7ab65259f9b2b3cefb73b80,data/raw/datasets/datasets/Notes/Quarter/q208.jpg,64,64,0.036865234375
data/processed/images/whole_note/004948.png,whole_note,7e56e035749dbda5b74c3ae73988b979933e0ad7ac6ef251e2d852971a9b0b0b,data/raw/datasets/datasets/Notes/Whole/w957.jpg,64,64,0.036865234375
data/processed/images/eighth_note/000350.png,eighth_note,693e1fe5a8fe82b36fb0e34df8f57cb3f15abd59353e1f2286f695dd48cddc68,data/raw/datasets/datasets/Notes/Eight/e413.jpg,64,64,0.086669921875
data/processed/images/eighth_note/000125.png,eighth_note,fd9f0344e6ae79e41810ee33b1156367461bd1c945e37f829e9193890d2105a2,data/raw/datasets/datasets/Notes/Eight/e210.jpg,64,64,0.106201171875
data/processed/images/whole_note/004572.png,whole_note,75f965deabb4aad93f4668ee95b5196b56568d282f4405dd0fff383d1520d250,data/raw/datasets/datasets/Notes/Whole/w618.jpg,64,64,0.116943359375
data/processed/images/whole_note/004952.png,whole_note,a8ae188fdabcf6cff0f70e87de75f4feeb3f1386a1e799ba5a438cd292c7befa,data/raw/datasets/datasets/Notes/Whole/w960.jpg,64,64,0.025634765625
data/processed/images/eighth_note/000245.png,eighth_note,279dbaa0bdee2ee3db5991e0fdc4ef6e007590fe825a88a88838fd1b73066d9e,data/raw/datasets/datasets/Notes/Eight/e319.jpg,64,64,0.078857421875
data/processed/images/half_note/001979.png,half_note,f451f1d1d4b1532f67f4e527ef30999dc473b84c24799dcb1a5d574803e25f62,data/raw/datasets/datasets/Notes/Half/h984.jpg,64,64,0.069580078125
data/processed/images/eighth_note/000713.png,eighth_note,7a49cc4c0bddd2776ec1173b25f59d704f0a79b5980502d595fb2fd9201791bd,data/raw/datasets/datasets/Notes/Eight/e742.jpg,64,64,0.092529296875
data/processed/images/eighth_note/000538.png,eighth_note,a9ea9ea27f302aebc261f7c7fc154c1b5b3b47c0e23130f24dec4c8822366ffd,data/raw/datasets/datasets/Notes/Eight/e583.jpg,64,64,0.11083984375
data/processed/images/quarter_note/002038.png,quarter_note,ac39532d00fa8a2f947b3c884da33092a9435f58aa1b709dc1b91eed19740a65,data/raw/datasets/datasets/Notes/Quarter/q136.jpg,64,64,0.09033203125
data/processed/images/sixteenth_note/003425.png,sixteenth_note,ced39f3a0d6bb1e77429a61bb4249f63758657efc97a914b0edbfadabb75f1ab,data/raw/datasets/datasets/Notes/Sixteenth/s485.jpg,64,64,0.05126953125
data/processed/images/sixteenth_note/003691.png,sixteenth_note,41bf65f625ca571d3c02af04e83bc8ff23e9cb49c1e69abe5a2e11be2420881e,data/raw/datasets/datasets/Notes/Sixteenth/s725.jpg,64,64,0.100830078125
data/processed/images/half_note/001832.png,half_note,372049604a2cdcb680acda52bee9799fe896059b49b4edfed2248b3018a41b81,data/raw/datasets/datasets/Notes/Half/h851.jpg,64,64,0.049072265625
data/processed/images/sixteenth_note/003375.png,sixteenth_note,b0e4d425b5ecd0c0a8dfd9be4c6a33673a04c7fa0cf66d1d3aaf4f3748d23d9b,data/raw/datasets/datasets/Notes/Sixteenth/s44.jpg,64,64,0.136474609375
data/processed/images/quarter_note/002521.png,quarter_note,a00578a67e77b0e1ddb5ceff8c34233a93ca1255226935629d8f34866a1319ee,data/raw/datasets/datasets/Notes/Quarter/q571.jpg,64,64,0.07763671875
data/processed/images/whole_note/004468.png,whole_note,efbfc87b8398dfa9b977b813ed12b8086c6832afeca6df103a7333fc53961610,data/raw/datasets/datasets/Notes/Whole/w524.jpg,64,64,0.056396484375
data/processed/images/half_note/001631.png,half_note,9019a4fcc9f852d3ef8709dbc3efcec88ec969cfd9e773c12910c598d37f80d2,data/raw/datasets/datasets/Notes/Half/h670.jpg,64,64,0.09130859375
data/processed/images/half_note/001480.png,half_note,a7ff4308ea06764dcc5acdda417d35bb97583724a830dd695a50b74fc75e9719,data/raw/datasets/datasets/Notes/Half/h534.jpg,64,64,0.064453125
data/processed/images/sixteenth_note/003807.png,sixteenth_note,c5a9d550f9445368289951e057301a047cec4bbef364e65a89d1038623234c04,data/raw/datasets/datasets/Notes/Sixteenth/s83.jpg,64,64,0.214599609375
data/processed/images/half_note/001342.png,half_note,92aa18a9cc2ef6dbb65074014054da70fde241c106d947cc9009698ea7f256a1,data/raw/datasets/datasets/Notes/Half/h41.jpg,64,64,0.097900390625
data/processed/images/quarter_note/002254.png,quarter_note,3c7be5db906ca9d37267685236b62fe5fb8f793910852f5cc8c43258495accbf,data/raw/datasets/datasets/Notes/Quarter/q330.jpg,64,64,0.1083984375
data/processed/images/sixteenth_note/003370.png,sixteenth_note,7423269f75d54dc265e1f7a66a5be774b6f1e963dd48ec93c264f192fc9de3bd,data/raw/datasets/datasets/Notes/Sixteenth/s435.jpg,64,64,0.144775390625
data/processed/images/whole_note/004257.png,whole_note,d2dc46581969485e75ce7079c2aec585f4e9b9a2ea6be8a36ef9f36592e39d5b,data/raw/datasets/datasets/Notes/Whole/w334.jpg,64,64,0.121826171875
data/processed/images/half_note/001398.png,half_note,3ec7d415799d7eaa2b884622b35505812a89c571a7b7387d858dca85d31d9b73,data/raw/datasets/datasets/Notes/Half/h460.jpg,64,64,0.072265625
data/processed/images/eighth_note/000694.png,eighth_note,0e4e65fdc0960a6f857facdb7ce821267621fc7641c8392c0f045b6a63c9345a,data/raw/datasets/datasets/Notes/Eight/e723.jpg,64,64,0.137939453125
data/processed/images/eighth_note/000368.png,eighth_note,0946341826693e4ce2613984b64276c61fb98792250ed1fa129b1b14e2607a01,data/raw/datasets/datasets/Notes/Eight/e43.jpg,64,64,0.046630859375
data/processed/images/whole_note/004555.png,whole_note,f55b18d8ffa815000e84b88d4be2565e8212989065d8e28312c8bc453ebdf549,data/raw/datasets/datasets/Notes/Whole/w602.jpg,64,64,0.110107421875
data/processed/images/whole_note/004372.png,whole_note,1aa70cf31d6b4fac61b3c7fcebd40abdcdd206292ba35f385ce337bf40d61693,data/raw/datasets/datasets/Notes/Whole/w438.jpg,64,64,0.03173828125
data/processed/images/whole_note/004335.png,whole_note,358c101b6b3bc93fedf151343ec6339888ca8ea84f6e4e63cf722bc3a6c387c9,data/raw/datasets/datasets/Notes/Whole/w404.jpg,64,64,0.03662109375
data/processed/images/whole_note/004405.png,whole_note,e1a6dfcd24511b405bb6340b672297e278d4582ebfd2e8407dbd556e7bf13d53,data/raw/datasets/datasets/Notes/Whole/w468.jpg,64,64,0.030029296875
data/processed/images/half_note/001605.png,half_note,dc33079f043d2402c330715398cf5ebde96a158d78fa2984fe65f16bae8558e3,data/raw/datasets/datasets/Notes/Half/h647.jpg,64,64,0.05322265625
data/processed/images/sixteenth_note/003203.png,sixteenth_note,66aa5afa73647939152640f80ac492a31c755c2f997b454149e07add4e054552,data/raw/datasets/datasets/Notes/Sixteenth/s285.jpg,64,64,0.055419921875
data/processed/images/quarter_note/002841.png,quarter_note,172806e593c17c8d4ecf160ac15f3f8b94103b1fc1fecefdefa062cba102b406,data/raw/datasets/datasets/Notes/Quarter/q86.jpg,64,64,0.07275390625
data/processed/images/sixteenth_note/003446.png,sixteenth_note,60672150401a61db3722eb110e27d27d615c4ecfd5d7d7e4f590fee1bdb239e9,data/raw/datasets/datasets/Notes/Sixteenth/s503.jpg,64,64,0.100341796875
data/processed/images/quarter_note/002171.png,quarter_note,9b859c47fbf21a4bbfc618b7856d19553081785c45733ffe11ff7e563cb09391,data/raw/datasets/datasets/Notes/Quarter/q256.jpg,64,64,0.027587890625
data/processed/images/whole_note/004862.png,whole_note,496298720ad6d638ee65add08f8f0e6ba19e5c5f902d26f67eaf2b357aa83e17,data/raw/datasets/datasets/Notes/Whole/w88.jpg,64,64,0.1650390625
data/processed/images/whole_note/004860.png,whole_note,2beb11e8848340c1c2d356453e91852667fb95d85005eb7402b580bc72f0fbb4,data/raw/datasets/datasets/Notes/Whole/w878.jpg,64,64,0.053466796875
data/processed/images/quarter_note/002622.png,quarter_note,0c503e16a8dde0cb3479e64a8f2282ba480eddb9a88bce59e094efe0450db2a8,data/raw/datasets/datasets/Notes/Quarter/q662.jpg,64,64,0.0361328125
data/processed/images/whole_note/004951.png,whole_note,e44beb131197bf491b1ffea0108cbaae23579437ee95f9c48ccc1cb630afee14,data/raw/datasets/datasets/Notes/Whole/w96.jpg,64,64,0.14794921875
data/processed/images/whole_note/004759.png,whole_note,d14c88646d76853d85ee5456a437c048b8e93aeb548c26543c2d8a08416804b4,data/raw/datasets/datasets/Notes/Whole/w787.jpg,64,64,0.2685546875
data/processed/images/quarter_note/002208.png,quarter_note,23e948d1ee3e4bb507c8c8b1352436a81799d2cf8c0c974d7eb5828d4823bb75,data/raw/datasets/datasets/Notes/Quarter/q29.jpg,64,64,0.086181640625
data/processed/images/quarter_note/002793.png,quarter_note,75c8e38d293f41759c29084f4f0da4ee1e87e5656c881ae85efa06303a7559a6,data/raw/datasets/datasets/Notes/Quarter/q816.jpg,64,64,0.04443359375
data/processed/images/whole_note/004127.png,whole_note,ce357d65f8e53333b549bf452ac5d50b63188dc90a1eddde728b847f614c43ac,data/raw/datasets/datasets/Notes/Whole/w217.jpg,64,64,0.084716796875
data/processed/images/half_note/001023.png,half_note,fc2e29d92cb63f6ac00135fba8bbc43d4da97672248e83a3c4e61c1a6b2e9616,data/raw/datasets/datasets/Notes/Half/h122.jpg,64,64,0.071044921875
data/processed/images/whole_note/004050.png,whole_note,089fa462dc76a865050878f2d1cfe56b7c7caec00f49da32b3320429578890c5,data/raw/datasets/datasets/Notes/Whole/w148.jpg,64,64,0.10791015625
data/processed/images/whole_note/004545.png,whole_note,55b694f14190cab4d9943d51ec86e3442b0de74c06002b1b506999879e83bcb6,data/raw/datasets/datasets/Notes/Whole/w594.jpg,64,64,0.0458984375
data/processed/images/whole_note/004269.png,whole_note,d5e7584a72bdaec4f831c1d0d9dab1c4f33f994a580dc8153a274d462d358e0e,data/raw/datasets/datasets/Notes/Whole/w345.jpg,64,64,0.163330078125
data/processed/images/sixteenth_note/003479.png,sixteenth_note,afda4d00ef0299cc8c38a9c55330be8a4036cc97520693187ca264cc7d3e5678,data/raw/datasets/datasets/Notes/Sixteenth/s533.jpg,64,64,0.14453125
data/processed/images/whole_note/004413.png,whole_note,ee8e70794188d2bb9dcc9d06f67a99f225ee013a2f2fa770360161bf61ad9d3e,data/raw/datasets/datasets/Notes/Whole/w475.jpg,64,64,0.0205078125
data/processed/images/whole_note/004022.png,whole_note,b6bbfd5058aadc1d9e0fcc1c576d6c882226c84e326cd5780badef5fcc288b89,data/raw/datasets/datasets/Notes/Whole/w122.jpg,64,64,0.11376953125
data/processed/images/sixteenth_note/003335.png,sixteenth_note,e4a50b0d62331332185d308ecfa91f7d0729684e34324c972a35d21be6e04213,data/raw/datasets/datasets/Notes/Sixteenth/s403.jpg,64,64,0.0810546875
data/processed/images/sixteenth_note/003334.png,sixteenth_note,40298d29d5d64a661ed0a30adcdf42bfee7d49602aeff03e05c321271078b6a1,data/raw/datasets/datasets/Notes/Sixteenth/s402.jpg,64,64,0.04296875
data/processed/images/sixteenth_note/003886.png,sixteenth_note,b1ad2a63899e8ac8b9cf1fa6a894303f32402994073ab23b51909b60db59cdba,data/raw/datasets/datasets/Notes/Sixteenth/s900.jpg,64,64,0.048095703125
data/processed/images/quarter_note/002210.png,quarter_note,29a099e372d7d80d42c250bbf0306149240669c07c84a6f069d392a1bf173344,data/raw/datasets/datasets/Notes/Quarter/q291.jpg,64,64,0.03759765625
data/processed/images/half_note/001612.png,half_note,55e64f95163fed38ae42ef23a9d84290c63149cf31a5e64339a4da50391d3fd0,data/raw/datasets/datasets/Notes/Half/h653.jpg,64,64,0.0849609375
data/processed/images/quarter_note/002434.png,quarter_note,e77162356c6d6c7d247a91d7e468b026f09e6f611b83d4c380dec4c319942a7c,data/raw/datasets/datasets/Notes/Quarter/q493.jpg,64,64,0.041259765625
data/processed/images/eighth_note/000601.png,eighth_note,c5c15213d300671d147f82f05455974736dd8289ecfe4befc1279e13c2d8e319,data/raw/datasets/datasets/Notes/Eight/e64.jpg,64,64,0.125244140625
data/processed/images/eighth_note/000576.png,eighth_note,b98b6ea61e30ea3448c72807ead1f0cb5be1d6057cb03441f4d4447df7eb91bf,data/raw/datasets/datasets/Notes/Eight/e617.jpg,64,64,0.124267578125
data/processed/images/half_note/001849.png,half_note,63d3cb7b0a3e6ed484a070b9b518533e3843eed6f3c34aa6fb84e8562c6c20f4,data/raw/datasets/datasets/Notes/Half/h867.jpg,64,64,0.029541015625
data/processed/images/whole_note/004702.png,whole_note,e4310e69543129f8d77eb3ef3cbb820a27d3623e32ff088ab5c4b7ce7a1d71ea,data/raw/datasets/datasets/Notes/Whole/w735.jpg,64,64,0.22314453125
data/processed/images/eighth_note/000317.png,eighth_note,e915e73090d9df9496646c1df8ec6d681143b3234262c514a2161a4bb7b70b5b,data/raw/datasets/datasets/Notes/Eight/e384.jpg,64,64,0.078857421875
data/processed/images/whole_note/004291.png,whole_note,b91cecf097efd3f3703c6569e80ef27806ed93f1cbcd713963ac8bede50c19a3,data/raw/datasets/datasets/Notes/Whole/w365.jpg,64,64,0.087158203125
data/processed/images/quarter_note/002200.png,quarter_note,77d8ddea29dd2395885296a9e7ce8158e46adc5e4542386bfa6fd46f44e0d581,data/raw/datasets/datasets/Notes/Quarter/q282.jpg,64,64,0.0322265625
data/processed/images/sixteenth_note/003605.png,sixteenth_note,8824027df2b4f4f0439bc5376abd71352c1d7bba4e47e8d4c2f9e09501f26659,data/raw/datasets/datasets/Notes/Sixteenth/s647.jpg,64,64,0.12255859375
data/processed/images/half_note/001525.png,half_note,9bfcec2603820e28cf5f0994a1407fa57884fcae7baf8b0c9655869c96fe1a61,data/raw/datasets/datasets/Notes/Half/h575.jpg,64,64,0.05712890625
data/processed/images/half_note/001280.png,half_note,65e8cc8dc4d077de39673d0c58082da107bdea657bb4c13cc2c68fec01238315,data/raw/datasets/datasets/Notes/Half/h354.jpg,64,64,0.027587890625
data/processed/images/quarter_note/002834.png,quarter_note,e611e17758c902e78c51b392ea10d54641b33fa71d02406251f285b7e8734fcf,data/raw/datasets/datasets/Notes/Quarter/q853.jpg,64,64,0.058837890625
data/processed/images/whole_note/004909.png,whole_note,71be4e8883dc3d640089976e917f05befe252cc9f7944e3fefebb502e8b0c228,data/raw/datasets/datasets/Notes/Whole/w921.jpg,64,64,0.1298828125
data/processed/images/whole_note/004646.png,whole_note,a89c0516a5c2fcb9492e636261b4d2a60517be0f02292cea8c73b72d9525b94d,data/raw/datasets/datasets/Notes/Whole/w685.jpg,64,64,0.08740234375
data/processed/images/whole_note/004479.png,whole_note,e2c1c8b7d4d840c763b7515b3203f7f7458f799bb1796d11dde1c5721b56e897,data/raw/datasets/datasets/Notes/Whole/w534.jpg,64,64,0.042724609375
data/processed/images/half_note/001179.png,half_note,6befc5a43b7888895a25196aa592c42591dd7fafd428b6e6416e3ed3f3ac8646,data/raw/datasets/datasets/Notes/Half/h263.jpg,64,64,0.053466796875
data/processed/images/eighth_note/000174.png,eighth_note,02f45869a76cb2e08e66cc169dd7f88051ea947ba0ad2037c4925384d9556aeb,data/raw/datasets/datasets/Notes/Eight/e255.jpg,64,64,0.04736328125
data/processed/images/whole_note/004737.png,whole_note,7f561eea42f8edb493d83e888b62309b00248299d00548510c57b22ea218d5b2,data/raw/datasets/datasets/Notes/Whole/w767.jpg,64,64,0.335205078125
data/processed/images/half_note/001556.png,half_note,7d3fb38add90895008b0c3d635ee15611c07e89469f1ab1844b4d1257546288f,data/raw/datasets/datasets/Notes/Half/h602.jpg,64,64,0.023681640625
data/processed/images/quarter_note/002430.png,quarter_note,cef9cf22482bb52d524a29a081e999a70fcc2026ee6a76a16f5576040701ca23,data/raw/datasets/datasets/Notes/Quarter/q49.jpg,64,64,0.04052734375
data/processed/images/quarter_note/002648.png,quarter_note,7149539fa22cf56e9d5d732f1dc403ebe07148545d24c292dfa0342fe6d17c4b,data/raw/datasets/datasets/Notes/Quarter/q686.jpg,64,64,0.094482421875
data/processed/images/half_note/001172.png,half_note,7447cdf6d242d60f7120edb56ad17dfdaddb4008f76524baf1b2d377278784c5,data/raw/datasets/datasets/Notes/Half/h257.jpg,64,64,0.044189453125
data/processed/images/half_note/001068.png,half_note,9af06640efef57f00cf65503d998a01566bb870f6f6292a30056bc2e0f6f1274,data/raw/datasets/datasets/Notes/Half/h163.jpg,64,64,0.018310546875
data/processed/images/half_note/001819.png,half_note,51f8e1a0b58da99bd12e6855c7ee39acdca09aff25ace2f419145a1082b29a3c,data/raw/datasets/datasets/Notes/Half/h84.jpg,64,64,0.028564453125
data/processed/images/whole_note/004460.png,whole_note,4c29d955fb6d27ad248131864c7631a4c027181350cbb3ba38b4fbd296ea7be4,data/raw/datasets/datasets/Notes/Whole/w517.jpg,64,64,0.092041015625
data/processed/images/whole_note/004063.png,whole_note,7d19a6e05deb095dfe6f2559a2ac2dea26cddb0c0d348f852b191ab1bc37a368,data/raw/datasets/datasets/Notes/Whole/w16.jpg,64,64,0.210693359375
data/processed/images/eighth_note/000787.png,eighth_note,ae3586864dd0bb6e74cf84d302dbf224401ca85de16f6bbc0125c44b6b054eb9,data/raw/datasets/datasets/Notes/Eight/e810.jpg,64,64,0.06494140625
data/processed/images/sixteenth_note/003908.png,sixteenth_note,e6fc265b97a0dd72cc140cafe37c231d164cb60de67cf8ef54b70ff0d80fd41b,data/raw/datasets/datasets/Notes/Sixteenth/s920.jpg,64,64,0.053466796875
data/processed/images/half_note/001253.png,half_note,ad9a8783ff3e30e2f860e72d82fd1ba7464ad6bc25692502c48e9b21e82c2a88,data/raw/datasets/datasets/Notes/Half/h33.jpg,64,64,0.0703125
data/processed/images/sixteenth_note/003169.png,sixteenth_note,0808a2d48778b0bb179340369c60512275ca1159996dc9d5093a1a67cf79af65,data/raw/datasets/datasets/Notes/Sixteenth/s254.jpg,64,64,0.18115234375
data/processed/images/eighth_note/000761.png,eighth_note,2d94de248bbd476c07b4a8002db1e3a0b9dadc8a225aac5cb64533b68ebd8360,data/raw/datasets/datasets/Notes/Eight/e788.jpg,64,64,0.09765625
data/processed/images/whole_note/004091.png,whole_note,2ca96c403d0506a5fbd57886f17add87162278b4629a7a82b8ddf5d19be7b1cd,data/raw/datasets/datasets/Notes/Whole/w185.jpg,64,64,0.205810546875
data/processed/images/eighth_note/000653.png,eighth_note,962aac06b51c4ae4f0b52655076de6aab0e5a7a7f5d87876147c94744a8c6690,data/raw/datasets/datasets/Notes/Eight/e687.jpg,64,64,0.090576171875
data/processed/images/quarter_note/002751.png,quarter_note,41fe49b87376a41ba0e3cbf4fed664d7ec0bdf5a9223a5fabc0e396f42a36e83,data/raw/datasets/datasets/Notes/Quarter/q779.jpg,64,64,0.024658203125
data/processed/images/half_note/001080.png,half_note,ef805faef89d244a4a23bac82bb70ccdf29bf9f720648c4e9e42a581b8505ecf,data/raw/datasets/datasets/Notes/Half/h174.jpg,64,64,0.053466796875
data/processed/images/eighth_note/000867.png,eighth_note,005b593e908ffb67f80d1c9b37b7f180422df7b19477fe493a3205599f2db463,data/raw/datasets/datasets/Notes/Eight/e883.jpg,64,64,0.070068359375
data/processed/images/eighth_note/000262.png,eighth_note,b0a05350ed1b9ac784e884535e0b230bcf6ff66d2117fb4afdeb68dd205d8a2d,data/raw/datasets/datasets/Notes/Eight/e334.jpg,64,64,0.05859375
data/processed/images/sixteenth_note/003500.png,sixteenth_note,4b4840c8ed4ca679857af2ad6350753400645322f0dfb49ac3db25fa9d2a3953,data/raw/datasets/datasets/Notes/Sixteenth/s552.jpg,64,64,0.07177734375
data/processed/images/sixteenth_note/003856.png,sixteenth_note,03cd201dfd2fffa39c6be394c7f4b4368acf45adf347bbce18b396b19e2c3547,data/raw/datasets/datasets/Notes/Sixteenth/s874.jpg,64,64,0.07080078125
data/processed/images/quarter_note/002886.png,quarter_note,2c797ffeec1fa372ee8c0ed748366693e319a9dd0f679ddacdd0d1cf44781d98,data/raw/datasets/datasets/Notes/Quarter/q90.jpg,64,64,0.042236328125
data/processed/images/quarter_note/002045.png,quarter_note,ec79c832b45072033b9f5584f88769c74eebfaeeadc650f47a522e30e0d44075,data/raw/datasets/datasets/Notes/Quarter/q142.jpg,64,64,0.0625
data/processed/images/whole_note/004003.png,whole_note,faa32a5adcc5a6ede05dd49e30d89c870f242cc48538304602bed1d4bd5659ba,data/raw/datasets/datasets/Notes/Whole/w105.jpg,64,64,0.16845703125
data/processed/images/half_note/001214.png,half_note,fd88776be2e162beab7896f467ff0708120eb62bc0f0f5ea09ba9a300670fb00,data/raw/datasets/datasets/Notes/Half/h295.jpg,64,64,0.03955078125
data/processed/images/half_note/001409.png,half_note,99b7f815cd658d7590174b18f56e11638c5ad5746d417cd518510d0718565bba,data/raw/datasets/datasets/Notes/Half/h470.jpg,64,64,0.016357421875
data/processed/images/sixteenth_note/003133.png,sixteenth_note,93f88e95a885f9c1512239171bf97762f809ecbb9c213d895245fdf68f7c281f,data/raw/datasets/datasets/Notes/Sixteenth/s221.jpg,64,64,0.095947265625
data/processed/images/sixteenth_note/003136.png,sixteenth_note,dd761bed198fa67c385ae670bb563a51f5efdba1612c7b6c56b8d7959699ba33,data/raw/datasets/datasets/Notes/Sixteenth/s224.jpg,64,64,0.081298828125
data/processed/images/eighth_note/000939.png,eighth_note,6cfd36bcc4431d13121d3b84f10a5da5166ac9a4bbcd1d9fa77538eef4c325df,data/raw/datasets/datasets/Notes/Eight/e948.jpg,64,64,0.103271484375
data/processed/images/half_note/001337.png,half_note,3d001bbc41a802f8825d7a729f4599589788737ef3cf0d919f7a807eaa17cd25,data/raw/datasets/datasets/Notes/Half/h405.jpg,64,64,0.065673828125
data/processed/images/sixteenth_note/003165.png,sixteenth_note,b270e9af9747c80a0513835ddd98cff385a028437ab7fa208e4b512fa71dd7ef,data/raw/datasets/datasets/Notes/Sixteenth/s250.jpg,64,64,0.075927734375
data/processed/images/quarter_note/002671.png,quarter_note,85102a4cd8332e30be62be961dc20434ddb7b6ee92deb844c8ff9e0d1e808a68,data/raw/datasets/datasets/Notes/Quarter/q706.jpg,64,64,0.065185546875
data/processed/images/whole_note/004114.png,whole_note,270c5496277bae1feb09099c8c55673712c1e8670ee28ece15e248e7116cb8e7,data/raw/datasets/datasets/Notes/Whole/w205.jpg,64,64,0.084228515625
data/processed/images/sixteenth_note/003952.png,sixteenth_note,0c1258e6eb461f7cb8263c3b7b135a35df41f86904cde98b4d6d56f202ce0adc,data/raw/datasets/datasets/Notes/Sixteenth/s960.jpg,64,64,0.07666015625
data/processed/images/half_note/001104.png,half_note,dc642be3bc44b7b903eba46121bf4cdc4188bc61b17c0e33b38ec4ca0e01b67c,data/raw/datasets/datasets/Notes/Half/h196.jpg,64,64,0.049072265625
data/processed/images/whole_note/004065.png,whole_note,fe11b99e9e68bd1729c1befa78a8ebd7d04e7adf59eb1bd5d54ba63cd3666ca4,data/raw/datasets/datasets/Notes/Whole/w161.jpg,64,64,0.126708984375
data/processed/images/half_note/001670.png,half_note,41db96d2973bf164ef41e68f06d8f63dab9b45d172eb3799687a7a5b31fd8b7a,data/raw/datasets/datasets/Notes/Half/h705.jpg,64,64,0.051025390625
data/processed/images/eighth_note/000145.png,eighth_note,3e045eece034704f8a0e6907d7e267bf7679769d371293f2d8d99eb286141547,data/raw/datasets/datasets/Notes/Eight/e229.jpg,64,64,0.0322265625
data/processed/images/quarter_note/002528.png,quarter_note,581b38ed61bce6671dfb837cc7687c9c97bcb5bc22461eddbdeb2542710bac2a,data/raw/datasets/datasets/Notes/Quarter/q578.jpg,64,64,0.077880859375
data/processed/images/whole_note/004873.png,whole_note,b035819b7af081285aa607cfeddaa18da3b570a53a40a77c5ba40a0b7b03ac2a,data/raw/datasets/datasets/Notes/Whole/w89.jpg,64,64,0.14501953125
data/processed/images/whole_note/004878.png,whole_note,046929819ae5cc3747a380c8856a027de313eb7c9a5ea7106ef4e16c0f3a7156,data/raw/datasets/datasets/Notes/Whole/w894.jpg,64,64,0.0791015625
data/processed/images/quarter_note/002724.png,quarter_note,7f464718c399bdbcfad1f1efe35ac47f7aefa4b87f780ea357f5650263e16cdf,data/raw/datasets/datasets/Notes/Quarter/q754.jpg,64,64,0.035400390625
data/processed/images/quarter_note/002425.png,quarter_note,b763c3dc474fcbd849316369fb0762ac1e082f913462e31b299d3d7c4d75100f,data/raw/datasets/datasets/Notes/Quarter/q485.jpg,64,64,0.018798828125
data/processed/images/eighth_note/000441.png,eighth_note,e067bccaeb065bb494d717ed967016ae292e5a12ee68d97fd7866255361ba916,data/raw/datasets/datasets/Notes/Eight/e496.jpg,64,64,0.0517578125
data/processed/images/whole_note/004363.png,whole_note,d98faeed72ae0cd0cce34b49bd5090f49f6a1cacf87dc28c821321bd6af22984,data/raw/datasets/datasets/Notes/Whole/w43.jpg,64,64,0.251220703125
data/processed/images/quarter_note/002167.png,quarter_note,77536f0bfa2cfdc8e36d4b6c86326b5d7ea6eb3266bcb2d641958ee8ea7b6453,data/raw/datasets/datasets/Notes/Quarter/q252.jpg,64,64,0.060546875
data/processed/images/half_note/001683.png,half_note,c1da94dbfd4016a8b6ffce54ccc25edda437b1f6b4ac75bb85476bd0b4b9e16e,data/raw/datasets/datasets/Notes/Half/h717.jpg,64,64,0.076171875
data/processed/images/eighth_note/000357.png,eighth_note,a7c25b42269adf1d731445f3ce01c51d9d01389c2d5bb9270f9782a6c4932bcf,data/raw/datasets/datasets/Notes/Eight/e42.jpg,64,64,0.03369140625
data/processed/images/quarter_note/002111.png,quarter_note,aec090ffe167c351854e3036312f3fc68146001b15215c55c11e165591e85d1c,data/raw/datasets/datasets/Notes/Quarter/q201.jpg,64,64,0.061767578125
data/processed/images/sixteenth_note/003265.png,sixteenth_note,0badb9965cbb3b3d60866890a6cd528ee74c44b8d3600b5b9e8292abc6dfa197,data/raw/datasets/datasets/Notes/Sixteenth/s340.jpg,64,64,0.103759765625
data/processed/images/sixteenth_note/003352.png,sixteenth_note,f90466cdbed483112b27aa47e4228adce5f3fbe0001692109fdaee321e4e475a,data/raw/datasets/datasets/Notes/Sixteenth/s419.jpg,64,64,0.16357421875
data/processed/images/quarter_note/002185.png,quarter_note,18baccc1451b612f08b0a77c404e3fa69368a504441d19afc8ee23a72aa70de8,data/raw/datasets/datasets/Notes/Quarter/q269.jpg,64,64,0.034912109375
data/processed/images/half_note/001180.png,half_note,0eaff9b600e1e09bd658b59d39b53a5d4c733e4fd9579a4a1fadbaee21c2845c,data/raw/datasets/datasets/Notes/Half/h264.jpg,64,64,0.03369140625
data/processed/images/eighth_note/000773.png,eighth_note,e855f1ad7d4aa5e59386e2282fb4b4727ae85be1e47bd5151f84ad4cb617702d,data/raw/datasets/datasets/Notes/Eight/e799.jpg,64,64,0.092041015625
data/processed/images/eighth_note/000797.png,eighth_note,4d4fd00c1da9c5d262636bb961f2d559913a3b8c08eb077c5b9f0489dac94dc0,data/raw/datasets/datasets/Notes/Eight/e82.jpg,64,64,0.048583984375
data/processed/images/sixteenth_note/003761.png,sixteenth_note,88da3b1fcc4fef93bfbb340c599026bfc5257f30f56523e6199d36ff1c839fa3,data/raw/datasets/datasets/Notes/Sixteenth/s789.jpg,64,64,0.042724609375
data/processed/images/eighth_note/000469.png,eighth_note,33a13c34a8ee8c9cff6cd5f00b6b61e05398cc025c63cfaedcfda8d20b7ec356,data/raw/datasets/datasets/Notes/Eight/e520.jpg,64,64,0.037841796875
data/processed/images/whole_note/004897.png,whole_note,55b8d993bbf8d2eaccad0150f50e0328a596795a41360c777d7c9e1db6abda2e,data/raw/datasets/datasets/Notes/Whole/w910.jpg,64,64,0.072021484375
data/processed/images/half_note/001027.png,half_note,a9d7afccea693838dc6800d3a0be546e04c79495f03d74f308bfdabd69280270,data/raw/datasets/datasets/Notes/Half/h126.jpg,64,64,0.06201171875
data/processed/images/half_note/001235.png,half_note,e94cc61e9c177d0a5047c998ab3a71b790c03fcec66168c4032f046b70297715,data/raw/datasets/datasets/Notes/Half/h313.jpg,64,64,0.0205078125
data/processed/images/half_note/001663.png,half_note,80c6dda3d9ac44136f9ec40ff16c812015a826d892c401e2f6628068bd2c6494,data/raw/datasets/datasets/Notes/Half/h7.jpg,64,64,0.111083984375
data/processed/images/quarter_note/002882.png,quarter_note,7161942d4d278697b71e41a5851ba1bf4984be7be9af0ff56107ae4fe96d9c2d,data/raw/datasets/datasets/Notes/Quarter/q897.jpg,64,64,0.029296875
data/processed/images/sixteenth_note/003504.png,sixteenth_note,4973f84d293c080e357984b8aefbfd8c1da3b41bf23281889f971272274c09b8,data/raw/datasets/datasets/Notes/Sixteenth/s556.jpg,64,64,0.077880859375
data/processed/images/eighth_note/000053.png,eighth_note,f1d5c6737f0dd4e4f5b918afdbc191c8fde1d53a16e72767b6c426c19f329aaf,data/raw/datasets/datasets/Notes/Eight/e146.jpg,64,64,0.113525390625
data/processed/images/half_note/001133.png,half_note,a4525670a3efa6222654bc916cb6139ca500460fa702e4fc35e56cc6d305fd2c,data/raw/datasets/datasets/Notes/Half/h221.jpg,64,64,0.079345703125
data/processed/images/quarter_note/002195.png,quarter_note,aa4a2c0635959672fc6f048b68e7c1e71d5f9ebbbab6c0da515c474409a8b98d,data/raw/datasets/datasets/Notes/Quarter/q278.jpg,64,64,0.026123046875
data/processed/images/sixteenth_note/003652.png,sixteenth_note,f2952ae2e35cc1040483bf784be0e49cae652870d4841a0232fa5cc0ac740cfa,data/raw/datasets/datasets/Notes/Sixteenth/s690.jpg,64,64,0.1865234375
data/processed/images/sixteenth_note/003467.png,sixteenth_note,704fe77c09cdef4666407494844d11ad0fa6b4583575c2da3bf508f9091277e1,data/raw/datasets/datasets/Notes/Sixteenth/s522.jpg,64,64,0.110107421875
data/processed/images/half_note/001639.png,half_note,3bf694c5de5e8e19095d876bff6b7da5052c061ad3629577f1093a56c09bb7b2,data/raw/datasets/datasets/Notes/Half/h678.jpg,64,64,0.119140625
data/processed/images/eighth_note/000056.png,eighth_note,f9513125d089612b57b2b2f7cc0f4182689733a42bee321eb1a33457038af3ad,data/raw/datasets/datasets/Notes/Eight/e149.jpg,64,64,0.17919921875
data/processed/images/half_note/001859.png,half_note,cd4e69205f574af75207e58dc691c1b54546e31ed8f6e31974847fc8d0f33ee1,data/raw/datasets/datasets/Notes/Half/h876.jpg,64,64,0.020263671875
data/processed/images/whole_note/004620.png,whole_note,ee0c38b5559d3668269662a92eb39c8d8a79ed87e994ac7e4901d178cfbc7ef8,data/raw/datasets/datasets/Notes/Whole/w661.jpg,64,64,0.078857421875
data/processed/images/eighth_note/000436.png,eighth_note,09766c8415e03ef788ca4939cec5169f2c4f80b9c67be424585015f978c700aa,data/raw/datasets/datasets/Notes/Eight/e491.jpg,64,64,0.066162109375
data/processed/images/half_note/001515.png,half_note,21210fc42d7583af12be23f26d0379f3015eb23c8b051429849354f4bce74c22,data/raw/datasets/datasets/Notes/Half/h566.jpg,64,64,0.04541015625
data/processed/images/sixteenth_note/003332.png,sixteenth_note,725a461bbf83466b1a7db4a6c5238e201055d62ea095df7226c5265cb5ce0089,data/raw/datasets/datasets/Notes/Sixteenth/s400.jpg,64,64,0.0693359375
data/processed/images/quarter_note/002616.png,quarter_note,ebc7a8ff6d2cf291d641d9627d5ca8b5f0ae77192531fb460fb386f7d7e024f1,data/raw/datasets/datasets/Notes/Quarter/q657.jpg,64,64,0.069091796875
data/processed/images/eighth_note/000083.png,eighth_note,db2f9203d09a3edc2e3c3015c4f879020ba702f35338abb011d90e731e7c2937,data/raw/datasets/datasets/Notes/Eight/e173.jpg,64,64,0.107666015625
data/processed/images/eighth_note/000257.png,eighth_note,133ae4aac6ae0390493c3e3c8f6029175a1f0e87a3c74e942fa1a6204790939d,data/raw/datasets/datasets/Notes/Eight/e33.jpg,64,64,0.05419921875
data/processed/images/eighth_note/000002.png,eighth_note,46b39d108abf3fc3c72135ec66cd88d0cbf2f72a8bcab80a28fa91b836130d62,data/raw/datasets/datasets/Notes/Eight/e100.jpg,64,64,0.0400390625
data/processed/images/sixteenth_note/003629.png,sixteenth_note,86d9c46af6e52f24a932dd6ff2b58190016351128e630a1cad46f13a9470646c,data/raw/datasets/datasets/Notes/Sixteenth/s669.jpg,64,64,0.10693359375
data/processed/images/half_note/001070.png,half_note,ec2e38cedb06b74be9740d57f89317238eaf024e80f24af2f534bac36e765afb,data/raw/datasets/datasets/Notes/Half/h165.jpg,64,64,0.0615234375
data/processed/images/eighth_note/000536.png,eighth_note,f2743d108abaff0e2c7f3aaa2c1940a4b4c63e05ee4b103b5ee4a1d11eb98ef9,data/raw/datasets/datasets/Notes/Eight/e581.jpg,64,64,0.1484375
data/processed/images/sixteenth_note/003398.png,sixteenth_note,a412f621da89191b165a699080b03d3b6250e3a155043af83253364ddd3e2e35,data/raw/datasets/datasets/Notes/Sixteenth/s460.jpg,64,64,0.066650390625
data/processed/images/half_note/001362.png,half_note,eae16b3f56f002375be724ec1490c1e3ae27e18db3172d848c3ee51b196be75e,data/raw/datasets/datasets/Notes/Half/h428.jpg,64,64,0.031005859375
data/processed/images/sixteenth_note/003380.png,sixteenth_note,12ffb03f789c70a53b6f08391661525f8eff3927f3054d1fbc6bfe36c2381394,data/raw/datasets/datasets/Notes/Sixteenth/s444.jpg,64,64,0.078369140625
data/processed/images/eighth_note/000171.png,eighth_note,4aaf59488087f829c86112e4b098ec051bd46119bf80a536c8c1ff8e29b8420f,data/raw/datasets/datasets/Notes/Eight/e252.jpg,64,64,0.06689453125
data/processed/images/quarter_note/002051.png,quarter_note,ac1a3116f789a6f26f1819bc71f8623048d16f6fd6d89711e7f413fa97ed94fe,data/raw/datasets/datasets/Notes/Quarter/q148.jpg,64,64,0.08935546875
data/processed/images/whole_note/004303.png,whole_note,2b17935319ba4708de372bf99112e661f783a59155843f835b0f7fe8f3a7d00e,data/raw/datasets/datasets/Notes/Whole/w376.jpg,64,64,0.039306640625
data/processed/images/whole_note/004132.png,whole_note,c05502b80c327561544f863407d7b374220d7a1927bfddd13b7eef74b878f6a8,data/raw/datasets/datasets/Notes/Whole/w221.jpg,64,64,0.04931640625
data/processed/images/whole_note/004950.png,whole_note,14d813ca069b77d41f4671f74a04eaf0b895c754c4b7ef70034e63f7bffce945,data/raw/datasets/datasets/Notes/Whole/w959.jpg,64,64,0.081298828125
data/processed/images/sixteenth_note/003343.png,sixteenth_note,70c2737a739a9daddb5413789fd4f4146cf898f276ddf25feb36dd13cacde35e,data/raw/datasets/datasets/Notes/Sixteenth/s410.jpg,64,64,0.032958984375
data/processed/images/whole_note/004865.png,whole_note,3be75ed046cbe3aba35ba8fcf903bd9b665c922bf225f1d9d28772cfdd78268f,data/raw/datasets/datasets/Notes/Whole/w882.jpg,64,64,0.200439453125
data/processed/images/eighth_note/000891.png,eighth_note,63201b6d38775b956e9b0837836609b3965eacbca10280c7f7a824d7b53940f7,data/raw/datasets/datasets/Notes/Eight/e904.jpg,64,64,0.0712890625
data/processed/images/half_note/001216.png,half_note,4567f2e76b98d02ebbb8a9b7251d099c941d9261d28b93dfce1dfc88ad61366c,data/raw/datasets/datasets/Notes/Half/h297.jpg,64,64,0.0244140625
data/processed/images/quarter_note/002046.png,quarter_note,0318fcf1e9c1a26238d4dedfc7be2983e9d5fd1f2e4b5d21cafec23a82fd1c0b,data/raw/datasets/datasets/Notes/Quarter/q143.jpg,64,64,0.047607421875
data/processed/images/whole_note/004946.png,whole_note,d68d3c54f7973118e4224b4d7f69ea9e1dbdaa2455c5b798279ca3fcd5ccc568,data/raw/datasets/datasets/Notes/Whole/w955.jpg,64,64,0.05029296875
data/processed/images/half_note/001159.png,half_note,af6c438f5667742c31acd2eb021a71b0d6a176a345196ecc8d7ad91b7cd7667e,data/raw/datasets/datasets/Notes/Half/h245.jpg,64,64,0.08984375
data/processed/images/half_note/001724.png,half_note,ec37685c5568c21174e599cffa3ba1dc52d3121b0d116ac7a4728720ce7c1e14,data/raw/datasets/datasets/Notes/Half/h754.jpg,64,64,0.028564453125
data/processed/images/eighth_note/000446.png,eighth_note,13d528071154df47ca76f9c0e40ee9399eecee910af0825677f8c8790b84e82e,data/raw/datasets/datasets/Notes/Eight/e50.jpg,64,64,0.057373046875
data/processed/images/eighth_note/000228.png,eighth_note,ae53081b89ca214b68fc45709735b7c2c816731841e4b8eedd8cd9629f61c3c6,data/raw/datasets/datasets/Notes/Eight/e303.jpg,64,64,0.04541015625
data/processed/images/sixteenth_note/003857.png,sixteenth_note,85e70cf0e826c841a64dfd7414039b0d6af23bd74a0a60b393801abb7b66c3c1,data/raw/datasets/datasets/Notes/Sixteenth/s875.jpg,64,64,0.07373046875
data/processed/images/eighth_note/000915.png,eighth_note,d052800c8eea2af11366252e5fe65b3e3507bcc325766caf45a61cdb8d791502,data/raw/datasets/datasets/Notes/Eight/e926.jpg,64,64,0.0625
data/processed/images/eighth_note/000924.png,eighth_note,b8dd42ae7c10d086c4b539955f8204f8b767527e28078573942767c4c75b6e00,data/raw/datasets/datasets/Notes/Eight/e934.jpg,64,64,0.114013671875
data/processed/images/sixteenth_note/003175.png,sixteenth_note,295a7ec27c95aaec97737d16d6f649b139ac79f8f4894a54d065982475e0633b,data/raw/datasets/datasets/Notes/Sixteenth/s26.jpg,64,64,0.191650390625
data/processed/images/quarter_note/002043.png,quarter_note,b70b48336422a0051ceb47a842da5d5fe6209b0cd6045d0ffaf4745a8ca6115d,data/raw/datasets/datasets/Notes/Quarter/q140.jpg,64,64,0.084716796875
data/processed/images/whole_note/004151.png,whole_note,0c72cfc81f64a70e67def92d06c2c92c8ecf781c5d3aaf03f06b8d062efcbcc6,data/raw/datasets/datasets/Notes/Whole/w239.jpg,64,64,0.0546875
data/processed/images/sixteenth_note/003195.png,sixteenth_note,9ddb143cd4ee59d032dd12c486a2aa1ad0aca4ad6bb280f2400d4fcaeff074bd,data/raw/datasets/datasets/Notes/Sixteenth/s278.jpg,64,64,0.073974609375
data/processed/images/sixteenth_note/003545.png,sixteenth_note,d6e3359f100f27b7f04e3b80338a3a78004a000f9f80ad60c5141df843ab31f2,data/raw/datasets/datasets/Notes/Sixteenth/s593.jpg,64,64,0.081787109375
data/processed/images/eighth_note/000169.png,eighth_note,14d31997009be2903ffe943bce7ddb48388d5a63c6bee037eadf6580c2fae508,data/raw/datasets/datasets/Notes/Eight/e250.jpg,64,64,0.053466796875
data/processed/images/quarter_note/002750.png,quarter_note,f1852bd70c20f97c20aee97173b1b15dd5a654a675cdafaafdc1d98545582eb4,data/raw/datasets/datasets/Notes/Quarter/q778.jpg,64,64,0.021728515625
data/processed/images/quarter_note/002103.png,quarter_note,4b410798c880aa918577c39dcc1ff7b62387e9e61b8623bc2d3fc9b1592a4e74,data/raw/datasets/datasets/Notes/Quarter/q195.jpg,64,64,0.100830078125
data/processed/images/half_note/001323.png,half_note,64d3380e55c50cbd15dfdbbd263c60cd19b95263dd3187308cb3f3ea56d2ae21,data/raw/datasets/datasets/Notes/Half/h393.jpg,64,64,0.037353515625
data/processed/images/whole_note/004701.png,whole_note,dc9b33068f410af2032765b896932de8d187f50a01cfa9d9cffe6b245ef7a9da,data/raw/datasets/datasets/Notes/Whole/w734.jpg,64,64,0.235595703125
data/processed/images/eighth_note/000692.png,eighth_note,1e82c9a2cc1116d361d225c5fc10f078f1a14f597b1de622f381447b513330d1,data/raw/datasets/datasets/Notes/Eight/e721.jpg,64,64,0.08544921875
data/processed/images/quarter_note/002261.png,quarter_note,d399bfd73e3c2c7aea54f7c9421fcaffae93d21539df875c6b23cf2fa34d47a1,data/raw/datasets/datasets/Notes/Quarter/q337.jpg,64,64,0.046875
data/processed/images/eighth_note/000440.png,eighth_note,51f2f5c619bf82f3300088a51b2ff48625d78f15f070f6df80a852b2e1e792a2,data/raw/datasets/datasets/Notes/Eight/e495.jpg,64,64,0.068359375
data/processed/images/eighth_note/000575.png,eighth_note,9b38592b82dff3dcc3781d4644f0472d0425835e52be8490647752ad6ade505a,data/raw/datasets/datasets/Notes/Eight/e616.jpg,64,64,0.133544921875
data/processed/images/eighth_note/000322.png,eighth_note,5d40b5853c465f6aafbfc71fc8f531dc1b7df6f8dc5db3e78c89c626dcb66f8b,data/raw/datasets/datasets/Notes/Eight/e389.jpg,64,64,0.111328125
data/processed/images/whole_note/004859.png,whole_note,d06747ca537db58841e1774e0af3328ca6114d1868e0d1bb6922d8533bf2a05e,data/raw/datasets/datasets/Notes/Whole/w877.jpg,64,64,0.201171875
data/processed/images/quarter_note/002910.png,quarter_note,55c0eaec2e400c3bee4f6bcaca3fa8c0d6e53a77ad188be24af893a2ff92d5fa,data/raw/datasets/datasets/Notes/Quarter/q921.jpg,64,64,0.040771484375
data/processed/images/sixteenth_note/003315.png,sixteenth_note,c46c2808a8c8256b0120df94009c8cb03f177d9776f10a9fe5f74c64567b6f28,data/raw/datasets/datasets/Notes/Sixteenth/s386.jpg,64,64,0.058349609375
data/processed/images/eighth_note/000127.png,eighth_note,cb704ffd2f052c721915c629ef9fa913892cebb8f7cacf0632eb8969e32ed16c,data/raw/datasets/datasets/Notes/Eight/e212.jpg,64,64,0.10498046875
data/processed/images/eighth_note/000880.png,eighth_note,b5f4ee2bc2aa6146fac27a03e3b70f624bf53dc53955148d5f309f68a30df8ea,data/raw/datasets/datasets/Notes/Eight/e895.jpg,64,64,0.046142578125
data/processed/images/half_note/001354.png,half_note,0eab2fd78816e192ad31fa74dd47eba7ef54321c8ae4927613afc602d0a0376b,data/raw/datasets/datasets/Notes/Half/h420.jpg,64,64,0.0380859375
data/processed/images/quarter_note/002294.png,quarter_note,74b6e1a105c3d775e5fa932033dcffcab43c0b5e576d2e2d4495215ff84b6495,data/raw/datasets/datasets/Notes/Quarter/q367.jpg,64,64,0.0791015625
data/processed/images/sixteenth_note/003818.png,sixteenth_note,605e70e1121eeffbf5a562c878703d70493ffc47a45fabae6bb6121ed08860cf,data/raw/datasets/datasets/Notes/Sixteenth/s84.jpg,64,64,0.057861328125
data/processed/images/quarter_note/002658.png,quarter_note,d4f5b42835761be73b385d03c337fa6b283e5cd0e69fd37bff9f8a28814429cd,data/raw/datasets/datasets/Notes/Quarter/q695.jpg,64,64,0.12060546875
data/processed/images/quarter_note/002555.png,quarter_note,bd253cf20dca46ccb7527f53b7755f285c1cd27c7c3c88ec8b47c045d929cf33,data/raw/datasets/datasets/Notes/Quarter/q601.jpg,64,64,0.0615234375
data/processed/images/quarter_note/002344.png,quarter_note,91a4e3ac99583ed62da29506f35dd461adbc2cd74591ca550cd4acbe37629796,data/raw/datasets/datasets/Notes/Quarter/q411.jpg,64,64,0.051513671875
data/processed/images/sixteenth_note/003975.png,sixteenth_note,c5a47ef3fd303e2def2ae48fac817c37229484fcddedf094f28b10bc515f25f8,data/raw/datasets/datasets/Notes/Sixteenth/s981.jpg,64,64,0.052734375
data/processed/images/eighth_note/000485.png,eighth_note,d7a12d617cf808d8d423bab2fdbdd32a48e8f764f8c4404843bd5f800a1453b5,data/raw/datasets/datasets/Notes/Eight/e535.jpg,64,64,0.12158203125
data/processed/images/eighth_note/000695.png,eighth_note,6b885f21abf5c060db64432f22ed790a675f8b14b277cb2803ebd28ca99c6e4c,data/raw/datasets/datasets/Notes/Eight/e724.jpg,64,64,0.208251953125
data/processed/images/sixteenth_note/003811.png,sixteenth_note,542431c020527b45393eb51c5fa8489e4984a1bd8f789d21c1c68d9006a6238e,data/raw/datasets/datasets/Notes/Sixteenth/s833.jpg,64,64,0.055908203125
data/processed/images/quarter_note/002355.png,quarter_note,4e0a8230a60509878daace5564e2804e0de071ff714748cc94f6f220b39014c0,data/raw/datasets/datasets/Notes/Quarter/q421.jpg,64,64,0.068359375
data/processed/images/sixteenth_note/003491.png,sixteenth_note,3817689ea5c9db5e0ff179f5e7d1860db5534297ba21db1abb6a7600622ad502,data/raw/datasets/datasets/Notes/Sixteenth/s544.jpg,64,64,0.080078125
data/processed/images/half_note/001831.png,half_note,b78972432ca4a3a5ad067ed6ecaa3f7be1f9cbc6b34ab061bb7462f47aeacf04,data/raw/datasets/datasets/Notes/Half/h850.jpg,64,64,0.040771484375
data/processed/images/whole_note/004232.png,whole_note,ccc7809635ef485adf418614d1f3e1c33276bb89a52e65ec692b463e29ff867b,data/raw/datasets/datasets/Notes/Whole/w311.jpg,64,64,0.106201171875
data/processed/images/half_note/001394.png,half_note,2a9ae9cd0ebf39aaf93ad01aac37f422310eac4dd2ed4b03e811c7099abe41d2,data/raw/datasets/datasets/Notes/Half/h457.jpg,64,64,0.019287109375
data/processed/images/quarter_note/002004.png,quarter_note,413afdddea742f3a11d0d3c141ed6fef0542d9e8238c2d114e74a21952479cbf,data/raw/datasets/datasets/Notes/Quarter/q105.jpg,64,64,0.07080078125
data/processed/images/half_note/001918.png,half_note,f74e56112765590e9faf214507af09af5407934309099b17111a35d2a8f0a88f,data/raw/datasets/datasets/Notes/Half/h929.jpg,64,64,0.010009765625
data/processed/images/half_note/001719.png,half_note,912ddce0cad27c6211c8af584f8bdd9c2d8a1924c3506947bc690d022f9ea600,data/raw/datasets/datasets/Notes/Half/h75.jpg,64,64,0.10498046875
data/processed/images/eighth_note/000219.png,eighth_note,fcca77e3100e8b1e212454d8d750e2fb52bafb3f96c1df456af5ad42131cd7aa,data/raw/datasets/datasets/Notes/Eight/e296.jpg,64,64,0.046630859375
data/processed/images/sixteenth_note/003424.png,sixteenth_note,d30ad0cafd858ad4885fa51e542d8cf224da5ba7ae1fd8ce1ca3c9fe3a523aca,data/raw/datasets/datasets/Notes/Sixteenth/s484.jpg,64,64,0.0966796875
data/processed/images/whole_note/004953.png,whole_note,162ec06552873c3161abe6d8f4747a3e90288717fc398044ce4ce6c6b577b31d,data/raw/datasets/datasets/Notes/Whole/w961.jpg,64,64,0.047607421875
data/processed/images/sixteenth_note/003781.png,sixteenth_note,ffb138b6c2837bb2cc8404d159d3124c92948d6b6f8fe638369a177c6041c724,data/raw/datasets/datasets/Notes/Sixteenth/s806.jpg,64,64,0.0966796875
data/processed/images/eighth_note/000360.png,eighth_note,a51ca35a55d6ef471af76fe3b1ee3c58fd15aac89a05486e74f4c157476b8550,data/raw/datasets/datasets/Notes/Eight/e422.jpg,64,64,0.1591796875
data/processed/images/sixteenth_note/003848.png,sixteenth_note,6b3a7128ad83d103cbfedcdb6f7e815d172cd4cf568158f3d90dd337cfe29fe0,data/raw/datasets/datasets/Notes/Sixteenth/s867.jpg,64,64,0.038818359375
data/processed/images/eighth_note/000707.png,eighth_note,558d5bd5c39dba9829e120da3862b20e97d262ab153334f48638f3b391a7f699,data/raw/datasets/datasets/Notes/Eight/e737.jpg,64,64,0.177490234375
data/processed/images/half_note/001474.png,half_note,896d74c16156974ab76f9db593638b2722c2c7583386f6e22b2945f9c86f9794,data/raw/datasets/datasets/Notes/Half/h529.jpg,64,64,0.11474609375
data/processed/images/sixteenth_note/003945.png,sixteenth_note,f8a5749b843c240e9aafc054caeff53b14e44ba21e0908b77076b95c5aebf0d4,data/raw/datasets/datasets/Notes/Sixteenth/s954.jpg,64,64,0.050537109375
data/processed/images/whole_note/004771.png,whole_note,55aebca4572f60aad9ffd64a130e737ec1a334d59b18680262d38ae08994da3e,data/raw/datasets/datasets/Notes/Whole/w798.jpg,64,64,0.224609375
data/processed/images/whole_note/004934.png,whole_note,87bf055a49636ff163042b8eef8bd25e8d37cf5fff97065ac0a431b553f07b61,data/raw/datasets/datasets/Notes/Whole/w944.jpg,64,64,0.055419921875
data/processed/images/whole_note/004921.png,whole_note,452b54ec9c6c705a733cb40e4046cc716abb3bb66ecc784cd755ac7b10add62e,data/raw/datasets/datasets/Notes/Whole/w932.jpg,64,64,0.093994140625
data/processed/images/whole_note/004336.png,whole_note,3abe20db32d14c1538556fc40f1905acdf9e6915c0495d5bbaf1a4e047b7d23b,data/raw/datasets/datasets/Notes/Whole/w405.jpg,64,64,0.056396484375
data/processed/images/sixteenth_note/003760.png,sixteenth_note,45b2cac209c80b1de4364a83afe63ee88ffbb1517ada66ee85d9dc243012fdd0,data/raw/datasets/datasets/Notes/Sixteenth/s788.jpg,64,64,0.041748046875
data/processed/images/whole_note/004277.png,whole_note,f028ee0d64c113162d60e09e9b369cad660ab4ac8634ab571ef2e6b0f59774a7,data/raw/datasets/datasets/Notes/Whole/w352.jpg,64,64,0.278076171875
data/processed/images/eighth_note/000723.png,eighth_note,fedffb8848052f4c1e40deac9eab7f086539324aa1f8bf550c20271b8b6a2df2,data/raw/datasets/datasets/Notes/Eight/e751.jpg,64,64,0.129150390625
data/processed/images/sixteenth_note/003251.png,sixteenth_note,9c0b45b03ee78c0c3d78453485cf2acffbfdaa23cd09a4fdb2491f42d6bfc168,data/raw/datasets/datasets/Notes/Sixteenth/s328.jpg,64,64,0.078369140625
data/processed/images/half_note/001520.png,half_note,4e8459c6a6e93b6be6ffec4ef5acbeb703bdcbf7344e9071b93f59b99a241ada,data/raw/datasets/datasets/Notes/Half/h570.jpg,64,64,0.05078125
data/processed/images/whole_note/004294.png,whole_note,708310bddaa76e271c6d022a03bcd7c04fd31bdf296a955a37701572c5736915,data/raw/datasets/datasets/Notes/Whole/w368.jpg,64,64,0.062255859375
data/processed/images/half_note/001667.png,half_note,e278b315b64650ed1bd387f5413d30d93d39fca8a360db10e1511b339920693f,data/raw/datasets/datasets/Notes/Half/h702.jpg,64,64,0.04541015625
data/processed/images/eighth_note/000477.png,eighth_note,50730813bbadc8672891e346bdcd95301d9fc936770dfa01e1bd98ef412880d3,data/raw/datasets/datasets/Notes/Eight/e528.jpg,64,64,0.05859375
data/processed/images/half_note/001448.png,half_note,0498d462839def08b595de384a8da2e9d3b9a23a90362103fbbd15309191fa9b,data/raw/datasets/datasets/Notes/Half/h505.jpg,64,64,0.044677734375
data/processed/images/sixteenth_note/003612.png,sixteenth_note,d75c7652685d940d6d2d7b500456e66521095a843d606af03390806e88a1fb0f,data/raw/datasets/datasets/Notes/Sixteenth/s653.jpg,64,64,0.09765625
data/processed/images/half_note/001792.png,half_note,77dd73be8bae4eb3b504039e72e907fc9ba41e570ee4e1f9c14fdf544dec7099,data/raw/datasets/datasets/Notes/Half/h815.jpg,64,64,0.021484375
data/processed/images/quarter_note/002837.png,quarter_note,634bc4eedbaab0caaf3c0ab73a5aadbfcdb878011ba5a0ae0332d97e96fd0376,data/raw/datasets/datasets/Notes/Quarter/q856.jpg,64,64,0.05712890625
data/processed/images/quarter_note/002065.png,quarter_note,329d0a15d7f1ca57d308216c76670ff3e7de1431af0e438894f0a76ddcc7bf8f,data/raw/datasets/datasets/Notes/Quarter/q160.jpg,64,64,0.064697265625
data/processed/images/whole_note/004378.png,whole_note,72d5c3180358caea6bc1dc32c5f8500666fef07928675c1adf64530550d6937b,data/raw/datasets/datasets/Notes/Whole/w443.jpg,64,64,0.025146484375
data/processed/images/quarter_note/002363.png,quarter_note,8a0c2463d2c061a7d68a6c7700c74bf1ec38dddf053876f64887ffe15c313b62,data/raw/datasets/datasets/Notes/Quarter/q429.jpg,64,64,0.05517578125
data/processed/images/whole_note/003996.png,whole_note,cad4a543dfffb40ac974d850712b0edc9c8634721a81feb96d7d8bb906e39d0a,data/raw/datasets/datasets/Notes/Whole/w10.jpg,64,64,0.219482421875
data/processed/images/quarter_note/002186.png,quarter_note,b72f6715ea5673911d6d036e9ae6367835edf63dcc8dec3e2d043018a31a6c6c,data/raw/datasets/datasets/Notes/Quarter/q27.jpg,64,64,0.041748046875
data/processed/images/half_note/001988.png,half_note,1c31d64c000030ebe81e2c309fe7372e7c0d62cab18767c699f13a593329aeff,data/raw/datasets/datasets/Notes/Half/h992.jpg,64,64,0.028564453125
data/processed/images/half_note/001442.png,half_note,21859d669277e06049f8f863be1579f83cbda9750afaae41d72716b640568ab2,data/raw/datasets/datasets/Notes/Half/h50.jpg,64,64,0.072265625
data/processed/images/sixteenth_note/003651.png,sixteenth_note,e09c02dd79a8a345214214ae8adb0a3c9f5f67fb1beb5066e4f3c453034a2c8c,data/raw/datasets/datasets/Notes/Sixteenth/s689.jpg,64,64,0.08349609375
data/processed/images/whole_note/004837.png,whole_note,823ec946561a3343970559a2bf18ceedaf7fcdd6b44113b21a95d43f14f53c60,data/raw/datasets/datasets/Notes/Whole/w857.jpg,64,64,0.13623046875
data/processed/images/eighth_note/000965.png,eighth_note,8775628425251384165accb3d1d6277e9c46c21d38d13b0c2fad642e2d4b5e0d,data/raw/datasets/datasets/Notes/Eight/e971.jpg,64,64,0.1025390625
data/processed/images/whole_note/004891.png,whole_note,b54c366d826f12dab751c42e9340e1fd4c56f26aeeaa63d0f96137a5b49a59d7,data/raw/datasets/datasets/Notes/Whole/w905.jpg,64,64,0.063720703125
data/processed/images/sixteenth_note/003710.png,sixteenth_note,d192be1a45eda9e88bff2d64dc9937c6efa62e30b1f45ce7f3a3ffcc4e0e0be8,data/raw/datasets/datasets/Notes/Sixteenth/s742.jpg,64,64,0.11572265625
data/processed/images/eighth_note/000912.png,eighth_note,27d0f03c77c85f5fb582b08b506db158213740bc2064ec9835bd86749bfd00d9,data/raw/datasets/datasets/Notes/Eight/e923.jpg,64,64,0.040771484375
data/processed/images/quarter_note/002393.png,quarter_note,fb03467253a69421b0fe80b82325c9667737f76f7ccf1489be000276c0cc5e85,data/raw/datasets/datasets/Notes/Quarter/q456.jpg,64,64,0.02001953125
data/processed/images/quarter_note/002872.png,quarter_note,20c3622e45545dee52f2b7589fe1f1dae889904dda40845421270ea099973c58,data/raw/datasets/datasets/Notes/Quarter/q888.jpg,64,64,0.0859375
data/processed/images/whole_note/004298.png,whole_note,a0898115b396fea98647fd808c2582401cc71bb3eace415b90b2719b280a34f0,data/raw/datasets/datasets/Notes/Whole/w371.jpg,64,64,0.023193359375
data/processed/images/quarter_note/002483.png,quarter_note,02112c11be449bdfaa48a1327880b8436c0bf19f84d2eff947570ccbf7c5bf42,data/raw/datasets/datasets/Notes/Quarter/q537.jpg,64,64,0.119873046875
data/processed/images/whole_note/004161.png,whole_note,0122455ebb468259c6123fa74747d685156a466f1e5540b20f51f93b31c7e4dc,data/raw/datasets/datasets/Notes/Whole/w248.jpg,64,64,0.07373046875
data/processed/images/half_note/001963.png,half_note,199774245750613ea97cefffc8c2e2f44ce0d55ad5a42545cf2e16b579cde46e,data/raw/datasets/datasets/Notes/Half/h97.jpg,64,64,0.04833984375
data/processed/images/sixteenth_note/003049.png,sixteenth_note,5817529a98f30ca68fb189b44e720a3201230dab3a1ed28efef9af56ece2e873,data/raw/datasets/datasets/Notes/Sixteenth/s146.jpg,64,64,0.110107421875
data/processed/images/whole_note/004855.png,whole_note,93a3af831018455582de820a22cea34799ad8774308617e841931ac384ca72a5,data/raw/datasets/datasets/Notes/Whole/w873.jpg,64,64,0.09619140625
data/processed/images/whole_note/004062.png,whole_note,ff1cea516e770e6a8894e1d7b6521e3005bad735d2cd55536196c798662d34b6,data/raw/datasets/datasets/Notes/Whole/w159.jpg,64,64,0.23779296875
data/processed/images/quarter_note/002037.png,quarter_note,c73ed265a4d07b396a47873356127afed33a33a5a56121130fae0a282cf3c700,data/raw/datasets/datasets/Notes/Quarter/q135.jpg,64,64,0.05712890625
data/processed/images/whole_note/004311.png,whole_note,74f2fa3d6a2c586b5ab134defa13cd2cf94184fd5c2cb1121566d9c931615c35,data/raw/datasets/datasets/Notes/Whole/w383.jpg,64,64,0.071044921875
data/processed/images/quarter_note/002833.png,quarter_note,87e97fcc18366f74d55a3a98a51e7c36f41b474a5bbefba224db932874411744,data/raw/datasets/datasets/Notes/Quarter/q852.jpg,64,64,0.06005859375
data/processed/images/eighth_note/000158.png,eighth_note,9da91a69f0fd51e924c057ce9a4a15038d5fc4d4da8b511d13bc83478dd1332e,data/raw/datasets/datasets/Notes/Eight/e240.jpg,64,64,0.042724609375
data/processed/images/whole_note/004800.png,whole_note,419ba12263d3f74a5581f910b086a401f14604a0a8510e86b970e78e194e10ee,data/raw/datasets/datasets/Notes/Whole/w823.jpg,64,64,0.353759765625
data/processed/images/eighth_note/000717.png,eighth_note,bd127129f523893fe66e88a1154dc843c0953d175a4b969e4698071d6713ee12,data/raw/datasets/datasets/Notes/Eight/e746.jpg,64,64,0.114501953125
data/processed/images/quarter_note/002716.png,quarter_note,1e7776d94073bdadd62a889ea5864edf8c6bb84b8078b686ad19c8c8acc43ac8,data/raw/datasets/datasets/Notes/Quarter/q747.jpg,64,64,0.013427734375
data/processed/images/whole_note/004824.png,whole_note,c01afc8c9d3b53c4f0bcbbd4fbd1bf2aa661266ea11829a7ca373b3a7cbd98e3,data/raw/datasets/datasets/Notes/Whole/w845.jpg,64,64,0.25634765625
data/processed/images/whole_note/004240.png,whole_note,f3c35bc35e08272420ce9e620cf2db746cfecc540aad249efa671de91c865d81,data/raw/datasets/datasets/Notes/Whole/w319.jpg,64,64,0.08349609375
data/processed/images/whole_note/004248.png,whole_note,28cfbf62276a9dde566867e510f0667e9768aa630aa5e1b4aa8f8b174d60aecd,data/raw/datasets/datasets/Notes/Whole/w326.jpg,64,64,0.17236328125
data/processed/images/whole_note/004069.png,whole_note,5b468c494e55d94b78efad6a2b1d5812a2bfc4e7a1bf0ad590a72cae88ba6147,data/raw/datasets/datasets/Notes/Whole/w165.jpg,64,64,0.28369140625
data/processed/images/half_note/001381.png,half_note,06014f42fb8bf6e402f3538ba5dfb3b3dcfe817ba93ea79fb3d1b7438c9a945f,data/raw/datasets/datasets/Notes/Half/h445.jpg,64,64,0.01416015625
data/processed/images/whole_note/004416.png,whole_note,b9fb332c4020904d8711f47d9eca296f10e241df51011473d571f0f408c8454d,data/raw/datasets/datasets/Notes/Whole/w478.jpg,64,64,0.0205078125
data/processed/images/sixteenth_note/003986.png,sixteenth_note,00a5d414b57cb619f434ef2177b43e64f7c5fe253556e3a8cfd6bbced2c7b238,data/raw/datasets/datasets/Notes/Sixteenth/s991.jpg,64,64,0.086181640625
data/processed/images/quarter_note/002970.png,quarter_note,914464f2292f36835acb3187bc9fa56cbe8bdc15dae26a1590efe1edb4352a06,data/raw/datasets/datasets/Notes/Quarter/q976.jpg,64,64,0.0537109375
data/processed/images/sixteenth_note/003990.png,sixteenth_note,ae9c84ff4eb8d63d5a717a4e54ec19fccd77dbb802f77f28ec19b913cdf99a21,data/raw/datasets/datasets/Notes/Sixteenth/s995.jpg,64,64,0.050537109375
data/processed/images/half_note/001741.png,half_note,c66714f8c35721d898224c3d23d6dcbdfccb85d93832c91b154ec9384c283d00,data/raw/datasets/datasets/Notes/Half/h77.jpg,64,64,0.09521484375
data/processed/images/eighth_note/000304.png,eighth_note,36964339a07d2c0b3ab8efc23c163fc1d6edaa92f82b2e9342589b7dfe876a01,data/raw/datasets/datasets/Notes/Eight/e372.jpg,64,64,0.0478515625
data/processed/images/quarter_note/002924.png,quarter_note,ccbda85784ddb203f700e457e07ae6b6b7bb633ec9f8af562f759204440cfd51,data/raw/datasets/datasets/Notes/Quarter/q934.jpg,64,64,0.033447265625
data/processed/images/sixteenth_note/003419.png,sixteenth_note,5935af1e1210549c1ddd1385c6b3b10932c624c75747351a2eea5899cf9682f6,data/raw/datasets/datasets/Notes/Sixteenth/s48.jpg,64,64,0.094482421875
data/processed/images/sixteenth_note/003936.png,sixteenth_note,213e1d04cb930356d2cb799e036d97c3df095dfbc4ecab3d09218a3ff19ba49c,data/raw/datasets/datasets/Notes/Sixteenth/s946.jpg,64,64,0.08935546875
data/processed/images/eighth_note/000037.png,eighth_note,3b7c0a9c9033eb7b14f96ad24a83270b1341c6ded0f94c11af72034f7ab7baa9,data/raw/datasets/datasets/Notes/Eight/e131.jpg,64,64,0.04736328125
data/processed/images/whole_note/004071.png,whole_note,a6333b19bf2a3d6257e3bd3dcf5788afdb8d11bb6356b723ab4662f08a62f244,data/raw/datasets/datasets/Notes/Whole/w167.jpg,64,64,0.132568359375
data/processed/images/sixteenth_note/003643.png,sixteenth_note,77ff9d22de52948db487c9d8226fe33719ad4584f2379ff1ad3f340572b08190,data/raw/datasets/datasets/Notes/Sixteenth/s681.jpg,64,64,0.0615234375
data/processed/images/sixteenth_note/003111.png,sixteenth_note,aea23c1b05fdb30ebf4c3ae0992339fe1008bf21731046fa1b3449161f8bbdc1,data/raw/datasets/datasets/Notes/Sixteenth/s201.jpg,64,64,0.04443359375
data/processed/images/eighth_note/000335.png,eighth_note,f0b70f1f1a208356be30083861f56b6f1c64125cd43fa6d8804d815d48b4d8ba,data/raw/datasets/datasets/Notes/Eight/e40.jpg,64,64,0.040283203125
data/processed/images/half_note/001338.png,half_note,69d3bd959c781f8de276c789adee04a00db3ce31a4088a2123366ff85531a8a2,data/raw/datasets/datasets/Notes/Half/h406.jpg,64,64,0.07958984375
data/processed/images/quarter_note/002718.png,quarter_note,320983067a188209bc12957b02700b1f51b6cee94c28378ba888bf414990ae0d,data/raw/datasets/datasets/Notes/Quarter/q749.jpg,64,64,0.050537109375
data/processed/images/quarter_note/002134.png,quarter_note,578db02febdad7d7748e2bf34ab00d9faead30265a9e5c81e1096576c2a60243,data/raw/datasets/datasets/Notes/Quarter/q222.jpg,64,64,0.04248046875
data/processed/images/whole_note/004192.png,whole_note,c959f7186005f5ca1a48b70e0b99655f7f95b482280c21fdda2001bcbb73cb40,data/raw/datasets/datasets/Notes/Whole/w276.jpg,64,64,0.143798828125
data/processed/images/eighth_note/000133.png,eighth_note,9eda46ad09cdaa4a8c87a5d754130cd5fe760e3c3dd83565c2b122d5964b2648,data/raw/datasets/datasets/Notes/Eight/e218.jpg,64,64,0.066162109375
data/processed/images/quarter_note/002190.png,quarter_note,da925cb516222e50fe17559a9d1f6a2fe0027673779d78cd165f51dc28151f7d,data/raw/datasets/datasets/Notes/Quarter/q273.jpg,64,64,0.03955078125
data/processed/images/quarter_note/002371.png,quarter_note,9a99928b23a53a0d5816a69a8e4bde898e82c0b43a7db0f51e8eceaf830b8047,data/raw/datasets/datasets/Notes/Quarter/q436.jpg,64,64,0.025390625
data/processed/images/sixteenth_note/003217.png,sixteenth_note,f9ddc5c3dbd9020a3d91defa5a67e0913d00ab5e6d162cd23b5377057bc606ec,data/raw/datasets/datasets/Notes/Sixteenth/s298.jpg,64,64,0.18115234375
data/processed/images/whole_note/004198.png,whole_note,eec62e6ff9830c5bf24d656f5ad15ccb06b1932f3cf0a944dc2711f979e0a5d3,data/raw/datasets/datasets/Notes/Whole/w281.jpg,64,64,0.05078125
data/processed/images/whole_note/004194.png,whole_note,50c480570c90ea82a20017374e60c5207ede8c2ae5017a5a5875d7cb3a05a6a6,data/raw/datasets/datasets/Notes/Whole/w278.jpg,64,64,0.068115234375
data/processed/images/quarter_note/002466.png,quarter_note,64107207cac9d34ed77ddd1c98deffece733e1d24eb774804f694d2ac74fb6a6,data/raw/datasets/datasets/Notes/Quarter/q521.jpg,64,64,0.085693359375
data/processed/images/half_note/001164.png,half_note,5511da48359b5cde243555c99107e3e91532084c2b7709d5ddd45bd297ea5567,data/raw/datasets/datasets/Notes/Half/h25.jpg,64,64,0.120361328125
data/processed/images/eighth_note/000892.png,eighth_note,d34e74607e31928a2fae85667b8313525b3dd781b94cec230ac0a915b52cd87d,data/raw/datasets/datasets/Notes/Eight/e905.jpg,64,64,0.17138671875
data/processed/images/eighth_note/000887.png,eighth_note,c80ea5142da0ce68da6945d396212c0e23bf21f84c6763ebf7e63c8b2b1f2b48,data/raw/datasets/datasets/Notes/Eight/e900.jpg,64,64,0.05615234375
data/processed/images/eighth_note/000810.png,eighth_note,603c6d83c1e1b3431a7ef996407e48ea3402a1efe14b13df36bbcfe6a88343b8,data/raw/datasets/datasets/Notes/Eight/e831.jpg,64,64,0.073974609375
data/processed/images/whole_note/004408.png,whole_note,05033e205e960ae4ce9e9cf0422764edf90310987bd7f0630d2a368393698575,data/raw/datasets/datasets/Notes/Whole/w470.jpg,64,64,0.022216796875
data/processed/images/whole_note/004634.png,whole_note,22efbc89e9b48cef7df2aee5f1ccd963da67d6bb5f5ac47e91ff91b3fe3269f4,data/raw/datasets/datasets/Notes/Whole/w674.jpg,64,64,0.08544921875
data/processed/images/half_note/001066.png,half_note,14baa20ea8ca0de28162e0af85430662584ad2956c2acb47620a1d0bbc0e3600,data/raw/datasets/datasets/Notes/Half/h161.jpg,64,64,0.062744140625
data/processed/images/eighth_note/000677.png,eighth_note,4d54200300971e978d2c1cc788fdd9343b50a118438bf8bec13835c9375c63cc,data/raw/datasets/datasets/Notes/Eight/e708.jpg,64,64,0.056396484375
data/processed/images/half_note/001546.png,half_note,052d84038cc7c629a595281bdbcd59b854e5da7176930b75d2837fb4bc71a383,data/raw/datasets/datasets/Notes/Half/h594.jpg,64,64,0.119384765625
data/processed/images/sixteenth_note/003482.png,sixteenth_note,a663f2c1fa765f99c2ad22adbc5c83222ad08d5b257887844d3768b42cf6f79a,data/raw/datasets/datasets/Notes/Sixteenth/s536.jpg,64,64,0.086669921875
data/processed/images/quarter_note/002734.png,quarter_note,43e7263ebd46bb7c925b5bafcd0575d42ec3b401ffff51515eef4910adc23326,data/raw/datasets/datasets/Notes/Quarter/q763.jpg,64,64,0.027099609375
data/processed/images/sixteenth_note/003015.png,sixteenth_note,56a92bc23a309dfa5bac0d0e2d77fbc8299a9a231004039a9bd6d30dcffe358c,data/raw/datasets/datasets/Notes/Sixteenth/s115.jpg,64,64,0.1923828125
data/processed/images/whole_note/004958.png,whole_note,a6e4605fd334bf6dc33b3da95b2d559f74864f74d97f2a18d460b5faf5e0f329,data/raw/datasets/datasets/Notes/Whole/w966.jpg,64,64,0.036376953125
data/processed/images/eighth_note/000523.png,eighth_note,0e7cc6b0c2d8c66c38f6ccf7f07dea438fe28ddb5637977e1c8b0a592ddb5782,data/raw/datasets/datasets/Notes/Eight/e57.jpg,64,64,0.043212890625
data/processed/images/quarter_note/002785.png,quarter_note,2b299b5eab97de762a634f246e70c3ebd81cc84be996e85a3528eb4387ee2a40,data/raw/datasets/datasets/Notes/Quarter/q809.jpg,64,64,0.03515625
data/processed/images/eighth_note/000301.png,eighth_note,f2967420bcdbea845fe97263c3ed5e639cd8fe2de97ca7f1c1bf65bac16d8927,data/raw/datasets/datasets/Notes/Eight/e37.jpg,64,64,0.079345703125
data/processed/images/whole_note/004178.png,whole_note,1655900e29323766eda579dee419523ef7d66a3003b32e400370ab0d621c94e2,data/raw/datasets/datasets/Notes/Whole/w263.jpg,64,64,0.068115234375
data/processed/images/sixteenth_note/002998.png,sixteenth_note,86d4a5c41546e359ef37aed5d60bb1f3f75ef4958c3ff559c78283774b168934,data/raw/datasets/datasets/Notes/Sixteenth/s100.jpg,64,64,0.07763671875
data/processed/images/half_note/001733.png,half_note,40007b158dda429475e12c254208e6e3c7c3e7c8ac5197024cc5865a58262570,data/raw/datasets/datasets/Notes/Half/h762.jpg,64,64,0.03662109375
data/processed/images/eighth_note/000008.png,eighth_note,aa375ee9eb676f4df39873eeb8ac4db36c5677d0cf9145cf9976b85b89f7352a,data/raw/datasets/datasets/Notes/Eight/e105.jpg,64,64,0.032470703125
data/processed/images/half_note/001470.png,half_note,b978311647d1a4bcd8f47badeb52337725ccd9663cda22e148c55ca65452ab28,data/raw/datasets/datasets/Notes/Half/h525.jpg,64,64,0.1162109375
data/processed/images/quarter_note/002404.png,quarter_note,2a59c553f20dc914060de1b80c48590ce913fcc13b2949ec5d26b7a53443c498,data/raw/datasets/datasets/Notes/Quarter/q466.jpg,64,64,0.044921875
data/processed/images/quarter_note/002267.png,quarter_note,917480c01c0d210b4e3ed1365f9e3809d0b05fe4b34d52d4c0ca31afec86f722,data/raw/datasets/datasets/Notes/Quarter/q342.jpg,64,64,0.06787109375
data/processed/images/quarter_note/002415.png,quarter_note,806576e3fa29ccb8aefcdd009e8a3602ac28a56d85b5bdc26c71349ef9e57455,data/raw/datasets/datasets/Notes/Quarter/q476.jpg,64,64,0.047119140625
data/processed/images/half_note/001854.png,half_note,9471bea2c6a4fa42bd5e561e913c8c9b8a1a1aefbba1f69d6e3beed26c9ee1e1,data/raw/datasets/datasets/Notes/Half/h871.jpg,64,64,0.014892578125
data/processed/images/half_note/001206.png,half_note,524f374dabea367425941ec731c21dd9c0ab1d166193c563101075632afa9fd7,data/raw/datasets/datasets/Notes/Half/h288.jpg,64,64,0.089599609375
data/processed/images/sixteenth_note/003238.png,sixteenth_note,093d55250a2949307b4e340d89ba4e22456599f12cd6097c8e3923dd32252581,data/raw/datasets/datasets/Notes/Sixteenth/s316.jpg,64,64,0.107666015625
data/processed/images/whole_note/004322.png,whole_note,3887eb701ca1144c9a13f59fdb00e1d00de112ea9921d2df4642ff897d9a1cb1,data/raw/datasets/datasets/Notes/Whole/w393.jpg,64,64,0.044677734375
data/processed/images/quarter_note/002242.png,quarter_note,dfac3567554544a6b706dc78bc12238dad7d78712450a186a43016f9a4b05b8c,data/raw/datasets/datasets/Notes/Quarter/q32.jpg,64,64,0.02978515625
data/processed/images/whole_note/004314.png,whole_note,41619413b23f7a4bd9b277ab5a9c31016d1a90b399ba1c90129a61a9d9f12c37,data/raw/datasets/datasets/Notes/Whole/w386.jpg,64,64,0.05224609375
data/processed/images/sixteenth_note/003792.png,sixteenth_note,cbf6639b49dbbe0032ba68752c689f5694fedc419e58b3c53153a7e257d6b4cc,data/raw/datasets/datasets/Notes/Sixteenth/s816.jpg,64,64,0.0791015625
data/processed/images/whole_note/004522.png,whole_note,210b22b960da1fb6239d2c58bc1714c6cc5f24c54da9c3acd68c726922374179,data/raw/datasets/datasets/Notes/Whole/w573.jpg,64,64,0.05029296875
data/processed/images/half_note/001202.png,half_note,9a41f463e1c9cefd8a773b6d7fc423e60d27c1f49017f6c399a3a9cb3b171cfa,data/raw/datasets/datasets/Notes/Half/h284.jpg,64,64,0.052490234375
data/processed/images/whole_note/004650.png,whole_note,6e1f6b2b277c5ba0e6352532d4e1f8a0e1fd37b7f32aaba9b4057fd6ffa094de,data/raw/datasets/datasets/Notes/Whole/w689.jpg,64,64,0.11865234375
data/processed/images/half_note/001594.png,half_note,795ed9305dd8486e2d5a2adaa37864026feab7912cd7379a03f9d7ea7576d27d,data/raw/datasets/datasets/Notes/Half/h637.jpg,64,64,0.049560546875
data/processed/images/eighth_note/000261.png,eighth_note,4769836cc4670cfb4cc28d2192f25676719fade462ab1204989c346277e1cd40,data/raw/datasets/datasets/Notes/Eight/e333.jpg,64,64,0.042236328125
data/processed/images/eighth_note/000531.png,eighth_note,46ac978ba7f32eb24d8f88378326680e98ada3fdf84ab4b21bd7028997d7e683,data/raw/datasets/datasets/Notes/Eight/e577.jpg,64,64,0.268798828125
data/processed/images/eighth_note/000111.png,eighth_note,185e7513f8ada6f1bac3db8c71bc8aeeacf2fb640a71a58c2ec6cacd995315b2,data/raw/datasets/datasets/Notes/Eight/e199.jpg,64,64,0.119384765625
data/processed/images/whole_note/004603.png,whole_note,e47ee6225704a61e2633230262cb9ff7014c214cdc562b59cbf208ba9444e3a5,data/raw/datasets/datasets/Notes/Whole/w646.jpg,64,64,0.1083984375
data/processed/images/whole_note/004349.png,whole_note,d9799b403e724bbc865aebace96ed506f195c138315081a4de6343e9b6d25c39,data/raw/datasets/datasets/Notes/Whole/w417.jpg,64,64,0.048095703125
data/processed/images/sixteenth_note/003197.png,sixteenth_note,c737e7951e1308e14ab310d5d52f4aaef4c976b4a4b335b608f8da0f06f9b371,data/raw/datasets/datasets/Notes/Sixteenth/s28.jpg,64,64,0.160400390625
data/processed/images/eighth_note/000481.png,eighth_note,5612b2b9f3bb26ec833cdaa68292cdcd2b1a9b1f8bb9339946b43863e59c99cf,data/raw/datasets/datasets/Notes/Eight/e531.jpg,64,64,0.087158203125
data/processed/images/sixteenth_note/003150.png,sixteenth_note,6b92a04d451238c9af1e63cb2e7fae26f36c08befd441ae09964653219e1cfa2,data/raw/datasets/datasets/Notes/Sixteenth/s237.jpg,64,64,0.0771484375
data/processed/images/sixteenth_note/003994.png,sixteenth_note,6df610eb3f99202101d85c0e8cbc8d40bd23585bc076f1ca79f7151173794301,data/raw/datasets/datasets/Notes/Sixteenth/s999.jpg,64,64,0.133056640625
data/processed/images/eighth_note/000543.png,eighth_note,ee2f539c846412febdd20fc35bb832a8506f11ef9814fd83124629e98073e8b0,data/raw/datasets/datasets/Notes/Eight/e588.jpg,64,64,0.09765625
data/processed/images/half_note/001748.png,half_note,97bfbb3688e028f04e77bfa0d9556849d87a7bf89a19cc9bd16d0c53ef8abe87,data/raw/datasets/datasets/Notes/Half/h776.jpg,64,64,0.047607421875
data/processed/images/sixteenth_note/003320.png,sixteenth_note,aae20b812de020a007ba503e9947b5da13f0fe7a64a9b3f53d14f8bb4172a07a,data/raw/datasets/datasets/Notes/Sixteenth/s390.jpg,64,64,0.0634765625
data/processed/images/quarter_note/002913.png,quarter_note,d7a86a89137e3786c4d49d7817e40eb3efb26d0d71f0ab4648a7f4c3aef2273b,data/raw/datasets/datasets/Notes/Quarter/q924.jpg,64,64,0.03759765625
data/processed/images/half_note/001196.png,half_note,41aca75e79f4f7dc055e57fe2b01d42c0700b1db3fe8107123e3fc88fae8b2c1,data/raw/datasets/datasets/Notes/Half/h279.jpg,64,64,0.03173828125
data/processed/images/quarter_note/002494.png,quarter_note,32b606fe09661e2b9ce6519034b890e36ff6c6e68b328e194dfdc127800a7d3a,data/raw/datasets/datasets/Notes/Quarter/q547.jpg,64,64,0.18359375
data/processed/images/whole_note/004107.png,whole_note,bdfa951129a9738326de73ad2f810a51dbcc8a91418790b9a349b1b9b6c2530e,data/raw/datasets/datasets/Notes/Whole/w2.jpg,64,64,0.134033203125
data/processed/images/half_note/001142.png,half_note,b25dd648ba2691221631df0478135cc5d1d3b42b9ab19db8eac43e9ded44b36c,data/raw/datasets/datasets/Notes/Half/h23.jpg,64,64,0.062255859375
data/processed/images/quarter_note/002601.png,quarter_note,6b4a277b54c73de64ad7a429470877b40f6ac897fd7e1ff188886c3b8b2863d0,data/raw/datasets/datasets/Notes/Quarter/q643.jpg,64,64,0.12744140625
data/processed/images/half_note/001928.png,half_note,247580ba7b25bcb99f0d1239b8394826bb6bb62caa280a0e0d091660868b8a86,data/raw/datasets/datasets/Notes/Half/h938.jpg,64,64,0.025146484375
data/processed/images/eighth_note/000316.png,eighth_note,1b2f2bf85c1d654db5085736a5a97abad89d611846ff013bdfa79495a1e8719e,data/raw/datasets/datasets/Notes/Eight/e383.jpg,64,64,0.054931640625
data/processed/images/quarter_note/001997.png,quarter_note,158be12a50703b2f768f6432c1d49d9e6781b7a3691cd8b97410f17f838420d3,data/raw/datasets/datasets/Notes/Quarter/q10.jpg,64,64,0.027587890625
data/processed/images/whole_note/004730.png,whole_note,228af651695799c48c8899ab740dd828ddc53a3b78c722b04301fe969a7ebd5b,data/raw/datasets/datasets/Notes/Whole/w760.jpg,64,64,0.1328125
data/processed/images/whole_note/004222.png,whole_note,49cbc76f08d09b7d0ed83d484e03873307ea793b4a087a843abc7e4709de3ffb,data/raw/datasets/datasets/Notes/Whole/w302.jpg,64,64,0.26708984375
data/processed/images/quarter_note/002563.png,quarter_note,842211493113152e714fc776740cd423222f8fb5a6b7f0bf2b0b72604f231ca2,data/raw/datasets/datasets/Notes/Quarter/q609.jpg,64,64,0.052978515625
data/processed/images/quarter_note/002166.png,quarter_note,8d3c0e6b96d88f81d01521918c23b7bd02c5459f8dd9ec02100d590cd2fe14ac,data/raw/datasets/datasets/Notes/Quarter/q251.jpg,64,64,0.023681640625
data/processed/images/sixteenth_note/003069.png,sixteenth_note,7d3eb001351f78acbbd66696aa23148c2ae1cbb3e94377bc5057f2832299cc3d,data/raw/datasets/datasets/Notes/Sixteenth/s164.jpg,64,64,0.091552734375
data/processed/images/eighth_note/000286.png,eighth_note,1d0c54c5fa105c7654f6e1b77d7115784bad9d4834da88bd7e890fd1ba1dd35f,data/raw/datasets/datasets/Notes/Eight/e356.jpg,64,64,0.072998046875
data/processed/images/whole_note/004233.png,whole_note,78c1f5a564b8fd2cc1fb46488b21598c1d291d6baf461bf2ec6a59b774b310e3,data/raw/datasets/datasets/Notes/Whole/w312.jpg,64,64,0.12744140625
data/processed/images/quarter_note/002646.png,quarter_note,73c0718424e3f230fc10c3dfb1e1880f2863d2fa80f9cbf4435e4569a25cf93d,data/raw/datasets/datasets/Notes/Quarter/q684.jpg,64,64,0.037353515625
data/processed/images/sixteenth_note/003533.png,sixteenth_note,d3f1caddac46000287d1a01d0aa4605a673db631b4a3c2404d46f9c152717069,data/raw/datasets/datasets/Notes/Sixteenth/s582.jpg,64,64,0.13720703125
data/processed/images/sixteenth_note/003473.png,sixteenth_note,01981f0084ec970b63a81bf1e8507a2c30dbe4956ada87228149c0aca6b978bf,data/raw/datasets/datasets/Notes/Sixteenth/s528.jpg,64,64,0.16064453125
data/processed/images/eighth_note/000628.png,eighth_note,02affccb64b54db1c61043801ff7f5158185bc462d80305e92eebf622b5b0eb6,data/raw/datasets/datasets/Notes/Eight/e664.jpg,64,64,0.048095703125
data/processed/images/half_note/001531.png,half_note,124f8e682a4893111609eec657034355dc768d3c1d236bd20a35c36d2d50e660,data/raw/datasets/datasets/Notes/Half/h580.jpg,64,64,0.048095703125
data/processed/images/eighth_note/000149.png,eighth_note,3edda722f013fba11210d54608af4c2fc45e0030700255bd4d37aaf99bf1ff24,data/raw/datasets/datasets/Notes/Eight/e232.jpg,64,64,0.03125
data/processed/images/quarter_note/002568.png,quarter_note,3cbd443959b7b37770252f24b12dc9c246076aa19bcc2e4cd863d68becc714bb,data/raw/datasets/datasets/Notes/Quarter/q613.jpg,64,64,0.0849609375
data/processed/images/sixteenth_note/003578.png,sixteenth_note,cce64bd12efbbb6efe5276f79584cd8d14a4b50b48a15fb7ae9c6e36d5288c72,data/raw/datasets/datasets/Notes/Sixteenth/s622.jpg,64,64,0.082763671875
data/processed/images/whole_note/004716.png,whole_note,a37fa1a58df088fd1efaae31ca88bb5b06be5316005e7786f7c384dc00196f90,data/raw/datasets/datasets/Notes/Whole/w748.jpg,64,64,0.109375
data/processed/images/whole_note/004883.png,whole_note,4b8ec0754ab074f2129464cad9ef862902b936a28c3a16af19057a619a064c02,data/raw/datasets/datasets/Notes/Whole/w899.jpg,64,64,0.114501953125
data/processed/images/half_note/001359.png,half_note,0f6ba0b078aa2fae1f91d3852dca1e18cc2e651790b992169efb2b2536555f52,data/raw/datasets/datasets/Notes/Half/h425.jpg,64,64,0.044189453125
data/processed/images/sixteenth_note/003327.png,sixteenth_note,62d74b05f09b69f90a6bd64883fb622bbaa2d8c3b6aa13301eeee3f35aa876a6,data/raw/datasets/datasets/Notes/Sixteenth/s397.jpg,64,64,0.063232421875
data/processed/images/eighth_note/000689.png,eighth_note,c07ec046cb1343046cc4e3d99a0014ae21ef5275a54501fc5b5cd7db13144571,data/raw/datasets/datasets/Notes/Eight/e719.jpg,64,64,0.12841796875
data/processed/images/eighth_note/000388.png,eighth_note,65f7267d9aef235156d496f65210922aea3429ec138d7b01b1f50670246f56f8,data/raw/datasets/datasets/Notes/Eight/e448.jpg,64,64,0.07177734375
data/processed/images/eighth_note/000505.png,eighth_note,21582a891b30d5e1c3fd48817b064161b03b340b8294556103652cf835ffde85,data/raw/datasets/datasets/Notes/Eight/e553.jpg,64,64,0.102294921875
data/processed/images/whole_note/004534.png,whole_note,c074f6627ed25bc381e5043f384a39654176fa0d98766579f954519748e7f71b,data/raw/datasets/datasets/Notes/Whole/w584.jpg,64,64,0.178955078125
data/processed/images/sixteenth_note/003559.png,sixteenth_note,7227d9878990e2546d5b8c92ecbf8dc155652ac24f287adcde6b9bc0d57bd287,data/raw/datasets/datasets/Notes/Sixteenth/s605.jpg,64,64,0.24609375
data/processed/images/sixteenth_note/003869.png,sixteenth_note,2df348983caa2b75311e661d2070c3bc8dda4149992ee45f1e607fb5b4b01287,data/raw/datasets/datasets/Notes/Sixteenth/s886.jpg,64,64,0.1015625
data/processed/images/eighth_note/000340.png,eighth_note,e3b26ef0af93a73126d14035b53be53369efebb64a7c816b21fe7b196190a1e8,data/raw/datasets/datasets/Notes/Eight/e404.jpg,64,64,0.13525390625
data/processed/images/eighth_note/000626.png,eighth_note,e86b6796f7e495ad22ed0f847006eb7f3375d69a72f7a5cd83abf62f59a26242,data/raw/datasets/datasets/Notes/Eight/e662.jpg,64,64,0.066162109375
data/processed/images/sixteenth_note/003450.png,sixteenth_note,47070dd357b11ea44a252eb85c882c38f2dba73ae1ca87841456b42f07bacbaf,data/raw/datasets/datasets/Notes/Sixteenth/s507.jpg,64,64,0.20556640625
data/processed/images/eighth_note/000175.png,eighth_note,d554d9ccc2464c39bbc1a0d2198131a79c39e3df8138670221aec12bc946bb38,data/raw/datasets/datasets/Notes/Eight/e256.jpg,64,64,0.02783203125
data/processed/images/whole_note/004904.png,whole_note,7a3c4cabf6304e1a66b13b291abf91186472f72c4f4d158f8b24dafe4423f364,data/raw/datasets/datasets/Notes/Whole/w917.jpg,64,64,0.170654296875
data/processed/images/sixteenth_note/003616.png,sixteenth_note,9556cd2373b5aa1c5bbc6d519500b4d474f8cf386091844cdacba2899cf65dd9,data/raw/datasets/datasets/Notes/Sixteenth/s657.jpg,64,64,0.1572265625
data/processed/images/half_note/001604.png,half_note,fc39ca6e286330a1cc40d293345d1276bd655d64801c5dcb1d01dfbec954cb20,data/raw/datasets/datasets/Notes/Half/h646.jpg,64,64,0.02490234375
data/processed/images/whole_note/004312.png,whole_note,16d258ae3750a2a791b12de38b089fcdf069ecdb8b4b09a7962b8b4defcbcd1c,data/raw/datasets/datasets/Notes/Whole/w384.jpg,64,64,0.058837890625
data/processed/images/eighth_note/000530.png,eighth_note,6e2d8e74639fb35d0663603e5fb4b3240e674ac4d1958b25fc9f6282fb9a1679,data/raw/datasets/datasets/Notes/Eight/e576.jpg,64,64,0.1787109375
data/processed/images/half_note/001524.png,half_note,0d22249434cf68fc956aa5dd8d0881f5a0682ead2b531ffb1f21d78c2f2e0c93,data/raw/datasets/datasets/Notes/Half/h574.jpg,64,64,0.041259765625
data/processed/images/half_note/001581.png,half_note,7ef0a9ae676b8f794e97a3ff55384fe8413e3dd1157f91f51a6db184cb75f6f6,data/raw/datasets/datasets/Notes/Half/h625.jpg,64,64,0.048095703125
data/processed/images/whole_note/004441.png,whole_note,08c963b8e0026a244555b951c1251b4f030d138efdaa94bbccf1e0bf732a58c5,data/raw/datasets/datasets/Notes/Whole/w50.jpg,64,64,0.239013671875
data/processed/images/sixteenth_note/003637.png,sixteenth_note,2ee6081f881cca2ac99aac7eb5d8c5b3721e316f477cee4f4a4c05059c0800a9,data/raw/datasets/datasets/Notes/Sixteenth/s676.jpg,64,64,0.09326171875
data/processed/images/eighth_note/000739.png,eighth_note,23847f59ba68e3f526cfb7dff6119b7fb8327d0f3cbff3f48f16afef35d671a1,data/raw/datasets/datasets/Notes/Eight/e767.jpg,64,64,0.08544921875
data/processed/images/eighth_note/000982.png,eighth_note,6dcdd1798bb23ed8b411c2fa828acfe9b901042073680770ae94cd4dc8420fd1,data/raw/datasets/datasets/Notes/Eight/e987.jpg,64,64,0.062255859375
data/processed/images/whole_note/004420.png,whole_note,5c26e49cb290a309a7f7a7b63fba03e8aff2bd9bb8d3c9926c8152dd7fdd001a,data/raw/datasets/datasets/Notes/Whole/w481.jpg,64,64,0.041259765625
data/processed/images/whole_note/004140.png,whole_note,3566ee33762a8902590ccf52bd9afdbee674effe6954e91a0066408ec79271f8,data/raw/datasets/datasets/Notes/Whole/w229.jpg,64,64,0.043701171875
data/processed/images/eighth_note/000367.png,eighth_note,5086907804b6e0ce76726897335793d672bdf94ac9673e5d099abfa3ea3ffc28,data/raw/datasets/datasets/Notes/Eight/e429.jpg,64,64,0.0849609375
data/processed/images/quarter_note/002920.png,quarter_note,1daf9f0a4c6c4179a8ecb2e07ff581d170df616a7c1db69dbce54484adf71a35,data/raw/datasets/datasets/Notes/Quarter/q930.jpg,64,64,0.03076171875
data/processed/images/eighth_note/000908.png,eighth_note,e2b20ea3696f159f4d09274248533b10622a3df9a0d1510689c8e31550bcd0eb,data/raw/datasets/datasets/Notes/Eight/e92.jpg,64,64,0.020263671875
data/processed/images/half_note/001710.png,half_note,1c3fbbb009f9835e651e164458b66bf5a48e9cfa1f634c1727021aa5aef6f9b6,data/raw/datasets/datasets/Notes/Half/h741.jpg,64,64,0.049560546875
data/processed/images/half_note/001642.png,half_note,ef6571ea30eeaade7d690e1f37d223d1587293e63355ba7fa0f0669eb0c2785e,data/raw/datasets/datasets/Notes/Half/h680.jpg,64,64,0.070068359375
data/processed/images/whole_note/004757.png,whole_note,de1629df202230d217fb83a7c4ab67684dfd04c3818de48be1158732b95cc084,data/raw/datasets/datasets/Notes/Whole/w785.jpg,64,64,0.39501953125
data/processed/images/whole_note/004102.png,whole_note,72078fb90e09264036096eb6036be63afe7731cf2111a46f8419c25f3d18c36f,data/raw/datasets/datasets/Notes/Whole/w195.jpg,64,64,0.087646484375
data/processed/images/quarter_note/002260.png,quarter_note,dce673de598058542926c167ed8a0db37a394d07fc7958d2f1aeb6d9ea466677,data/raw/datasets/datasets/Notes/Quarter/q336.jpg,64,64,0.037353515625
data/processed/images/whole_note/004317.png,whole_note,d01ab6c262c8ae89cdb1bc05f5a8df901b01b4c769423f2c007dc0c24d7f545b,data/raw/datasets/datasets/Notes/Whole/w389.jpg,64,64,0.040771484375
data/processed/images/eighth_note/000994.png,eighth_note,6e31f7764919868ef202af942161514e9ccc12e6cb1583671c2f2b9bed1ad40f,data/raw/datasets/datasets/Notes/Eight/e998.jpg,64,64,0.072021484375
data/processed/images/eighth_note/000764.png,eighth_note,bebd862588faf3d2f69a8c3b37a5bfd287e357cbd386364eb84ee867fbe3cbdd,data/raw/datasets/datasets/Notes/Eight/e790.jpg,64,64,0.099365234375
data/processed/images/eighth_note/000627.png,eighth_note,7d25af9974365c30ecdf9c89e2bd7790d23eb7b1eaae7412f9a12ae805837dd6,data/raw/datasets/datasets/Notes/Eight/e663.jpg,64,64,0.04736328125
data/processed/images/half_note/001026.png,half_note,41a65fc1ed7dec55fc1d5a9d36c6986a151f3c35d52a3f83070cadb3bf842425,data/raw/datasets/datasets/Notes/Half/h125.jpg,64,64,0.102783203125
data/processed/images/whole_note/004960.png,whole_note,5b347db834c7be0372e340e9f553462264b860fc9685497200343ecad7652c2b,data/raw/datasets/datasets/Notes/Whole/w968.jpg,64,64,0.092041015625
data/processed/images/whole_note/004550.png,whole_note,07544c0981303ad0918d5116eac837bc627d32e20a39f4192e7df14445d9e47e,data/raw/datasets/datasets/Notes/Whole/w599.jpg,64,64,0.164306640625
data/processed/images/whole_note/004947.png,whole_note,ed0a4a9ec43255513a24b57bbffaac841fcf0030d896a40dab605b24cda4ebf9,data/raw/datasets/datasets/Notes/Whole/w956.jpg,64,64,0.076416015625
data/processed/images/quarter_note/002263.png,quarter_note,19fcc479886d07b91fcaca7bc70c63976757825e39438d78bcf017667d627ec6,data/raw/datasets/datasets/Notes/Quarter/q339.jpg,64,64,0.039306640625
data/processed/images/eighth_note/000964.png,eighth_note,74cd249a725f06ecb34f04a8f6a2019e6fe1e585ff2bf4a519fa3fd0225431c5,data/raw/datasets/datasets/Notes/Eight/e970.jpg,64,64,0.047607421875
data/processed/images/quarter_note/002879.png,quarter_note,93450aaf9b360d76618e085b83cc59cc7bb4a727c2803780a470bbff9fddc778,data/raw/datasets/datasets/Notes/Quarter/q894.jpg,64,64,0.03955078125
data/processed/images/sixteenth_note/003468.png,sixteenth_note,5e97af018270573b48177be32b6dc7a9425c88c665345c01550cbd9587eee4b2,data/raw/datasets/datasets/Notes/Sixteenth/s523.jpg,64,64,0.09130859375
data/processed/images/sixteenth_note/003928.png,sixteenth_note,669fdb4361e1da6f227120a4f08ef4e4053e183f027969be80768d4073dd1fea,data/raw/datasets/datasets/Notes/Sixteenth/s939.jpg,64,64,0.141357421875
data/processed/images/sixteenth_note/003392.png,sixteenth_note,c3e89ab012896a6ba808596672bf49197424a231bdfef0446343ede9c9a6567f,data/raw/datasets/datasets/Notes/Sixteenth/s455.jpg,64,64,0.069091796875
data/processed/images/eighth_note/000210.png,eighth_note,382e9c17bbc7c0db5500c5a8d2164f7031200e451666e11a07279f734778a4f0,data/raw/datasets/datasets/Notes/Eight/e288.jpg,64,64,0.033935546875
data/processed/images/sixteenth_note/003684.png,sixteenth_note,b3d636143751f4b841dd12e7ec2c519b7432f0269aaff5935b5b132d82593c86,data/raw/datasets/datasets/Notes/Sixteenth/s719.jpg,64,64,0.17431640625
data/processed/images/whole_note/004434.png,whole_note,f071bd9b8f481f234d423b937ebd0ba0a5d0b42cc4ae953885facf3bb6d4a0a7,data/raw/datasets/datasets/Notes/Whole/w494.jpg,64,64,0.014892578125
data/processed/images/half_note/001385.png,half_note,a36f1034cdefcc877fae32c1f15fd14cb04dd2766ac83ac20674dd8cd52009c8,data/raw/datasets/datasets/Notes/Half/h449.jpg,64,64,0.020263671875
data/processed/images/sixteenth_note/003650.png,sixteenth_note,637fe3981f12166f194c70dcbf0fef8c5faea5283deb789d3dba918c290cf013,data/raw/datasets/datasets/Notes/Sixteenth/s688.jpg,64,64,0.1279296875
data/processed/images/sixteenth_note/003454.png,sixteenth_note,dd364632ec1ce252cf9b028dfe4dff5c50b4d5e5a0fd7a61d24cddfd31111c56,data/raw/datasets/datasets/Notes/Sixteenth/s510.jpg,64,64,0.136962890625
data/processed/images/half_note/001040.png,half_note,fb95bf0fe187b98ae82d1fabeab649a6def019b4b68dfce8f01ec1655f35efb1,data/raw/datasets/datasets/Notes/Half/h138.jpg,64,64,0.064208984375
data/processed/images/sixteenth_note/003502.png,sixteenth_note,a6629ea5d6b68baa11dfc920fc437821899ef8fd893552d2aef46a97ae01d727,data/raw/datasets/datasets/Notes/Sixteenth/s554.jpg,64,64,0.10400390625
data/processed/images/half_note/001848.png,half_note,9d127f4edf1412d9e15ee3fbb7ece23f861d59dc494039abca6e886461a3461f,data/raw/datasets/datasets/Notes/Half/h866.jpg,64,64,0.01708984375
data/processed/images/sixteenth_note/003166.png,sixteenth_note,1223d7c9108cebe7579ced4a00356a3cf257c15a7182dc2d00096956612aa5c0,data/raw/datasets/datasets/Notes/Sixteenth/s251.jpg,64,64,0.0419921875
data/processed/images/sixteenth_note/003538.png,sixteenth_note,a4274f8a702b5acd81fa7dfedf77e38027bf6185c0987a6438dade427be791c9,data/raw/datasets/datasets/Notes/Sixteenth/s587.jpg,64,64,0.0966796875
data/processed/images/sixteenth_note/003542.png,sixteenth_note,5789da28f5e83f791dc0e29b26f9ea224d9e2744b9cf623e09e72449f2284ca4,data/raw/datasets/datasets/Notes/Sixteenth/s590.jpg,64,64,0.14892578125
data/processed/images/eighth_note/000195.png,eighth_note,41542f740c8f38abb82b6fcede7e45438606a1f77ad1b9119763dea2f4f067da,data/raw/datasets/datasets/Notes/Eight/e274.jpg,64,64,0.030029296875
data/processed/images/eighth_note/000486.png,eighth_note,ddd246a090b390d378fbdf6ea6fdeacd0acafcc04e21eca1e3bf51e08cf12da7,data/raw/datasets/datasets/Notes/Eight/e536.jpg,64,64,0.127685546875
data/processed/images/half_note/001493.png,half_note,144ccc98d5710fd4ba9e2d23e2dc2b0ad591f1159a17b93eaccf0ae368e66477,data/raw/datasets/datasets/Notes/Half/h546.jpg,64,64,0.02685546875
data/processed/images/whole_note/004959.png,whole_note,cb92f8830f739b5dd3a8d5f7c93ae3cbb7b276202b2f82eaab6bbc7db43f8480,data/raw/datasets/datasets/Notes/Whole/w967.jpg,64,64,0.0654296875
data/processed/images/half_note/001463.png,half_note,36bc444e3c093c5d1e5860a1a385a4babe463d9e836a22af4917b461fc41a026,data/raw/datasets/datasets/Notes/Half/h519.jpg,64,64,0.07763671875
data/processed/images/eighth_note/000597.png,eighth_note,1bbc8323b197c743d00d9684e312e039145d4e3a2eed217d203359cf09971761,data/raw/datasets/datasets/Notes/Eight/e636.jpg,64,64,0.16552734375
data/processed/images/half_note/001141.png,half_note,44c4c114dd0aab3ec619bd86b65d102c126c44d335edd4f768a1caf591ff836e,data/raw/datasets/datasets/Notes/Half/h229.jpg,64,64,0.045166015625
data/processed/images/quarter_note/002679.png,quarter_note,0b0347551d8c9e175f79791e156bb6b1867aeff8e0b6560ed6886a53f90c7df7,data/raw/datasets/datasets/Notes/Quarter/q713.jpg,64,64,0.03662109375
data/processed/images/eighth_note/000910.png,eighth_note,b3d6cc95e98e477c794ec79ead6bea68df9925d8bfefb6f085d82527c99a1d27,data/raw/datasets/datasets/Notes/Eight/e921.jpg,64,64,0.09326171875
data/processed/images/whole_note/004010.png,whole_note,14e204dec62bb191442bcbed2207524ce19281b984af17e218c9634ad995f298,data/raw/datasets/datasets/Notes/Whole/w111.jpg,64,64,0.21533203125
data/processed/images/half_note/001745.png,half_note,4ce237ba66535c15f457853c7fe50c65d412e26def6597a80a8b92804c6028d2,data/raw/datasets/datasets/Notes/Half/h773.jpg,64,64,0.095703125
data/processed/images/quarter_note/002153.png,quarter_note,bedb1489557377b1a5a5c35b3070d015804cd18e6ae3cea6d2bb6c2101e91710,data/raw/datasets/datasets/Notes/Quarter/q24.jpg,64,64,0.074951171875
data/processed/images/half_note/001623.png,half_note,9c0ace7cb6b3d16d74fab077b30251358edb2ce5ccaa5797bb93254c21ce7cc2,data/raw/datasets/datasets/Notes/Half/h663.jpg,64,64,0.111572265625
data/processed/images/eighth_note/000101.png,eighth_note,968b7aa9cd6a04637ea95c0c8f036b95d5094cfdfe209f0b5976ff4ec16fe2c2,data/raw/datasets/datasets/Notes/Eight/e19.jpg,64,64,0.069091796875
data/processed/images/sixteenth_note/003510.png,sixteenth_note,f844419470b6fb7eefa58bec38b012cb81e29470b88ad0a5dd431b3b4abf7205,data/raw/datasets/datasets/Notes/Sixteenth/s561.jpg,64,64,0.146728515625
data/processed/images/eighth_note/000634.png,eighth_note,d6ca527824fe5ceb40433e092e5ef738dbfb63e596120b3446c0b1905ebf141f,data/raw/datasets/datasets/Notes/Eight/e67.jpg,64,64,0.06298828125
data/processed/images/eighth_note/000249.png,eighth_note,1a377be542d3ae5a1219397be55dc296745bdb2c447cca2b2aa077e721e6acd6,data/raw/datasets/datasets/Notes/Eight/e322.jpg,64,64,0.034912109375
data/processed/images/quarter_note/002732.png,quarter_note,495d16476e49531475b470673ce054a3b74dbd7d0e4d0f852c1127118f579231,data/raw/datasets/datasets/Notes/Quarter/q761.jpg,64,64,0.048583984375
data/processed/images/quarter_note/002665.png,quarter_note,da867c9a7b3e932811522e90f29264b8ff7ee751d4e3ee129351d0cb264c5c29,data/raw/datasets/datasets/Notes/Quarter/q700.jpg,64,64,0.064208984375
data/processed/images/quarter_note/002738.png,quarter_note,14d9d9763b89b35fd23c3eb08e842477f75800f65ab9f40b26679e4906503fcb,data/raw/datasets/datasets/Notes/Quarter/q767.jpg,64,64,0.017822265625
data/processed/images/eighth_note/000806.png,eighth_note,57b56d14b9c199d6a71c8c4bebab56dae705eba0d65f57211d0ec71d892e0ece,data/raw/datasets/datasets/Notes/Eight/e828.jpg,64,64,0.140869140625
data/processed/images/half_note/001311.png,half_note,a4abfeb101e0dfbf18b5765a85a1d273cc1b534352b4faf2ff7c6a3cb81f4fdd,data/raw/datasets/datasets/Notes/Half/h382.jpg,64,64,0.032470703125
data/processed/images/quarter_note/002487.png,quarter_note,e31a6c21aa8a511a0aeb270f4d7565778d90442a8655039e9fd078070eebd46b,data/raw/datasets/datasets/Notes/Quarter/q540.jpg,64,64,0.114013671875
data/processed/images/whole_note/004720.png,whole_note,fffc43eb576542500533ad6e5b88232eb775e213e509f62fcc3d7014b61ab149,data/raw/datasets/datasets/Notes/Whole/w751.jpg,64,64,0.1708984375
data/processed/images/whole_note/004373.png,whole_note,67baaea8d4f3ced71156b98d7cfed6acb135144950630fdc21e5cfe6b1c57b06,data/raw/datasets/datasets/Notes/Whole/w439.jpg,64,64,0.02783203125
data/processed/images/whole_note/004081.png,whole_note,a24ed1737ea25a2a1634270b7b7c2e2e19df313ee9959ca2c2e177b91ccf8e57,data/raw/datasets/datasets/Notes/Whole/w176.jpg,64,64,0.14111328125
data/processed/images/whole_note/004188.png,whole_note,2029cea917126eb894f74104e2837585e11843dfb2ef67b12425aa1aedb126e6,data/raw/datasets/datasets/Notes/Whole/w272.jpg,64,64,0.052734375
data/processed/images/sixteenth_note/003076.png,sixteenth_note,a1759820e43785296a6a8dd366ffc1a57c88a3227e1c90506ed7aefdd099e029,data/raw/datasets/datasets/Notes/Sixteenth/s170.jpg,64,64,0.075927734375
data/processed/images/half_note/001039.png,half_note,4766aed742ec5d3db5c4b04a8e1b8d419b64bfe8e8a785c0940897d9a28a3c98,data/raw/datasets/datasets/Notes/Half/h137.jpg,64,64,0.087646484375
data/processed/images/whole_note/004100.png,whole_note,efe05da0039f29695f5c60d7ab8d0bdc7820c1f50ad3749a53caa3813f9235ce,data/raw/datasets/datasets/Notes/Whole/w193.jpg,64,64,0.16015625
data/processed/images/half_note/001932.png,half_note,4e2737a4caf32feafa758b55d233b309bcc9cebb30968c108ef9e795932d30b6,data/raw/datasets/datasets/Notes/Half/h941.jpg,64,64,0.053466796875
data/processed/images/quarter_note/002765.png,quarter_note,f12b3f130f371f6b21d4dbfaf43297a436af75e7fd5dfa6053005ac9cbf70dfa,data/raw/datasets/datasets/Notes/Quarter/q791.jpg,64,64,0.033935546875
data/processed/images/sixteenth_note/003100.png,sixteenth_note,f9cf63fbeaff72c5be88af255e87b2bcb3f687667677e5a14a363b8a06265522,data/raw/datasets/datasets/Notes/Sixteenth/s192.jpg,64,64,0.075439453125
data/processed/images/whole_note/004778.png,whole_note,f9f2e1abda2aca46a8bf2abf51607053c2551e92fcd25af764f1d5c7043eb85b,data/raw/datasets/datasets/Notes/Whole/w803.jpg,64,64,0.247802734375
data/processed/images/eighth_note/000986.png,eighth_note,b45f609453e40fc1e3cd1f7db06b71b30f278d91687bdc4270ff3be828aeefb9,data/raw/datasets/datasets/Notes/Eight/e990.jpg,64,64,0.06689453125
data/processed/images/half_note/001100.png,half_note,1efd4190986a9f89ce8899e703d82460672d06054f7711ca39177022c2600d2f,data/raw/datasets/datasets/Notes/Half/h192.jpg,64,64,0.028564453125
data/processed/images/sixteenth_note/003586.png,sixteenth_note,5a8b7aaae5614f0b14f1790b292f72c7c4f3e0e1522854e3846b9627c8fee774,data/raw/datasets/datasets/Notes/Sixteenth/s63.jpg,64,64,0.10986328125
data/processed/images/eighth_note/000426.png,eighth_note,4a5f0a490a4af397c46a580c87b77fae424cfb2a211953b2b0c4bfedf682f573,data/raw/datasets/datasets/Notes/Eight/e482.jpg,64,64,0.056884765625
data/processed/images/half_note/001410.png,half_note,8d09c2beb265154c199572d08b0cec8194d125201812623ff043fa0a69c34de5,data/raw/datasets/datasets/Notes/Half/h471.jpg,64,64,0.0390625
data/processed/images/eighth_note/000019.png,eighth_note,789d5c366ce72a37026e550832deb149dba41f931ed44030394d0cf68be22d6c,data/raw/datasets/datasets/Notes/Eight/e115.jpg,64,64,0.040771484375
data/processed/images/quarter_note/002932.png,quarter_note,823466260986b40773d7a6e48edb888b1a39588448494272a307d79647708ccc,data/raw/datasets/datasets/Notes/Quarter/q941.jpg,64,64,0.044677734375
data/processed/images/whole_note/004781.png,whole_note,f0d92f83a77ce1720b0f0fb5524e91ec090edf192c6129e883366d9ad7268330,data/raw/datasets/datasets/Notes/Whole/w806.jpg,64,64,0.357666015625
data/processed/images/sixteenth_note/003861.png,sixteenth_note,91654c14b58d3047c68ef14035dafcb3fcfc10dac8fbe35c777c055d3ec168dc,data/raw/datasets/datasets/Notes/Sixteenth/s879.jpg,64,64,0.067138671875
data/processed/images/whole_note/004977.png,whole_note,cc4f26ba7c9bb6311bb55dda45896b5775f79cd26c37831b546b46f9a84d3f77,data/raw/datasets/datasets/Notes/Whole/w983.jpg,64,64,0.0576171875
data/processed/images/quarter_note/002411.png,quarter_note,5ff16e68294175f57a5e5b7b0e515e57a89f08f7ba25a415444f9d8bca4eebaa,data/raw/datasets/datasets/Notes/Quarter/q472.jpg,64,64,0.023193359375
data/processed/images/sixteenth_note/003603.png,sixteenth_note,acb90339cb5b5586e77ccfb25f64e7d46e1976a6ca77d600759bf94d0d1bf5d9,data/raw/datasets/datasets/Notes/Sixteenth/s645.jpg,64,64,0.075927734375
data/processed/images/whole_note/004072.png,whole_note,3be5c8d88c2da7f4da9ca9a4e4a616ef86f925737a0e404f50d4cedaaed6d5c3,data/raw/datasets/datasets/Notes/Whole/w168.jpg,64,64,0.140380859375
data/processed/images/quarter_note/002675.png,quarter_note,9d526c590c3c22c3e8dbc8651c441784767f18e0862510421599440c111afe12,data/raw/datasets/datasets/Notes/Quarter/q71.jpg,64,64,0.0380859375
data/processed/images/whole_note/004436.png,whole_note,75217624d77491573a1789cdd8e18a199313cb5ffa9d760e875cc7a80a9cb77a,data/raw/datasets/datasets/Notes/Whole/w496.jpg,64,64,0.03076171875
data/processed/images/whole_note/004822.png,whole_note,25a0697f84039b4849b6cf2e15d1c3030b9a813c4c3d588c9f515c3fc407859d,data/raw/datasets/datasets/Notes/Whole/w843.jpg,64,64,0.163330078125
data/processed/images/sixteenth_note/003022.png,sixteenth_note,8d15b2f1b1e55676733a47f8a4b491e985a9c64e27a86ec871d6e21ef5e76342,data/raw/datasets/datasets/Notes/Sixteenth/s121.jpg,64,64,0.070556640625
data/processed/images/quarter_note/002367.png,quarter_note,89ab81301439193946c767369619e23a418adbe375ab503f81404f098688a65c,data/raw/datasets/datasets/Notes/Quarter/q432.jpg,64,64,0.051025390625
data/processed/images/whole_note/004247.png,whole_note,f4bf7a3e38722158f2742570cc2fc39045f4e6d2874f8a8dcea311789ee9b024,data/raw/datasets/datasets/Notes/Whole/w325.jpg,64,64,0.141357421875
data/processed/images/quarter_note/002909.png,quarter_note,fb141ad676f4b99f5e80195a15d67fabffe0962383d5795b514e1aed31712249,data/raw/datasets/datasets/Notes/Quarter/q920.jpg,64,64,0.06396484375
data/processed/images/eighth_note/000631.png,eighth_note,667874872d0d7cbd323f62395cac483a4d58e7042c5343f7b524c7e3a20222cd,data/raw/datasets/datasets/Notes/Eight/e667.jpg,64,64,0.109375
data/processed/images/half_note/001541.png,half_note,2eaf7e7cad4f840e1f66f21e546ea0652e32f021c85936df19cb3a7c151a4b6d,data/raw/datasets/datasets/Notes/Half/h59.jpg,64,64,0.041259765625
data/processed/images/half_note/001019.png,half_note,1801179f10f5f5e10b7d05c0231090d825dd2295f60ef7e841f834e8ed9c8866,data/raw/datasets/datasets/Notes/Half/h119.jpg,64,64,0.03125
data/processed/images/eighth_note/000721.png,eighth_note,4405c71d6dd4d31e1bf2678d2b59d7d1e227721cebd86694e5517e32a2fd557f,data/raw/datasets/datasets/Notes/Eight/e75.jpg,64,64,0.03173828125
data/processed/images/sixteenth_note/003838.png,sixteenth_note,99d4b9483d8040e1271be3b82d31397c499ff20bc0aa259cd78de811958ef4aa,data/raw/datasets/datasets/Notes/Sixteenth/s858.jpg,64,64,0.087890625
data/processed/images/quarter_note/002072.png,quarter_note,f9cdf9ef47745804ef34e6482c8e29a7690f1c0a541ab45e2f97ab7292f0fabb,data/raw/datasets/datasets/Notes/Quarter/q167.jpg,64,64,0.090087890625
data/processed/images/sixteenth_note/003083.png,sixteenth_note,30b4104f0e1db6ab62112b068999bfdec64d51327fcf461199d4a84ef7dda967,data/raw/datasets/datasets/Notes/Sixteenth/s177.jpg,64,64,0.105712890625
data/processed/images/whole_note/004872.png,whole_note,a0742e85dc3de54353ea881e00fd6c193ea540625a9067da82bfd2ca95e5e3c0,data/raw/datasets/datasets/Notes/Whole/w889.jpg,64,64,0.060546875
data/processed/images/whole_note/004025.png,whole_note,78f95e1ccc2843b177fed11922f4af97b227adc8aba0da84bc389b827ef754c7,data/raw/datasets/datasets/Notes/Whole/w125.jpg,64,64,0.126953125
data/processed/images/sixteenth_note/003851.png,sixteenth_note,0de06ba957c8419c99fcc9a1d9ee762719da728c2b0cd32344a4c9e3e338d2d2,data/raw/datasets/datasets/Notes/Sixteenth/s87.jpg,64,64,0.093017578125
data/processed/images/half_note/001755.png,half_note,61dd913edc6e1adbab0722cdd029dfdba6578a3a15c2e6794aad437907bda12b,data/raw/datasets/datasets/Notes/Half/h782.jpg,64,64,0.029541015625
data/processed/images/whole_note/004115.png,whole_note,dcb5c0b809a9a9cb1391cf72fcdcc6c6b589f42f99987406a44fe46d1fd1c254,data/raw/datasets/datasets/Notes/Whole/w206.jpg,64,64,0.110107421875
data/processed/images/eighth_note/000716.png,eighth_note,482f6313a2aee9c798b7d97b6340da916f8bd9d99ce5ecdcf08f2613cd6ec889,data/raw/datasets/datasets/Notes/Eight/e745.jpg,64,64,0.13134765625
data/processed/images/sixteenth_note/003405.png,sixteenth_note,be1f5a1a6c380d82571aa447332661d997e2f840a6053ccef3998ae2d246da5c,data/raw/datasets/datasets/Notes/Sixteenth/s467.jpg,64,64,0.244140625
data/processed/images/quarter_note/002184.png,quarter_note,1f75691f2c06c7174e67c25a85ac433441d98293b93f0abdb757f0b566844528,data/raw/datasets/datasets/Notes/Quarter/q268.jpg,64,64,0.0234375
data/processed/images/quarter_note/002815.png,quarter_note,8899ea3361db5aa15677033ea954b904974c73ea99a1128a550a4b23454d922f,data/raw/datasets/datasets/Notes/Quarter/q836.jpg,64,64,0.046875
data/processed/images/quarter_note/002588.png,quarter_note,fa47ae2f81595b395ab348a734b0bac5badf14421a76f23d3d934efa4c297bb1,data/raw/datasets/datasets/Notes/Quarter/q631.jpg,64,64,0.101806640625
data/processed/images/whole_note/004430.png,whole_note,19a3417267257cb85e4c4971913746c4baada9ac8a24f202a0ca6f622e7b6aca,data/raw/datasets/datasets/Notes/Whole/w490.jpg,64,64,0.02783203125
data/processed/images/sixteenth_note/003118.png,sixteenth_note,cc6d33c3b8c5690409a367830b383a768bff77852d007e968ff5734eb4ca5d02,data/raw/datasets/datasets/Notes/Sixteenth/s208.jpg,64,64,0.03564453125
data/processed/images/quarter_note/002241.png,quarter_note,80b8833a30ea4567f3fa787d95662efa11a014e8f3cb4591d64cd7e5722738c4,data/raw/datasets/datasets/Notes/Quarter/q319.jpg,64,64,0.03466796875
data/processed/images/whole_note/004775.png,whole_note,a4206136f0b1d8a37c92970012fab0c712affd646936712b4626c15dda96dc9b,data/raw/datasets/datasets/Notes/Whole/w800.jpg,64,64,0.3896484375
data/processed/images/quarter_note/002500.png,quarter_note,0766638e747eedf5b0ad6888d99582c8dc8d8d301cdd2b4e166048f60b9482d5,data/raw/datasets/datasets/Notes/Quarter/q552.jpg,64,64,0.09814453125
data/processed/images/eighth_note/000602.png,eighth_note,99498397833bf987e3190b8d1825a515d4400d060dbadc0b514061c702bc7f07,data/raw/datasets/datasets/Notes/Eight/e640.jpg,64,64,0.215087890625
data/processed/images/half_note/001145.png,half_note,2ec2726d4c7aacf30dfa9e31f134f78349f6949824755ca123fe45ade00417e1,data/raw/datasets/datasets/Notes/Half/h232.jpg,64,64,0.03759765625
data/processed/images/sixteenth_note/003148.png,sixteenth_note,64a0dd1fea65367d7935a5926675d7c695a18129ff60e9f67e1359181f808879,data/raw/datasets/datasets/Notes/Sixteenth/s235.jpg,64,64,0.0869140625
data/processed/images/sixteenth_note/003227.png,sixteenth_note,bf04ea0e7c8660bdf263a282976affce669057f88e5e4816a2b0c7d44af99c8f,data/raw/datasets/datasets/Notes/Sixteenth/s306.jpg,64,64,0.0751953125
data/processed/images/eighth_note/000192.png,eighth_note,68defff50320c49108912952bf8e5d9a73332928d07d8fb035af6b8b33a5a147,data/raw/datasets/datasets/Notes/Eight/e271.jpg,64,64,0.039306640625
data/processed/images/sixteenth_note/003742.png,sixteenth_note,28cd21e5dd34d993fd8fa5dc2a933361076023a754b8bc47b8079fb75c64d057,data/raw/datasets/datasets/Notes/Sixteenth/s771.jpg,64,64,0.077880859375
data/processed/images/half_note/001973.png,half_note,6d5a7a629569385e81d62b1d873c9d654c707ecdd9a1231fe760ff2109ef8575,data/raw/datasets/datasets/Notes/Half/h979.jpg,64,64,0.030029296875
data/processed/images/half_note/001303.png,half_note,48e6cae3436214a39fd79f2590a18c00f4b5bfb4b007e617c591762ddb0a9848,data/raw/datasets/datasets/Notes/Half/h375.jpg,64,64,0.03564453125
data/processed/images/half_note/001382.png,half_note,a8bd02c86e3c0ef5ea53957c4549864f08d26701fe0d3121de76477637581628,data/raw/datasets/datasets/Notes/Half/h446.jpg,64,64,0.02880859375
data/processed/images/sixteenth_note/003909.png,sixteenth_note,958321e4d5d17dd4ae4e5c057f29b1f3c1459d58eda1d5cadee2f573d528bd59,data/raw/datasets/datasets/Notes/Sixteenth/s921.jpg,64,64,0.089599609375
data/processed/images/quarter_note/002410.png,quarter_note,a7b33ef55e6c463abf10209979d3e0ef0b6e1220257849386f213e3c3b0e6659,data/raw/datasets/datasets/Notes/Quarter/q471.jpg,64,64,0.033447265625
data/processed/images/eighth_note/000227.png,eighth_note,cf80d140cf9d11410fa7c4af6afb0b8974c880bcc6bef45688c299a9c2761515,data/raw/datasets/datasets/Notes/Eight/e302.jpg,64,64,0.045166015625
data/processed/images/quarter_note/002737.png,quarter_note,1362ac528ab44f3b99a57b069e0e78b7c047ba00bd5041234eaf6455c66128a8,data/raw/datasets/datasets/Notes/Quarter/q766.jpg,64,64,0.059814453125
data/processed/images/quarter_note/002316.png,quarter_note,60d6bad08b9967b7524749b58662a5a321e65d419d96d000841fc9ff4ecb8b13,data/raw/datasets/datasets/Notes/Quarter/q387.jpg,64,64,0.077392578125
data/processed/images/eighth_note/000718.png,eighth_note,a9329f59601ede9a607dc956831960362c99bf6db650ecb3537abf4ddbf4c258,data/raw/datasets/datasets/Notes/Eight/e747.jpg,64,64,0.117431640625
data/processed/images/eighth_note/000045.png,eighth_note,1b44c7cf2cd4a83ad5382c569cc3d9de66f3b41af2331a536a5a6a93e37f6b6b,data/raw/datasets/datasets/Notes/Eight/e139.jpg,64,64,0.031005859375
data/processed/images/eighth_note/000104.png,eighth_note,7fd903bfd1a163a0361def340b593734d3819c9aef672fe8a8882a466aa396cc,data/raw/datasets/datasets/Notes/Eight/e192.jpg,64,64,0.109619140625
data/processed/images/half_note/001501.png,half_note,8c585cd496322b9aed2db046942fb2c33b0c8e2292525af6dc8a6eeab26f30cb,data/raw/datasets/datasets/Notes/Half/h553.jpg,64,64,0.0576171875
data/processed/images/eighth_note/000584.png,eighth_note,a674890c54c0b279b6e54a41e49c38619f7589b2405d475dd1965176014b9a14,data/raw/datasets/datasets/Notes/Eight/e624.jpg,64,64,0.173583984375
data/processed/images/eighth_note/000559.png,eighth_note,fd2973ea50802e73a0aea23e3ababa755893ec0251bf25f738f6d280fb3a94b1,data/raw/datasets/datasets/Notes/Eight/e601.jpg,64,64,0.08642578125
data/processed/images/sixteenth_note/003244.png,sixteenth_note,27cee7b19a80f1bd92bc1123dfd27b55a38e66aed4dba6619eb185b101ee3a72,data/raw/datasets/datasets/Notes/Sixteenth/s321.jpg,64,64,0.1455078125
data/processed/images/half_note/001842.png,half_note,62017a38d99863ec36cca0ebec72c1997598340efb3a8bacd78562d60f473b8d,data/raw/datasets/datasets/Notes/Half/h860.jpg,64,64,0.0380859375
data/processed/images/whole_note/004211.png,whole_note,c4f258cd8b1296d6880f97a5a43bfb1024058ba4375e2e23d1bbbee6b06b7dba,data/raw/datasets/datasets/Notes/Whole/w293.jpg,64,64,0.28564453125
data/processed/images/whole_note/004037.png,whole_note,28b29b0267aba5dc2a88ecaf2d9d6444ca8e39c02f2295cbe252df77afc34764,data/raw/datasets/datasets/Notes/Whole/w136.jpg,64,64,0.111572265625
data/processed/images/half_note/001629.png,half_note,a66b3b9cdca0b52c031d62402f5aa37e21dc8d7b6803f45e43c713d21cd31184,data/raw/datasets/datasets/Notes/Half/h669.jpg,64,64,0.138427734375
data/processed/images/quarter_note/002807.png,quarter_note,d31d86e4df793512c70aedc862b7ba3df2160af07d74349292867631f28b1078,data/raw/datasets/datasets/Notes/Quarter/q829.jpg,64,64,0.03955078125
data/processed/images/sixteenth_note/003307.png,sixteenth_note,f1b5b98c451aab44dd30076900ca03ed5ec85b8d228712521716f13df8769604,data/raw/datasets/datasets/Notes/Sixteenth/s379.jpg,64,64,0.03515625
data/processed/images/whole_note/004156.png,whole_note,fe00f73e8ff847ea54fb778156be3ec2d788be64bd012eceacd9b94615718a10,data/raw/datasets/datasets/Notes/Whole/w243.jpg,64,64,0.05029296875
data/processed/images/sixteenth_note/003356.png,sixteenth_note,f81298ace1e09d9cad9e96ddbe487773690411eb04c9205376beb6f25f37dc81,data/raw/datasets/datasets/Notes/Sixteenth/s422.jpg,64,64,0.044921875
data/processed/images/quarter_note/002025.png,quarter_note,501fc9a7f3a6f25fbbd96763b7c18434925306dad1bdde0a9743c855c3fa4c3b,data/raw/datasets/datasets/Notes/Quarter/q124.jpg,64,64,0.058349609375
data/processed/images/eighth_note/000480.png,eighth_note,eec0b7a16cd87d99a10c570015fe31f15204fd66e6dfa8a0005a16ee3e3d9a0c,data/raw/datasets/datasets/Notes/Eight/e530.jpg,64,64,0.05078125
data/processed/images/sixteenth_note/003147.png,sixteenth_note,30c2c19769e07c8832a5db0d5854f531460ff84c48dc14be8987fb5fced41001,data/raw/datasets/datasets/Notes/Sixteenth/s234.jpg,64,64,0.088134765625
data/processed/images/sixteenth_note/003711.png,sixteenth_note,4b167876f2c73013793b631f928a18db72e4b6b6bc85cee60496d6de3f291820,data/raw/datasets/datasets/Notes/Sixteenth/s743.jpg,64,64,0.051025390625
data/processed/images/whole_note/004516.png,whole_note,dd0a4e568a0d92cc84f0a8f04bcd1674a166d5b697833de7840fbf32ef7c1937,data/raw/datasets/datasets/Notes/Whole/w568.jpg,64,64,0.060791015625
data/processed/images/whole_note/004696.png,whole_note,cf3040e3f540ac21763629771df5a4bbac119e632b2e98ebfa28a8744593f34d,data/raw/datasets/datasets/Notes/Whole/w73.jpg,64,64,0.15283203125
data/processed/images/quarter_note/002049.png,quarter_note,2ec7873629ebab36e41bdfb04454b9972f648b1c843052446136390de78adb3c,data/raw/datasets/datasets/Notes/Quarter/q146.jpg,64,64,0.033935546875
data/processed/images/eighth_note/000664.png,eighth_note,3971d73160356137c9391896327ce0dc8504063de8a1a010df5adf3681ca9c61,data/raw/datasets/datasets/Notes/Eight/e697.jpg,64,64,0.1025390625
data/processed/images/whole_note/004798.png,whole_note,ee2a969684aa61bad9753f401396c3050039e90b6e80e938b1e986d22f09931c,data/raw/datasets/datasets/Notes/Whole/w821.jpg,64,64,0.325439453125
data/processed/images/quarter_note/002327.png,quarter_note,72ecb643ff46eed05bc123598e56846792e445d360058d8b0d6da0c51c1147eb,data/raw/datasets/datasets/Notes/Quarter/q397.jpg,64,64,0.049560546875
data/processed/images/eighth_note/000238.png,eighth_note,6a32bf45778fbe20bb2891a0661f7f88685af4c4dd20e82398cb52e50a5c10a9,data/raw/datasets/datasets/Notes/Eight/e312.jpg,64,64,0.091796875
data/processed/images/whole_note/004307.png,whole_note,d040de8c0fc464ef3f41d58c44e99e5d7506655bf5e417481a38d8db3fa79102,data/raw/datasets/datasets/Notes/Whole/w38.jpg,64,64,0.100830078125
data/processed/images/eighth_note/000429.png,eighth_note,70ffa9a36ebafd20c7db5978e476b4467d9c931ce73dc7b8e70223b42bb6d578,data/raw/datasets/datasets/Notes/Eight/e485.jpg,64,64,0.06640625
data/processed/images/whole_note/004635.png,whole_note,9577be439b4cace027633f4eebdda29123f89d88e1c2df63af3f5cd63b7b7c15,data/raw/datasets/datasets/Notes/Whole/w675.jpg,64,64,0.097900390625
data/processed/images/eighth_note/000479.png,eighth_note,a0560c65ae8816da47ccc693b139c852cd7e0a574a5460a005c0091d0da3a138,data/raw/datasets/datasets/Notes/Eight/e53.jpg,64,64,0.06005859375
data/processed/images/quarter_note/002202.png,quarter_note,772a54ca59f8860e1f45689b02761182280afeb26db8002ffd83abe1d1ca24dd,data/raw/datasets/datasets/Notes/Quarter/q284.jpg,64,64,0.030517578125
data/processed/images/eighth_note/000611.png,eighth_note,14e788ce52a3086d0ab8510b24da2c8277036635943ab22d3e2b478b741cbde1,data/raw/datasets/datasets/Notes/Eight/e649.jpg,64,64,0.05908203125
data/processed/images/quarter_note/002994.png,quarter_note,176fb11cb145fe232c75791549daa778d4fc4d2aca016e758bb7f6f6941c4486,data/raw/datasets/datasets/Notes/Quarter/q998.jpg,64,64,0.066650390625
data/processed/images/half_note/001697.png,half_note,455a0ca31010f8bb9caf7119effef80ae61a91f32754b4528f52eeb93bf11ea8,data/raw/datasets/datasets/Notes/Half/h73.jpg,64,64,0.0380859375
data/processed/images/sixteenth_note/003613.png,sixteenth_note,a6e5418a09aefbf6d9dd7c46d866390fd363d9cd92cc7a74c7926f588c8e3f7f,data/raw/datasets/datasets/Notes/Sixteenth/s654.jpg,64,64,0.126953125
data/processed/images/whole_note/004812.png,whole_note,aff342d81edae275e49df2241931fd8846ae56dd52923aa8f3c8e9236ccb697f,data/raw/datasets/datasets/Notes/Whole/w834.jpg,64,64,0.136962890625
data/processed/images/quarter_note/002219.png,quarter_note,ffd8f6fd4d7d7c16df81bd7be98ef3632a337751d41f1c9cd4b09621115aed7e,data/raw/datasets/datasets/Notes/Quarter/q3.jpg,64,64,0.063232421875
data/processed/images/quarter_note/002539.png,quarter_note,fd9308184f0cb6ee7860dc7be84f8a9e1251adb177c1580820e3a37df90e3bdf,data/raw/datasets/datasets/Notes/Quarter/q588.jpg,64,64,0.052734375
data/processed/images/sixteenth_note/003680.png,sixteenth_note,06343ce5de7956fc422f76a27ecccdbc79a06c782098fcc36161b7a7071502a4,data/raw/datasets/datasets/Notes/Sixteenth/s715.jpg,64,64,0.100341796875
data/processed/images/quarter_note/002768.png,quarter_note,ba5cfc7fff172ef3455d28dd507f2dbbc225b1a3350234f2f1381447102d079c,data/raw/datasets/datasets/Notes/Quarter/q794.jpg,64,64,0.042724609375
data/processed/images/eighth_note/000665.png,eighth_note,dd64ca43ab08ef8658646f6fe42dd319a46e0d7f15d687ff9cd1c72382283c57,data/raw/datasets/datasets/Notes/Eight/e698.jpg,64,64,0.126220703125
data/processed/images/quarter_note/002862.png,quarter_note,5c526577d519fce64328bbdab21f55ee3532ea35a1b386ac5f42f8b6e2e756fb,data/raw/datasets/datasets/Notes/Quarter/q879.jpg,64,64,0.053466796875
data/processed/images/whole_note/004711.png,whole_note,fc5281ae4ce5f29b626cca78c9bc765793d8da3df34701f0b3e6f926aa492ea6,data/raw/datasets/datasets/Notes/Whole/w743.jpg,64,64,0.4404296875
data/processed/images/sixteenth_note/003756.png,sixteenth_note,8833e2a8a55de05d04c6e2e0f4dc9d10af4a2a3cfa9b180a6a890ece6dee641b,data/raw/datasets/datasets/Notes/Sixteenth/s784.jpg,64,64,0.0595703125
data/processed/images/quarter_note/002182.png,quarter_note,c652e1950a3fc770e2b97f5a8340916ecbfd91717745fa2493e94ec0219824c4,data/raw/datasets/datasets/Notes/Quarter/q266.jpg,64,64,0.048095703125
data/processed/images/sixteenth_note/003358.png,sixteenth_note,7126660c595206dceb66ef811cad2783b872736c5eb7dcdda169045dfcae8fdc,data/raw/datasets/datasets/Notes/Sixteenth/s424.jpg,64,64,0.06103515625
data/processed/images/quarter_note/002863.png,quarter_note,abd2ed61ffc5c93b5f057948ce78ee710c80b1c91908303f3bab4fe53d6349b9,data/raw/datasets/datasets/Notes/Quarter/q88.jpg,64,64,0.05126953125
data/processed/images/half_note/001864.png,half_note,fc27a7e965c5ed08dbe9ff6f63fcc3bf495963dd9d25f46cec0e1481b7e40cd6,data/raw/datasets/datasets/Notes/Half/h880.jpg,64,64,0.02001953125
data/processed/images/eighth_note/000596.png,eighth_note,9954a121d6402d928c37cc29d42ada7960d79f54a1e0a224cde3a0975c8a9c10,data/raw/datasets/datasets/Notes/Eight/e635.jpg,64,64,0.07275390625
data/processed/images/quarter_note/002440.png,quarter_note,98f1f13fea0bf6ec7dbed91bf018aa01d17605e5142eeb3e60122ebf7fa24aad,data/raw/datasets/datasets/Notes/Quarter/q499.jpg,64,64,0.0380859375
data/processed/images/quarter_note/002581.png,quarter_note,21025422d6bbb35550f18c62fd89f7bb184d74734dc386c0dca954cdb6d776c2,data/raw/datasets/datasets/Notes/Quarter/q625.jpg,64,64,0.04931640625
data/processed/images/eighth_note/000359.png,eighth_note,5d56a4df817eda18b2ca3034cf3e43eaad7c5527266d9e69a22a59edd102e881,data/raw/datasets/datasets/Notes/Eight/e421.jpg,64,64,0.040283203125
data/processed/images/eighth_note/000012.png,eighth_note,36dc0a2860fe2cd03eafabcafb60d58b6c3dbd69a33481e1545bc36f878ee14d,data/raw/datasets/datasets/Notes/Eight/e109.jpg,64,64,0.024658203125
data/processed/images/eighth_note/000178.png,eighth_note,28db307e622a01e73831a61b1e4fe7d786460d356e237e3892b78267bacc0e38,data/raw/datasets/datasets/Notes/Eight/e259.jpg,64,64,0.02001953125
data/processed/images/half_note/001502.png,half_note,82404df1cd8aa134092dca5914c202831fc2881bd5625d053a29098f44d321cc,data/raw/datasets/datasets/Notes/Half/h554.jpg,64,64,0.074462890625
data/processed/images/whole_note/004518.png,whole_note,f1bb8dd56fa12cd36650af98d50978e8f684c2c1b041cbdf62a34f956f0ce893,data/raw/datasets/datasets/Notes/Whole/w57.jpg,64,64,0.14111328125
data/processed/images/quarter_note/002197.png,quarter_note,cbde945c2d26b9497f0f6ef449ad97b9a40eb4d7959b6dd2d39b71d89ec3e3a7,data/raw/datasets/datasets/Notes/Quarter/q28.jpg,64,64,0.034912109375
data/processed/images/sixteenth_note/003040.png,sixteenth_note,7fa9420cbe7696070e342786e269829eaae3cd8412fa66912385d2fe0488fc22,data/raw/datasets/datasets/Notes/Sixteenth/s138.jpg,64,64,0.08984375
data/processed/images/whole_note/004001.png,whole_note,3073e5eaa447b38fc1659c006b766dd63fd033bb083bfe43d59e5c14e55cdfd6,data/raw/datasets/datasets/Notes/Whole/w103.jpg,64,64,0.3046875
data/processed/images/whole_note/004184.png,whole_note,9fa386fe7446002e84f758ebe60a7f2ff24cc51102e01d6b0db35dc4e0c68a94,data/raw/datasets/datasets/Notes/Whole/w269.jpg,64,64,0.084716796875
data/processed/images/half_note/001905.png,half_note,02c21748e82f73751da84ac3237b96b618fe2b1bfad37e3f9cbab27b26d6c5a6,data/raw/datasets/datasets/Notes/Half/h917.jpg,64,64,0.019287109375
data/processed/images/eighth_note/000329.png,eighth_note,b7f043b9f9bdba82ad50c06dd8779ab0594b353edb5b842215cb15afcd2fb51c,data/raw/datasets/datasets/Notes/Eight/e395.jpg,64,64,0.073486328125
data/processed/images/whole_note/004710.png,whole_note,17d0f9bf807aa0a482d5b7e108873e95803d6b27e40f9ac05c03ed273d74633c,data/raw/datasets/datasets/Notes/Whole/w742.jpg,64,64,0.122802734375
data/processed/images/quarter_note/002499.png,quarter_note,3d0f24b8df17ecfcfa76c7cd5db8f68f337f4166c76cd5ed0102e1473d3b38c4,data/raw/datasets/datasets/Notes/Quarter/q551.jpg,64,64,0.095947265625
data/processed/images/eighth_note/000312.png,eighth_note,0ed8565c323d97a2a9ee7f5ef87a90085c791543199d0bf4abbf9f0c66ecf690,data/raw/datasets/datasets/Notes/Eight/e38.jpg,64,64,0.05322265625
data/processed/images/eighth_note/000949.png,eighth_note,a785223a8bdf03bc840c84d4a1c45a9203cb193eb4a8dbab48b1a55346bcf25b,data/raw/datasets/datasets/Notes/Eight/e957.jpg,64,64,0.05517578125
data/processed/images/half_note/001076.png,half_note,1578107fc72a468f717360bef59c942c211dfd497e620fdb9cc66f15c534b7dd,data/raw/datasets/datasets/Notes/Half/h170.jpg,64,64,0.0615234375
data/processed/images/sixteenth_note/003357.png,sixteenth_note,b4deae32698060ec7ee0a57847dd6878d3e7e2cff7869efe5331162359bb5768,data/raw/datasets/datasets/Notes/Sixteenth/s423.jpg,64,64,0.1005859375
data/processed/images/quarter_note/002940.png,quarter_note,20ef2f1702d91dcae072fbc9005f5af96b0976a8bc1cd0a6fdfdeb088a19fc65,data/raw/datasets/datasets/Notes/Quarter/q949.jpg,64,64,0.084228515625
data/processed/images/half_note/001738.png,half_note,f51e98454562e2e52bfb46a28b5d509a9b836921d147f66e58788d6a4064d207,data/raw/datasets/datasets/Notes/Half/h767.jpg,64,64,0.0859375
data/processed/images/half_note/001043.png,half_note,0e06528d535466ca0059a844d00fd197409adf08457adfcece804acce6a8a1b5,data/raw/datasets/datasets/Notes/Half/h140.jpg,64,64,0.0673828125
data/processed/images/quarter_note/002782.png,quarter_note,a3ee499845e6d125526d42ac19ba23aeebb5e115bf44d0ca378dbc604d42cfda,data/raw/datasets/datasets/Notes/Quarter/q806.jpg,64,64,0.06591796875
data/processed/images/sixteenth_note/003808.png,sixteenth_note,af06140a703271f9eb71ef9389a9332f72c2705f2235dee0dd9f0ee1f8e217f5,data/raw/datasets/datasets/Notes/Sixteenth/s830.jpg,64,64,0.075927734375
data/processed/images/quarter_note/002929.png,quarter_note,d0e851e75de184a9ae953a03ec06663220873446312aa1d9cf2e44ae381eae72,data/raw/datasets/datasets/Notes/Quarter/q939.jpg,64,64,0.049072265625
data/processed/images/quarter_note/002161.png,quarter_note,c1b9766d631bb00833b3a3863461375d383810f131f7256dd81359fd27c94502,data/raw/datasets/datasets/Notes/Quarter/q247.jpg,64,64,0.020263671875
data/processed/images/sixteenth_note/003416.png,sixteenth_note,329428e17559078afb26742d566da1b4a26ab285197c914616592574bfd84e16,data/raw/datasets/datasets/Notes/Sixteenth/s477.jpg,64,64,0.111572265625
data/processed/images/whole_note/004111.png,whole_note,04316735a04d1164bf96ae02e85e1b3b329d02f6691688ff0d30d4780c517a73,data/raw/datasets/datasets/Notes/Whole/w202.jpg,64,64,0.12158203125
data/processed/images/whole_note/004124.png,whole_note,8396519954c6813fd7fcd58cf1351b54b757c5ba4cc6506996af6f4249aa916e,data/raw/datasets/datasets/Notes/Whole/w214.jpg,64,64,0.13818359375
data/processed/images/whole_note/004113.png,whole_note,eee5f684d5706f3ecea55f91fd517d9b89db9d59b830bfba2232399e7339ca1f,data/raw/datasets/datasets/Notes/Whole/w204.jpg,64,64,0.209228515625
data/processed/images/eighth_note/000651.png,eighth_note,fb56fb2e7ac684e86b42d3842d40c925d1d8733267b7c316385b4f4a6f57577e,data/raw/datasets/datasets/Notes/Eight/e685.jpg,64,64,0.097412109375
data/processed/images/sixteenth_note/003486.png,sixteenth_note,462b5a1c73fb67acd7fd5ab41f98f3af2a858f638175e5a8038a0cde93fc617a,data/raw/datasets/datasets/Notes/Sixteenth/s54.jpg,64,64,0.08447265625
data/processed/images/quarter_note/002829.png,quarter_note,8be4350598c2a775b60d0e189a94f3c8291068f3866735a53ba39d2b9c641488,data/raw/datasets/datasets/Notes/Quarter/q849.jpg,64,64,0.029052734375
data/processed/images/whole_note/004122.png,whole_note,19da053cea60ca8e065881913c5da6c92f224542d4e0cd98b5ec90b78d029a9c,data/raw/datasets/datasets/Notes/Whole/w212.jpg,64,64,0.08740234375
data/processed/images/half_note/001002.png,half_note,97a63e165d06795dc4fe2b31a4b4a0f3308294fe6a6abe150f0d7400805a881e,data/raw/datasets/datasets/Notes/Half/h103.jpg,64,64,0.04150390625
data/processed/images/quarter_note/002074.png,quarter_note,8f3ec9acbf52273155a508cf302f32d172494530f8f62fe8ea1259426edfd25a,data/raw/datasets/datasets/Notes/Quarter/q169.jpg,64,64,0.08740234375
data/processed/images/quarter_note/002703.png,quarter_note,d0fd3a11e3576f15e3b3e0afbce20f02910f461053fbd025a94da4b5e76c8558,data/raw/datasets/datasets/Notes/Quarter/q735.jpg,64,64,0.022216796875
data/processed/images/quarter_note/002860.png,quarter_note,bff248b0e53a3ff5fa4697b9eb1aba57410b051896bdf01270b2b2ea5703614f,data/raw/datasets/datasets/Notes/Quarter/q877.jpg,64,64,0.054931640625
data/processed/images/eighth_note/000889.png,eighth_note,4a02238694b946baed63ad9a66822e451f726d9c7bcbc956ccf80a97f1a1fe6f,data/raw/datasets/datasets/Notes/Eight/e902.jpg,64,64,0.059326171875
data/processed/images/half_note/001739.png,half_note,d637243b08c90361e3e0be22ae23ad2d9bb673a44870012d871b9fdabfd18055,data/raw/datasets/datasets/Notes/Half/h768.jpg,64,64,0.02197265625
data/processed/images/half_note/001258.png,half_note,9002d60c9982795866fc941f46c1804c2cc723ea2345ae17a187edb16c35072a,data/raw/datasets/datasets/Notes/Half/h334.jpg,64,64,0.02099609375
data/processed/images/whole_note/004426.png,whole_note,3693d6dc2310af3b79ae2eadaba074a0f9403ce8d789e4bdaf8e8ff55ec8c715,data/raw/datasets/datasets/Notes/Whole/w487.jpg,64,64,0.061279296875
data/processed/images/whole_note/004689.png,whole_note,1e2074033788d331b4784cf6e1e0144ebf91beec026024e93c7d34a4742a02fb,data/raw/datasets/datasets/Notes/Whole/w723.jpg,64,64,0.458984375
data/processed/images/whole_note/004206.png,whole_note,06e935c9f0be379170e6962a42c252c08f2f9e97b0dade9ec9263c80f8377e27,data/raw/datasets/datasets/Notes/Whole/w289.jpg,64,64,0.084716796875
data/processed/images/whole_note/004677.png,whole_note,2592da4150e3f6c86551a45c1e1c5a59b18ed93010aadad101c971d6430e89d5,data/raw/datasets/datasets/Notes/Whole/w712.jpg,64,64,0.10400390625
data/processed/images/half_note/001330.png,half_note,dd622e462e6897af9f1a424ce766beea783110d9426c3d318360d6645bfc9703,data/raw/datasets/datasets/Notes/Half/h4.jpg,64,64,0.051513671875
data/processed/images/whole_note/004598.png,whole_note,f8874a1284e93119c2f97a4264777e60b9bdd666f90ced6358aa56312a3ff5d9,data/raw/datasets/datasets/Notes/Whole/w641.jpg,64,64,0.047607421875
data/processed/images/eighth_note/000954.png,eighth_note,abc234fb2df8e12e6f87c89f4211bef745706d2983994467106cee5df5756620,data/raw/datasets/datasets/Notes/Eight/e961.jpg,64,64,0.0771484375
data/processed/images/quarter_note/002550.png,quarter_note,acae9d0ca1ccdf78e2ed03f37aa72e1ea1db31cb899f29865fe51037b37db092,data/raw/datasets/datasets/Notes/Quarter/q598.jpg,64,64,0.048583984375
data/processed/images/whole_note/004034.png,whole_note,c723158c2c52d97c37b244b358a9ca00f277c936e0a19dce06345a37375aad2e,data/raw/datasets/datasets/Notes/Whole/w133.jpg,64,64,0.313720703125
data/processed/images/eighth_note/000884.png,eighth_note,5c1a9541c2f43f6b15340830b620db4eb993592cbffe3739d47e235c6bd495cc,data/raw/datasets/datasets/Notes/Eight/e899.jpg,64,64,0.05859375
data/processed/images/whole_note/004051.png,whole_note,17fc88b92e81f58ac200eadfff532926cefdcc6a0064d7fb4530901ebf9f5025,data/raw/datasets/datasets/Notes/Whole/w149.jpg,64,64,0.087646484375
data/processed/images/quarter_note/002818.png,quarter_note,011f711cd3a6b8489909025e2f87b34278851a948751bb682748231911e6adf0,data/raw/datasets/datasets/Notes/Quarter/q839.jpg,64,64,0.0390625
data/processed/images/sixteenth_note/003218.png,sixteenth_note,96bde8287162704f3e3afd3c2ffd8f4002da26a00ebed638edbeeabfe2877e28,data/raw/datasets/datasets/Notes/Sixteenth/s299.jpg,64,64,0.06494140625
data/processed/images/quarter_note/002516.png,quarter_note,9cb047177bc9f0959b31405ffbfaa645838adaee6a69ab477d982228770fc096,data/raw/datasets/datasets/Notes/Quarter/q567.jpg,64,64,0.1171875
data/processed/images/eighth_note/000059.png,eighth_note,456d56ae4c8a45a238fea5f84c8dffcc074154ab4643ff1f72a362b42b96d7bf,data/raw/datasets/datasets/Notes/Eight/e151.jpg,64,64,0.160400390625
data/processed/images/quarter_note/002502.png,quarter_note,d891a16738eb0781f4d6b4e009c74f89d064ac1cb6bf4bcd863ce9a62889e5e9,data/raw/datasets/datasets/Notes/Quarter/q554.jpg,64,64,0.1689453125
data/processed/images/half_note/001700.png,half_note,460c29b1b1550f4abe7cc1f28e6b84063f5adc4f1fd1642daa6d8a1069e98985,data/raw/datasets/datasets/Notes/Half/h732.jpg,64,64,0.05859375
data/processed/images/sixteenth_note/003871.png,sixteenth_note,ec0bd47de05d84810cf05e216cfeffd68455f37853393801671f2defbf311500,data/raw/datasets/datasets/Notes/Sixteenth/s888.jpg,64,64,0.076416015625
data/processed/images/sixteenth_note/003679.png,sixteenth_note,4fac5d57c6cc8bbba03cb1b7fe5523f3ee65840e0eb1a34f40be94eef5300e67,data/raw/datasets/datasets/Notes/Sixteenth/s714.jpg,64,64,0.073486328125
data/processed/images/half_note/001898.png,half_note,0cc751ea4bda3fe06737ea4f8bf466019e356c298f8a71d76dd1936ee6709b66,data/raw/datasets/datasets/Notes/Half/h910.jpg,64,64,0.0126953125
data/processed/images/eighth_note/000527.png,eighth_note,c389d1852660bd3edd6fd37e55517ec6561ff94f47d2f03e57230c97bbf4f5f7,data/raw/datasets/datasets/Notes/Eight/e573.jpg,64,64,0.104736328125
data/processed/images/half_note/001041.png,half_note,2dc4efa69d697a9ce3ad53a03b5d370cf2315a2e1824638f9a8d2bbad55ca2aa,data/raw/datasets/datasets/Notes/Half/h139.jpg,64,64,0.041015625
data/processed/images/eighth_note/000123.png,eighth_note,398d7a27dd27ece8fcac224e3ca46c9e2bee55711edc623ec68c23fe585efa3f,data/raw/datasets/datasets/Notes/Eight/e209.jpg,64,64,0.19921875
data/processed/images/quarter_note/002574.png,quarter_note,7d58c977affe49839ff8b14bb7830e763cc1d8fcec53e945851671e4a751d950,data/raw/datasets/datasets/Notes/Quarter/q619.jpg,64,64,0.031982421875
data/processed/images/half_note/001345.png,half_note,d698ee7654853e4b88e1b74a958b0b8f847beaa6cf273baac9097675ae72513b,data/raw/datasets/datasets/Notes/Half/h412.jpg,64,64,0.07373046875
data/processed/images/quarter_note/002668.png,quarter_note,0a81ff3eecbde6de5dc1a56529535345bca2bd0cc93af95e8bbab07aeda8f66b,data/raw/datasets/datasets/Notes/Quarter/q703.jpg,64,64,0.110595703125
data/processed/images/quarter_note/002284.png,quarter_note,7ad5a7833e2932b8cd1df7a761add53245c4e1fc9cc2eff4a89dd17aee6709ab,data/raw/datasets/datasets/Notes/Quarter/q358.jpg,64,64,0.14990234375
data/processed/images/half_note/001625.png,half_note,e42c73de6c15211b8d89b7e6aed98e3ebe58ee475a13f9251c6305ce1b9a32d2,data/raw/datasets/datasets/Notes/Half/h665.jpg,64,64,0.087646484375
data/processed/images/eighth_note/000482.png,eighth_note,c5450e7026d0fa7c6e2b6cd60d9daddfb013ad55d133a4716c7acd6a05c00dda,data/raw/datasets/datasets/Notes/Eight/e532.jpg,64,64,0.071533203125
data/processed/images/eighth_note/000017.png,eighth_note,22e1beb633989dde417c7ba4455daf6cca56ff3ad61e3955ac84b1e050394216,data/raw/datasets/datasets/Notes/Eight/e113.jpg,64,64,0.023681640625
data/processed/images/quarter_note/002078.png,quarter_note,950f6adf303c4bece892ee2b25de1ae21eaf412b87c5b3ab33d2d7beda2a804d,data/raw/datasets/datasets/Notes/Quarter/q172.jpg,64,64,0.072509765625
data/processed/images/half_note/001450.png,half_note,2ce3577b7becab50a74fe11b0813c1bdffdc26fe34385e5f605e0459521bd0e5,data/raw/datasets/datasets/Notes/Half/h507.jpg,64,64,0.0625
data/processed/images/half_note/001665.png,half_note,1d609fa306ae512cde924f4bec82f9451cae8ce17f08d4aa5507acf9476590a8,data/raw/datasets/datasets/Notes/Half/h700.jpg,64,64,0.091064453125
data/processed/images/whole_note/004894.png,whole_note,6db43cae1f1337b6c8916ec28eda3602e4f129313b9f3d202158a365fa7bcf5c,data/raw/datasets/datasets/Notes/Whole/w908.jpg,64,64,0.125
data/processed/images/sixteenth_note/003366.png,sixteenth_note,015efdb1e0a4ca387bec69d384ad29dbd50f83f2a0916a757f6dd64b3bbfe9af,data/raw/datasets/datasets/Notes/Sixteenth/s431.jpg,64,64,0.0390625
data/processed/images/half_note/001332.png,half_note,cc8c4b0f6c1742158fcb160d61d44d43823850cb069a63138fb0c11dd5e446f6,data/raw/datasets/datasets/Notes/Half/h400.jpg,64,64,0.06396484375
data/processed/images/eighth_note/000632.png,eighth_note,0aae7cc9b60ad7e7ee19c889cb2e5b2e31098a4cc8a08b3598d800329dafd0b9,data/raw/datasets/datasets/Notes/Eight/e668.jpg,64,64,0.141845703125
data/processed/images/sixteenth_note/003103.png,sixteenth_note,88e7c1cc8d7f7f808873936366d1ae7b21fdd8b37e15ff6fa85f5b5e3738191f,data/raw/datasets/datasets/Notes/Sixteenth/s195.jpg,64,64,0.046142578125
data/processed/images/quarter_note/002280.png,quarter_note,f4a4ab3d284ef0d767f119054baf303cd096adb29196be5ad636c254dbf7a3cb,data/raw/datasets/datasets/Notes/Quarter/q354.jpg,64,64,0.037353515625
data/processed/images/quarter_note/002900.png,quarter_note,091aa5b86a1e27fab95f6bc4fe6aa3d4ed24409c0b50f3c54bf0b46969b3595d,data/raw/datasets/datasets/Notes/Quarter/q912.jpg,64,64,0.05712890625
data/processed/images/half_note/001236.png,half_note,7bc8c0dcd3f6b676cca3e9c2996995126ca26cfea11e2783e19c91bb80ef7b9c,data/raw/datasets/datasets/Notes/Half/h314.jpg,64,64,0.025146484375
data/processed/images/sixteenth_note/003700.png,sixteenth_note,b178f292ccab6b4fd33d18fe2c10ca4f16649310a3197fd504e82a622af90c15,data/raw/datasets/datasets/Notes/Sixteenth/s733.jpg,64,64,0.132080078125
data/processed/images/eighth_note/000202.png,eighth_note,e0219409d1deb326f9a153897f079b4a7998b8377c5ac91fcfd5a2bde5bad5d8,data/raw/datasets/datasets/Notes/Eight/e280.jpg,64,64,0.055419921875
data/processed/images/whole_note/004797.png,whole_note,3e97bc7c0603492c7248c9d3152343b385e4959d83adfe92f17bc6c153c9e9b0,data/raw/datasets/datasets/Notes/Whole/w820.jpg,64,64,0.123291015625
data/processed/images/whole_note/004278.png,whole_note,39f928b04a31dcf3b08630d8fc71d33fbb52414d493ac556b5dd0b704358fcc3,data/raw/datasets/datasets/Notes/Whole/w353.jpg,64,64,0.0927734375
data/processed/images/half_note/001038.png,half_note,498a68c0f63e5c65ff36b485501291a16534a5d81754329cea09ae62c09bc08d,data/raw/datasets/datasets/Notes/Half/h136.jpg,64,64,0.0361328125
data/processed/images/whole_note/004543.png,whole_note,8147d805c75c9e3f65cfc9b937056998ca413c29a7f2d0c7b5902f3039e56095,data/raw/datasets/datasets/Notes/Whole/w592.jpg,64,64,0.135009765625
data/processed/images/half_note/001376.png,half_note,b4cc90bcb9846fee2aa95f716be58365f7d651fddbdcc705f2a37a4e2c4e395b,data/raw/datasets/datasets/Notes/Half/h440.jpg,64,64,0.039794921875
data/processed/images/half_note/001227.png,half_note,258e82699d59819eb6525ac6f3650cbb76e1130c5159cded3f70e3bc60a408af,data/raw/datasets/datasets/Notes/Half/h306.jpg,64,64,0.030517578125
data/processed/images/whole_note/004705.png,whole_note,169418469dee16b30a57fae063c660c2107de8ae65f2ba45a2c1349fb724b166,data/raw/datasets/datasets/Notes/Whole/w738.jpg,64,64,0.233154296875
data/processed/images/sixteenth_note/003058.png,sixteenth_note,865f94b653f0ad4be03ba14bf3994ba01ecd4ff2daf512fc83217840abb962a8,data/raw/datasets/datasets/Notes/Sixteenth/s154.jpg,64,64,0.04736328125
data/processed/images/half_note/001960.png,half_note,f210de00c58160b18c7df9511d2e65223889afa43a25548b8c62bb6531931839,data/raw/datasets/datasets/Notes/Half/h967.jpg,64,64,0.019287109375
data/processed/images/half_note/001061.png,half_note,fe12c54dd698db6ec8f66f37f8f97f40c6b16f34dfd2f297a914e29988c54d86,data/raw/datasets/datasets/Notes/Half/h157.jpg,64,64,0.058349609375
data/processed/images/half_note/001852.png,half_note,1ca674fbad1dd5ee522d50e11ea66f23bef3be68974dae26500a0a6abb07c6db,data/raw/datasets/datasets/Notes/Half/h87.jpg,64,64,0.041748046875
data/processed/images/whole_note/004786.png,whole_note,65d1cd07e1b47eb9a2c9dfec9cc1db08d6256e0be7c81d8edcb5d4e7d241e9c0,data/raw/datasets/datasets/Notes/Whole/w810.jpg,64,64,0.161376953125
data/processed/images/sixteenth_note/003905.png,sixteenth_note,0c2636bf1534fb19a5c9747c08185bc07a92a29b66f6a4eafa87cd291c658cab,data/raw/datasets/datasets/Notes/Sixteenth/s918.jpg,64,64,0.084716796875
data/processed/images/sixteenth_note/003312.png,sixteenth_note,6aabac1836fd8c0c05cb8fcf21741d151824855bf092436993c071060f71b7bb,data/raw/datasets/datasets/Notes/Sixteenth/s383.jpg,64,64,0.071044921875
data/processed/images/whole_note/004154.png,whole_note,87ef56b4a8114e82b91f17d6cb072175dfe5bb5977b041d3edae51525e395706,data/raw/datasets/datasets/Notes/Whole/w241.jpg,64,64,0.090087890625
data/processed/images/half_note/001760.png,half_note,c2ddf0e4126d34591167fd85381349aa00100ad2ff3354072db0d6c79ea36f54,data/raw/datasets/datasets/Notes/Half/h787.jpg,64,64,0.044677734375
data/processed/images/half_note/001598.png,half_note,a14d6cd832553d60e4ec728913f6a04e690180634ee8c775ce20aaa779fb7caf,data/raw/datasets/datasets/Notes/Half/h640.jpg,64,64,0.0478515625
data/processed/images/quarter_note/002464.png,quarter_note,49fb4a1224bf2fc2349205714ebe10620c4d1ba0b3343dd3e7b319eebb13e205,data/raw/datasets/datasets/Notes/Quarter/q52.jpg,64,64,0.045166015625
data/processed/images/eighth_note/000113.png,eighth_note,ade0abebce97e18af77631ac402992bbace53719cb774cba14ed83f4251a8c15,data/raw/datasets/datasets/Notes/Eight/e20.jpg,64,64,0.032470703125
data/processed/images/eighth_note/000606.png,eighth_note,72ff20ddef655203a7db8a1c8dfa570849e6fc62fce16d765a28aa753fd62ab6,data/raw/datasets/datasets/Notes/Eight/e644.jpg,64,64,0.20947265625
data/processed/images/whole_note/004153.png,whole_note,00bcdf05b3e3abea8087d3e53e518f7e9b3611efd6ca0828d7ab78fbbd94a073,data/raw/datasets/datasets/Notes/Whole/w240.jpg,64,64,0.09814453125
data/processed/images/whole_note/004804.png,whole_note,2e7f96da7b022fc1d2a43538331a12ee58c372014193a0aefd0276e3798f8d72,data/raw/datasets/datasets/Notes/Whole/w827.jpg,64,64,0.429443359375
data/processed/images/quarter_note/002938.png,quarter_note,eca01c53fb98360fb5d61d5abce1b8ab75df887478251575ef0111e5e7f9858e,data/raw/datasets/datasets/Notes/Quarter/q947.jpg,64,64,0.080078125
data/processed/images/eighth_note/000793.png,eighth_note,ffa0bfccf2380a1ab48074b913ae34749fd4d4a5e667d366ca5b76a9a23f91d8,data/raw/datasets/datasets/Notes/Eight/e816.jpg,64,64,0.097900390625
data/processed/images/whole_note/004892.png,whole_note,befc263949a026291b6ae4a1b2cc5161b29aff5769505e0c531baecc5e558663,data/raw/datasets/datasets/Notes/Whole/w906.jpg,64,64,0.115966796875
data/processed/images/sixteenth_note/003860.png,sixteenth_note,9f3f90b5ba65944d70ef66e375a062a3e83402e2746f86e0787eef6d7822d434,data/raw/datasets/datasets/Notes/Sixteenth/s878.jpg,64,64,0.048583984375
data/processed/images/sixteenth_note/003631.png,sixteenth_note,3abc8b4f29ebe42d484aa24126bc6bb3d77ea833e0df54f0bccf83f8c819d261,data/raw/datasets/datasets/Notes/Sixteenth/s670.jpg,64,64,0.0751953125
data/processed/images/sixteenth_note/003257.png,sixteenth_note,8d6170ca82994208a957c3dfa0c0fa47f7d94be7e2530c727ea4cc7eb90a7f00,data/raw/datasets/datasets/Notes/Sixteenth/s333.jpg,64,64,0.17578125
data/processed/images/sixteenth_note/003884.png,sixteenth_note,2ec10520f97db16ee42f1b0eb56e8fd55cf44e1764538fdfca6e751b06e367a5,data/raw/datasets/datasets/Notes/Sixteenth/s9.jpg,64,64,0.189453125
data/processed/images/sixteenth_note/003505.png,sixteenth_note,63ef49d7f19e4eb4b331c08519c7c65059713a8021f985b296459d47d5821279,data/raw/datasets/datasets/Notes/Sixteenth/s557.jpg,64,64,0.15966796875
data/processed/images/quarter_note/002667.png,quarter_note,d12a9dc825013a1857f39e9cac7d8aee8d6d088a6719d523d03da48b0441ac74,data/raw/datasets/datasets/Notes/Quarter/q702.jpg,64,64,0.118408203125
data/processed/images/quarter_note/002822.png,quarter_note,bdf862ab950473c0ba2180eb9c0ea579776dd8d7943789e7b3d67fee7d65778b,data/raw/datasets/datasets/Notes/Quarter/q842.jpg,64,64,0.03369140625
data/processed/images/sixteenth_note/003404.png,sixteenth_note,287c866e4a589a1d994645fc4f711d9e98aa214b74b4f22e412531ecaab66c3e,data/raw/datasets/datasets/Notes/Sixteenth/s466.jpg,64,64,0.098388671875
data/processed/images/eighth_note/000667.png,eighth_note,4d3b00b9e32b40e41d5ff4ae29c0ccf03233683f64f7e5e46919dedbfc97f74d,data/raw/datasets/datasets/Notes/Eight/e7.jpg,64,64,0.067626953125
data/processed/images/sixteenth_note/003523.png,sixteenth_note,0da5ddec47c065e3315bd12730d4559c41257a6b9a724bcc6a1c41936f264ac0,data/raw/datasets/datasets/Notes/Sixteenth/s573.jpg,64,64,0.19189453125
data/processed/images/quarter_note/002537.png,quarter_note,cee31759e22ef0079fbe8e9c66a54f1fbecbdfcc2b767b494dc9f6e47ae2a97f,data/raw/datasets/datasets/Notes/Quarter/q586.jpg,64,64,0.10205078125
data/processed/images/whole_note/004345.png,whole_note,b93581ddaf6c2e113177b4b14ea6a791ed7c705dd6403317041c4e884d880b71,data/raw/datasets/datasets/Notes/Whole/w413.jpg,64,64,0.040771484375
data/processed/images/sixteenth_note/003630.png,sixteenth_note,9646cae0f570403f9234c54a432bc45f4011900131f01ed83bea1040f46f790a,data/raw/datasets/datasets/Notes/Sixteenth/s67.jpg,64,64,0.105224609375
data/processed/images/eighth_note/000061.png,eighth_note,048dff535d80aa4644cb260886ef54d84a1b3513d0fe6d9e31b01e8ca4b82d3e,data/raw/datasets/datasets/Notes/Eight/e153.jpg,64,64,0.07177734375
data/processed/images/sixteenth_note/003324.png,sixteenth_note,53795b8938643e207e3cb97b291ec42a4d8d87e1d1cc68bc5fb78334ffaf1af7,data/raw/datasets/datasets/Notes/Sixteenth/s394.jpg,64,64,0.042724609375
data/processed/images/half_note/001102.png,half_note,16ff002c1289dbdf8cc7475538299d2d7685261133e8a7b0b36fb9f1560bbf74,data/raw/datasets/datasets/Notes/Half/h194.jpg,64,64,0.0234375
data/processed/images/sixteenth_note/003387.png,sixteenth_note,0af58789443a090823d523df189a3879d4471f7207d1d6505eca4e13e93a64b5,data/raw/datasets/datasets/Notes/Sixteenth/s450.jpg,64,64,0.093017578125
data/processed/images/eighth_note/000951.png,eighth_note,cea5f0f8aede06648404bff7649cb52fa263f74e3604aca6706f2748a5fe9dba,data/raw/datasets/datasets/Notes/Eight/e959.jpg,64,64,0.069091796875
data/processed/images/half_note/001325.png,half_note,fc3e8a330f167ed269f844d0338032f781fe37ed0094ae095c731abc1d6381f0,data/raw/datasets/datasets/Notes/Half/h395.jpg,64,64,0.037109375
data/processed/images/sixteenth_note/003673.png,sixteenth_note,51bc27790e42f3c543e19907d9b04cb7683ca399449d575ec687810643ab8189,data/raw/datasets/datasets/Notes/Sixteenth/s709.jpg,64,64,0.22998046875
data/processed/images/sixteenth_note/003451.png,sixteenth_note,72422f8ce871e281a2d1d958dc1d1cb976d14715955f1a14b9106beab8f7decd,data/raw/datasets/datasets/Notes/Sixteenth/s508.jpg,64,64,0.32666015625
data/processed/images/half_note/001051.png,half_note,bdf8b6df1f49338f36b8169939518421ca2e15a992acdb2018e7c3802fcfb9b9,data/raw/datasets/datasets/Notes/Half/h148.jpg,64,64,0.04541015625
data/processed/images/half_note/001433.png,half_note,38fd87ef2a0df5e471e2d64dbde13ce1e07412cb91ec1c4bbc858e76d16592b0,data/raw/datasets/datasets/Notes/Half/h492.jpg,64,64,0.02197265625
data/processed/images/eighth_note/000981.png,eighth_note,dd73374c684171e1394d87ce09bb7f0d2c977dca4d41df7eef83c5ea9d8ddfc0,data/raw/datasets/datasets/Notes/Eight/e986.jpg,64,64,0.08642578125
data/processed/images/sixteenth_note/003461.png,sixteenth_note,fdf2ed8252c763a050f663f0cd97f7792b3e9f79c5bc3ca8e766268fb29a8d3c,data/raw/datasets/datasets/Notes/Sixteenth/s517.jpg,64,64,0.102294921875
data/processed/images/half_note/001912.png,half_note,a5941a10780ff410e543e2a26bdc0f3f680e8ca091db3af37a2315fc9e2b8d04,data/raw/datasets/datasets/Notes/Half/h923.jpg,64,64,0.015625
data/processed/images/sixteenth_note/003898.png,sixteenth_note,e13f487438cd66dd918b2d244b144d1b0609945ed5b5bff16e52c9d78e70aee8,data/raw/datasets/datasets/Notes/Sixteenth/s911.jpg,64,64,0.103271484375
data/processed/images/half_note/001475.png,half_note,14ff649226bda754eac249268f8670b66aee156ed81c6e2de4ec826ca978739f,data/raw/datasets/datasets/Notes/Half/h53.jpg,64,64,0.04541015625
data/processed/images/half_note/001944.png,half_note,2a4a8a8183db68d12250606f05117d39f8f0f482644c3e07ad823b7646a3e570,data/raw/datasets/datasets/Notes/Half/h952.jpg,64,64,0.0693359375
data/processed/images/whole_note/004879.png,whole_note,e1ccbc88a07e51cfdea4f7567cefb66bcdf00e80ac1692be6a9c55c9bd7c298f,data/raw/datasets/datasets/Notes/Whole/w895.jpg,64,64,0.072998046875
data/processed/images/quarter_note/002858.png,quarter_note,11f5c71fef378dd46e85e00c18c16746f43dbdd7401b75a860cb834bb2dc7cf7,data/raw/datasets/datasets/Notes/Quarter/q875.jpg,64,64,0.049560546875
data/processed/images/eighth_note/000622.png,eighth_note,e67357c82a9c8af71dd1287bffea3582630454ce932ee0964f19554017d61788,data/raw/datasets/datasets/Notes/Eight/e659.jpg,64,64,0.14990234375
data/processed/images/eighth_note/000901.png,eighth_note,080844f4eb292135762a7159cc5fa977d60dca8d4e24e4e98440553f2847cd7f,data/raw/datasets/datasets/Notes/Eight/e913.jpg,64,64,0.11669921875
data/processed/images/eighth_note/000277.png,eighth_note,2a4b25e8b44f049b9ab878f9e1e17cd85d8afb70202710ad80ef4136316ba2f8,data/raw/datasets/datasets/Notes/Eight/e348.jpg,64,64,0.07958984375
data/processed/images/eighth_note/000112.png,eighth_note,e8eb34dbd1e45cb58b03770adb7214e75f3a83e8fb05a4f40ce3e32ba8e7316f,data/raw/datasets/datasets/Notes/Eight/e2.jpg,64,64,0.132568359375
data/processed/images/eighth_note/000648.png,eighth_note,6e684995e12757bf59e7e59b08836d455678f0e3ba555298dfe8228325d33c41,data/raw/datasets/datasets/Notes/Eight/e682.jpg,64,64,0.1220703125
data/processed/images/half_note/001488.png,half_note,d077f1c60d4162ac1d825055819cf3ce9392721b72f8e4c4e8fb6534522afa4b,data/raw/datasets/datasets/Notes/Half/h541.jpg,64,64,0.050537109375
data/processed/images/half_note/001830.png,half_note,d8b0274c98b257115b6b9d473739998a5a58e508fd2df278a05575dda73df3ea,data/raw/datasets/datasets/Notes/Half/h85.jpg,64,64,0.0771484375
data/processed/images/quarter_note/002436.png,quarter_note,ef924e8597bf09ba704970f24ee82cda8a41efbc9e06fc7ebdf80a2d194ddda9,data/raw/datasets/datasets/Notes/Quarter/q495.jpg,64,64,0.02197265625
data/processed/images/half_note/001377.png,half_note,5c596a6e32df08fcca6c87a17f1160deade2b851058791c17972c3642fee2233,data/raw/datasets/datasets/Notes/Half/h441.jpg,64,64,0.026123046875
data/processed/images/sixteenth_note/003827.png,sixteenth_note,91471d873cf82810c6c573f9d54078fda149472273da51a398873250f118a843,data/raw/datasets/datasets/Notes/Sixteenth/s848.jpg,64,64,0.116943359375
data/processed/images/whole_note/004624.png,whole_note,2643f9fad65d67c8addc4fafaaf0165f9045b0c961807d02906882cbefe96478,data/raw/datasets/datasets/Notes/Whole/w665.jpg,64,64,0.082275390625
data/processed/images/whole_note/004143.png,whole_note,c1037c4ddec1dbf6588225ab0b9eb4244319498d3de8e5178af5e602cf3db552,data/raw/datasets/datasets/Notes/Whole/w231.jpg,64,64,0.0341796875
data/processed/images/half_note/001257.png,half_note,16605368ef2850c68b4a6e3271eb1de97cc5308eb0225b22a8a6716155abc461,data/raw/datasets/datasets/Notes/Half/h333.jpg,64,64,0.02197265625
data/processed/images/quarter_note/002775.png,quarter_note,149d5fde8c2c5e5bb813fd6cebecda55941ed9fd3f7807cabe95a3fd2ed882c1,data/raw/datasets/datasets/Notes/Quarter/q80.jpg,64,64,0.072265625
data/processed/images/whole_note/004429.png,whole_note,caca44da246ae2399632046f3bdbbdbf30c7207874e419855c381280e91917b3,data/raw/datasets/datasets/Notes/Whole/w49.jpg,64,64,0.15478515625
data/processed/images/whole_note/004986.png,whole_note,71fdcdda9368929b91cfeef21d6344a1b44a3a0752adb19e861e1f59227e6244,data/raw/datasets/datasets/Notes/Whole/w991.jpg,64,64,0.05029296875
data/processed/images/whole_note/004252.png,whole_note,f12fd1519c8f477508deec37911740f74614308e8851b54f565e627c90e43f35,data/raw/datasets/datasets/Notes/Whole/w33.jpg,64,64,0.364501953125
data/processed/images/half_note/001662.png,half_note,46e3b7e923d824626e47975c431dfe7e8cd5e025611fdca1aeed5f06988975c7,data/raw/datasets/datasets/Notes/Half/h699.jpg,64,64,0.138671875
data/processed/images/quarter_note/002227.png,quarter_note,3d31dfe493d309c4f8ae5c4072ff98867f0c181b0c84f6a68a8b7bf7e584f84c,data/raw/datasets/datasets/Notes/Quarter/q306.jpg,64,64,0.041748046875
data/processed/images/whole_note/004911.png,whole_note,0ca593ac7f6786c98c4b04408c03efc3f12d2f2a46399b36ecdc61243a85de7a,data/raw/datasets/datasets/Notes/Whole/w923.jpg,64,64,0.21240234375
data/processed/images/eighth_note/000417.png,eighth_note,95b13db7c396c65b0f85016df1f6967f66e54ffd64b95968e75526467ec8a2f7,data/raw/datasets/datasets/Notes/Eight/e474.jpg,64,64,0.0703125
data/processed/images/sixteenth_note/003199.png,sixteenth_note,3c49b9bae4daa85f3fcd123757694c884b6b8d6cab0f1585554074cc9080b3f5,data/raw/datasets/datasets/Notes/Sixteenth/s281.jpg,64,64,0.145263671875
data/processed/images/quarter_note/002517.png,quarter_note,73557612c5cf8ba3c1d45f8ed7e6d6ea223c399ef7d7f004de5a7ae4ef1e8399,data/raw/datasets/datasets/Notes/Quarter/q568.jpg,64,64,0.090087890625
data/processed/images/sixteenth_note/003290.png,sixteenth_note,f9302f0eee45b8c255e22862549f914bfe3386341e8ffc5c1b90a301a81e56ed,data/raw/datasets/datasets/Notes/Sixteenth/s363.jpg,64,64,0.105712890625
data/processed/images/half_note/001650.png,half_note,bb8219e8fbc1207ea7ad278df5846b44adcde505cd3cc983f733ea560dc300d1,data/raw/datasets/datasets/Notes/Half/h688.jpg,64,64,0.06201171875
data/processed/images/sixteenth_note/003794.png,sixteenth_note,bd2f9af2f015a11e1468c8937ec4b5da7ef5795d1fd8eca3874ad5ea0a4d5b39,data/raw/datasets/datasets/Notes/Sixteenth/s818.jpg,64,64,0.097900390625
data/processed/images/whole_note/004282.png,whole_note,d59504e50f4907334ddf23f261dd09330d3dfb42524adec2b9394d8e152f6509,data/raw/datasets/datasets/Notes/Whole/w357.jpg,64,64,0.1748046875
data/processed/images/whole_note/004627.png,whole_note,3e2e984a521e1ed0706d0654cd36d31dfb97bb7d8353bcf8396d76a7e61a3c42,data/raw/datasets/datasets/Notes/Whole/w668.jpg,64,64,0.17919921875
data/processed/images/half_note/001510.png,half_note,635e0bb52d437f78974134e763d277c0e5d264a03d7ed08810beb6b961058c77,data/raw/datasets/datasets/Notes/Half/h561.jpg,64,64,0.046142578125
data/processed/images/sixteenth_note/003494.png,sixteenth_note,34f2d58f207f74fc6deb34ef411a08f941f4fefdf50ad45469941d5689792678,data/raw/datasets/datasets/Notes/Sixteenth/s547.jpg,64,64,0.089599609375
data/processed/images/half_note/001187.png,half_note,36db0581d420bfcfc38ce2a4c62bd668672a8e5716d8f3fd16cf3af85d89f0eb,data/raw/datasets/datasets/Notes/Half/h270.jpg,64,64,0.04541015625
data/processed/images/half_note/001378.png,half_note,b77300d5bf79cde3eb526ebfb500be7d918a0d57232544ae16bed94ce1539140,data/raw/datasets/datasets/Notes/Half/h442.jpg,64,64,0.017333984375
data/processed/images/sixteenth_note/003874.png,sixteenth_note,eaeb4daa8225f57a869636032b3d59eb43e123d6de5d54c2b754418dd3828a8b,data/raw/datasets/datasets/Notes/Sixteenth/s890.jpg,64,64,0.068603515625
data/processed/images/eighth_note/000882.png,eighth_note,bfd6313d66cd2cfd78b9084a3b87294e18f774b5650c3d85a448368d5b08e6cc,data/raw/datasets/datasets/Notes/Eight/e897.jpg,64,64,0.077392578125
data/processed/images/sixteenth_note/003232.png,sixteenth_note,85b2ba5cd5d362b2795e1aec874f4c36d4f888b5040314ddf80e2215f1ba42b8,data/raw/datasets/datasets/Notes/Sixteenth/s310.jpg,64,64,0.068115234375
data/processed/images/half_note/001081.png,half_note,26b787604a19c5a18aadb7d9a02bf6931a014d01f9198f9af06be54fc0334c81,data/raw/datasets/datasets/Notes/Half/h175.jpg,64,64,0.034423828125
data/processed/images/whole_note/004209.png,whole_note,cca0c337a777e8b2a2cec2f611e1f6bd56874acd966ed51bf6b63dfb9abb2ee2,data/raw/datasets/datasets/Notes/Whole/w291.jpg,64,64,0.224853515625
data/processed/images/quarter_note/002083.png,quarter_note,0205fed610267e79818f641174e29d9e3d782da4ee40ccc196904e451a2b4634,data/raw/datasets/datasets/Notes/Quarter/q177.jpg,64,64,0.044189453125
data/processed/images/quarter_note/002009.png,quarter_note,d7f9060f39ccc3cd50309f3224deb76302427dd0d777f5c40951fee028ca2de2,data/raw/datasets/datasets/Notes/Quarter/q11.jpg,64,64,0.033935546875
data/processed/images/eighth_note/000182.png,eighth_note,b84e70c191158c6980cbc5b708e49b608a3abe449d19048332b2a7842fd1d948,data/raw/datasets/datasets/Notes/Eight/e262.jpg,64,64,0.02734375
data/processed/images/quarter_note/002802.png,quarter_note,5dd115aac7c25c79e0e7fba39cf280d4621be1dc560c5be8f0676a4cb31289c4,data/raw/datasets/datasets/Notes/Quarter/q824.jpg,64,64,0.060546875
data/processed/images/quarter_note/002325.png,quarter_note,c3e6ca16fff1a7b147d5ebb198698507e1ea3480e2443f78e3b9ac36cae40ece,data/raw/datasets/datasets/Notes/Quarter/q395.jpg,64,64,0.066162109375
data/processed/images/quarter_note/002152.png,quarter_note,5350e1c52a4f1694903d79a32f5bf973dfc6965ec105970dce4ca27f818d1cdb,data/raw/datasets/datasets/Notes/Quarter/q239.jpg,64,64,0.039306640625
data/processed/images/quarter_note/002268.png,quarter_note,55c215405f22f941741f23c658f2d201a11800cb79c3019b7564b56634e5e65a,data/raw/datasets/datasets/Notes/Quarter/q343.jpg,64,64,0.04638671875
data/processed/images/whole_note/004094.png,whole_note,915125506ddec06f092ca8326455c5ed55fc747415db10bada1f1406feea5d36,data/raw/datasets/datasets/Notes/Whole/w188.jpg,64,64,0.122802734375
data/processed/images/whole_note/004876.png,whole_note,a2653ac0c7c9b54d8ea61124ddc7eb68ddb0bee5bd0bf4ae4a0f94b0dc913c8a,data/raw/datasets/datasets/Notes/Whole/w892.jpg,64,64,0.13427734375
data/processed/images/sixteenth_note/003850.png,sixteenth_note,3a8151ee2f3e4c358be3623c121a43b34b0a3c6581abe4ef696935a33e6c7508,data/raw/datasets/datasets/Notes/Sixteenth/s869.jpg,64,64,0.086181640625
data/processed/images/half_note/001467.png,half_note,fb1100b0564717105f5069fc713ba0f54cbc4019b10b2a181b700b719f60bd78,data/raw/datasets/datasets/Notes/Half/h522.jpg,64,64,0.053466796875
data/processed/images/sixteenth_note/003899.png,sixteenth_note,11c9aeb2de84fc24e183df9121fd396b734d913cf3be86b6c05a18339aeefec7,data/raw/datasets/datasets/Notes/Sixteenth/s912.jpg,64,64,0.04541015625
data/processed/images/eighth_note/000142.png,eighth_note,b1f1d4b3aed2c52b4ee0f0885fe42da737be0878efb15429fbfcd0cf0d17c1fa,data/raw/datasets/datasets/Notes/Eight/e226.jpg,64,64,0.088134765625
data/processed/images/eighth_note/000552.png,eighth_note,a2fe0f5260906d47d8fec642a7c02dce1c3d6b1db23112dddb77da1617be8a89,data/raw/datasets/datasets/Notes/Eight/e596.jpg,64,64,0.130126953125
data/processed/images/sixteenth_note/003474.png,sixteenth_note,090a6bd84fc26fc6bd3dca28910a4c1d9e77c074d3c44b321aece4bfbd1a1039,data/raw/datasets/datasets/Notes/Sixteenth/s529.jpg,64,64,0.13134765625
data/processed/images/eighth_note/000268.png,eighth_note,1c2b76b2fa431b0cb92776b8d7f20fd2d96cdadf0bcfe74cd091a1f9a634c201,data/raw/datasets/datasets/Notes/Eight/e34.jpg,64,64,0.065673828125
data/processed/images/whole_note/004726.png,whole_note,d75e51253386ceab6b178aba9427122c1d2e4a2aa5ee7521901f3aa2c30fcce9,data/raw/datasets/datasets/Notes/Whole/w757.jpg,64,64,0.214599609375
data/processed/images/sixteenth_note/003018.png,sixteenth_note,dbf6c2b7bf6193fc5872b1070c63f5ec3fd9bc00a5f5b63960fb3910a7012bad,data/raw/datasets/datasets/Notes/Sixteenth/s118.jpg,64,64,0.171875
data/processed/images/quarter_note/002183.png,quarter_note,2543c1b74c9eab9940dcd321ef62c57c7ef36a9e45ca362753d6db504eae919b,data/raw/datasets/datasets/Notes/Quarter/q267.jpg,64,64,0.03857421875
data/processed/images/half_note/001933.png,half_note,17f6e2391e3f34f6e04ba4f2dffd8b101a4ead7726cf96b999807993c1323a63,data/raw/datasets/datasets/Notes/Half/h942.jpg,64,64,0.022705078125
data/processed/images/eighth_note/000203.png,eighth_note,da0056788e8b1acafc044c39a37a7ad2db1a2cb63458ddc9f40e6dec4142d516,data/raw/datasets/datasets/Notes/Eight/e281.jpg,64,64,0.087646484375
data/processed/images/half_note/001384.png,half_note,f661e39ee3f5bddce88cd20198ba0a83b75abcd9c0ca64531dc32ad6f1edada6,data/raw/datasets/datasets/Notes/Half/h448.jpg,64,64,0.034423828125
data/processed/images/sixteenth_note/003369.png,sixteenth_note,434779dd4b9de6cbb71149488f6c05347a4e03b42acc019ecbeaa9a73aaeb084,data/raw/datasets/datasets/Notes/Sixteenth/s434.jpg,64,64,0.10986328125
data/processed/images/half_note/001853.png,half_note,95c945102eafa8c0c20b6e554f8b6560b706148b79acd87647ca6b819bc18af2,data/raw/datasets/datasets/Notes/Half/h870.jpg,64,64,0.036376953125
data/processed/images/quarter_note/002191.png,quarter_note,0f65eb83347878e14c8a74739641ebd3645f59a1a0313ce522853a6aa38dbd77,data/raw/datasets/datasets/Notes/Quarter/q274.jpg,64,64,0.038330078125
data/processed/images/eighth_note/000267.png,eighth_note,bfcbfe7254d6a3a293456b35c3670e0aac739cdeff5fa8c91feb3afc653a0150,data/raw/datasets/datasets/Notes/Eight/e339.jpg,64,64,0.060302734375
data/processed/images/half_note/001509.png,half_note,e15725415a54e8fac51bddcb0344fb93abc5a03e8c45116689cce125a8781ee6,data/raw/datasets/datasets/Notes/Half/h560.jpg,64,64,0.074462890625
data/processed/images/sixteenth_note/003622.png,sixteenth_note,df71985c95282282849ef743f591cf5280726125c0db3e3e9941e7c38075906a,data/raw/datasets/datasets/Notes/Sixteenth/s662.jpg,64,64,0.063720703125
data/processed/images/eighth_note/000348.png,eighth_note,c2a11bba4345e5a682d9f70e63173cd267c014ffcce8217225946dbe18cb90fa,data/raw/datasets/datasets/Notes/Eight/e411.jpg,64,64,0.085205078125
data/processed/images/whole_note/004030.png,whole_note,1c1050653f34cd4cb3b72e3829eab9299d5ba17248da3ca2fe30fef790854da4,data/raw/datasets/datasets/Notes/Whole/w13.jpg,64,64,0.1376953125
data/processed/images/half_note/001407.png,half_note,2d4af35b1dca4d415a264b8b3b5bd9da180e86ee8e6b6d8aa8d1f43c6a295842,data/raw/datasets/datasets/Notes/Half/h469.jpg,64,64,0.03515625
data/processed/images/sixteenth_note/003082.png,sixteenth_note,46e37f13026d895a0aa8598aad66e8b70621f53846cbb55e4b1fd44c91f5d691,data/raw/datasets/datasets/Notes/Sixteenth/s176.jpg,64,64,0.08935546875
data/processed/images/quarter_note/002418.png,quarter_note,2cd9c1a52cdbc8964df4acf51f787079607fd9ce4d1ff989f4b56ecd5eda7110,data/raw/datasets/datasets/Notes/Quarter/q479.jpg,64,64,0.043701171875
data/processed/images/quarter_note/002548.png,quarter_note,66397e8a44894507f51e184200201e82d03400cb37e2512e221e08cc94214248,data/raw/datasets/datasets/Notes/Quarter/q596.jpg,64,64,0.053466796875
data/processed/images/whole_note/004744.png,whole_note,48d554e951b51ff805b7ea9b3628b0873524458905c351bd960aaaa651570b22,data/raw/datasets/datasets/Notes/Whole/w773.jpg,64,64,0.185302734375
data/processed/images/eighth_note/000916.png,eighth_note,a51846639c0c6358bc7069a9da957973cb36f2c35cf3a5ae0156ba67563fdfa3,data/raw/datasets/datasets/Notes/Eight/e927.jpg,64,64,0.088134765625
data/processed/images/whole_note/004482.png,whole_note,33dd87478916d1ee6d12c6bbf671cccaec287ccc930b6314eaa196521a6fb762,data/raw/datasets/datasets/Notes/Whole/w537.jpg,64,64,0.05126953125
data/processed/images/half_note/001613.png,half_note,874936b0952e90181e3da9fccc4dc22043fa7f2a11b7b2f1c4771892e60f5262,data/raw/datasets/datasets/Notes/Half/h654.jpg,64,64,0.0673828125
data/processed/images/eighth_note/000266.png,eighth_note,419e0ad6d1ff89b1e61e9e08ba7242ec47f6da0797b57ea18c0c248e9c9dd275,data/raw/datasets/datasets/Notes/Eight/e338.jpg,64,64,0.038330078125
data/processed/images/whole_note/004881.png,whole_note,e1500cbf5fd5461a70a1e18ba348c2e30b063b9abac2c1c1d7945f1a43148daa,data/raw/datasets/datasets/Notes/Whole/w897.jpg,64,64,0.088623046875
data/processed/images/sixteenth_note/003123.png,sixteenth_note,7ac52062a22a87a63262d8f16fe538f8b2cec2053aabd15e72a45c7e6225d490,data/raw/datasets/datasets/Notes/Sixteenth/s212.jpg,64,64,0.1484375
data/processed/images/half_note/001045.png,half_note,26cd36cb053dc294492571ef3abb8991f4d9d8955045c972326bf1b7ad58f050,data/raw/datasets/datasets/Notes/Half/h142.jpg,64,64,0.03857421875
data/processed/images/half_note/001734.png,half_note,f3c72e05d6108ae5e9c00472f6b78cb9bc769fca508cf39879bdc2fce27f14b1,data/raw/datasets/datasets/Notes/Half/h763.jpg,64,64,0.04736328125
data/processed/images/sixteenth_note/003239.png,sixteenth_note,004ff875697a9d609d32525e2b360ec92852b1f9cee8215c3dc7c2b3d6e49a20,data/raw/datasets/datasets/Notes/Sixteenth/s317.jpg,64,64,0.066650390625
data/processed/images/quarter_note/002042.png,quarter_note,a69c9728b2a352583cc2421c705ae3f220444896317e2d9b958a26d96b8447f0,data/raw/datasets/datasets/Notes/Quarter/q14.jpg,64,64,0.023681640625
data/processed/images/eighth_note/000361.png,eighth_note,6a0c55da7119eaadc2ace43bfb3e792a7adca9d4f2f4abf11368a5e66f00a0e5,data/raw/datasets/datasets/Notes/Eight/e423.jpg,64,64,0.075439453125
data/processed/images/eighth_note/000579.png,eighth_note,9ea5f9992a5284d3d7118b98782df2b1734381a5fca8e9a620d9aba85a074ec8,data/raw/datasets/datasets/Notes/Eight/e62.jpg,64,64,0.1142578125
data/processed/images/whole_note/004918.png,whole_note,67e1ee50754bec4eb909e44f969c7afb1c48d8fcc946ad6cd308d3a44f02a44d,data/raw/datasets/datasets/Notes/Whole/w93.jpg,64,64,0.302001953125
data/processed/images/whole_note/004557.png,whole_note,ce898ca94d04226f06fa3894eeefd50b6f985d4c1aa167660f02222f7f423197,data/raw/datasets/datasets/Notes/Whole/w604.jpg,64,64,0.05712890625
data/processed/images/whole_note/004302.png,whole_note,8a445bf70bb3280303d9d498a7197212bca5e3de87e212828191e335270feaeb,data/raw/datasets/datasets/Notes/Whole/w375.jpg,64,64,0.03662109375
data/processed/images/eighth_note/000833.png,eighth_note,6e6c49cd2f699442cf200e01238179a18c1ae3ea1292b3016e3e302817b2c620,data/raw/datasets/datasets/Notes/Eight/e852.jpg,64,64,0.06005859375
data/processed/images/sixteenth_note/003241.png,sixteenth_note,c58a29f309a140656c8f33dbf08e914f179efb2a9c240e9d280745085483a129,data/raw/datasets/datasets/Notes/Sixteenth/s319.jpg,64,64,0.12646484375
data/processed/images/eighth_note/000451.png,eighth_note,bfc99db664b6feef366bc44680b0dda129e7d630c74cc5589d8d4f11f7fea1c4,data/raw/datasets/datasets/Notes/Eight/e504.jpg,64,64,0.06884765625
data/processed/images/eighth_note/000824.png,eighth_note,6af4751ed34a97bb1231ab6af32d6d3a2e0877aa67b12347debf79c8693dc0cb,data/raw/datasets/datasets/Notes/Eight/e844.jpg,64,64,0.048828125
data/processed/images/eighth_note/000656.png,eighth_note,7fcd2427215744829cfa39ff53a61e92bf6563a2c62c540ab0f395adcd00bd95,data/raw/datasets/datasets/Notes/Eight/e69.jpg,64,64,0.10693359375
data/processed/images/whole_note/004657.png,whole_note,f010d97851fc639c57a1e19cc86975808cc4e0a102d6fa6dcd449e0b2e573085,data/raw/datasets/datasets/Notes/Whole/w695.jpg,64,64,0.224853515625
data/processed/images/whole_note/004831.png,whole_note,809ffa1a8b58fd54150b36ca95c5ff899204f499d69b2fceb9099e5419c343eb,data/raw/datasets/datasets/Notes/Whole/w851.jpg,64,64,0.217041015625
data/processed/images/eighth_note/000162.png,eighth_note,6e672c409d5d222ee66d821b2141137f4534cbb3ef20bc7fffeb27d9d1e1100b,data/raw/datasets/datasets/Notes/Eight/e244.jpg,64,64,0.026123046875
data/processed/images/quarter_note/002652.png,quarter_note,aa67e3059df7f0385aefc8aae22b6b293a5ececde5e26bb341b102f35fafe751,data/raw/datasets/datasets/Notes/Quarter/q69.jpg,64,64,0.074462890625
data/processed/images/sixteenth_note/003693.png,sixteenth_note,bbfb3719d79401fc3bcd920cecd97b9f0fb532519140993fe490d77ac914a663,data/raw/datasets/datasets/Notes/Sixteenth/s727.jpg,64,64,0.08837890625
data/processed/images/quarter_note/002788.png,quarter_note,0b784baabf190c7b570f195e3d9fea9e7bef90a4d3f9e8903b37bedbdcb2f88d,data/raw/datasets/datasets/Notes/Quarter/q811.jpg,64,64,0.0400390625
data/processed/images/eighth_note/000796.png,eighth_note,c95f16faf82a40d8fe9b6c116ffc72f89baec04fa73ceefb9d08e23788cbdbe5,data/raw/datasets/datasets/Notes/Eight/e819.jpg,64,64,0.073486328125
data/processed/images/quarter_note/002982.png,quarter_note,22893b8664ddfd2f35b1f9a932a9d26d684ab2caf7710ecd41bd76c0ceec2384,data/raw/datasets/datasets/Notes/Quarter/q987.jpg,64,64,0.0546875
data/processed/images/sixteenth_note/003164.png,sixteenth_note,7196c02c4d75613e731f7b8c16e024ca902dbbcd0805a0416709b3b5e4cb0103,data/raw/datasets/datasets/Notes/Sixteenth/s25.jpg,64,64,0.25634765625
data/processed/images/quarter_note/002496.png,quarter_note,2a3a99d9976c85258ea6d2ba565e692836a1266281b68b146c5c59fe0e370598,data/raw/datasets/datasets/Notes/Quarter/q549.jpg,64,64,0.079345703125
data/processed/images/half_note/001255.png,half_note,bba99ab52550a298ee958aac905410eaeac53e36f284cba65fcc8d169d5c99de,data/raw/datasets/datasets/Notes/Half/h331.jpg,64,64,0.029541015625
data/processed/images/quarter_note/002695.png,quarter_note,1fba6c0be96e1c73018b42387537512207aa57986ab30badaad55fc39f979be0,data/raw/datasets/datasets/Notes/Quarter/q728.jpg,64,64,0.0244140625
data/processed/images/sixteenth_note/003314.png,sixteenth_note,9592b74a3e701cbd73742d34ff0244168691bcdc9e56d457f17a7895d0010464,data/raw/datasets/datasets/Notes/Sixteenth/s385.jpg,64,64,0.06396484375
data/processed/images/eighth_note/000658.png,eighth_note,d736264d813c4aae0048ef754965c4b08b8221e0d4eecfef3476c8353e74a802,data/raw/datasets/datasets/Notes/Eight/e691.jpg,64,64,0.15283203125
data/processed/images/eighth_note/000247.png,eighth_note,1319c6ea839bd99c312c18a4b2f48c6a02d7fe68e58a0fcacbc71fcfcad0926e,data/raw/datasets/datasets/Notes/Eight/e320.jpg,64,64,0.06884765625
data/processed/images/half_note/001047.png,half_note,236825a61db81690bdb2a66afb1bc6b2437e76e9156f827974e88ffec622599e,data/raw/datasets/datasets/Notes/Half/h144.jpg,64,64,0.070556640625
data/processed/images/half_note/001007.png,half_note,5290efaeb86a32e348bacad0306ac8f1e20fbd978b80806ccb7d202ae937652c,data/raw/datasets/datasets/Notes/Half/h108.jpg,64,64,0.051025390625
data/processed/images/eighth_note/000828.png,eighth_note,68ff720317ea7e7612418e257976e6b8c4027a1b960f37a0196d579de18ea91d,data/raw/datasets/datasets/Notes/Eight/e848.jpg,64,64,0.046142578125
data/processed/images/half_note/001916.png,half_note,539b8abdbc1bbfbbbdf53eb42b15ce0a4909475f4b0141e1fb9e2472ea20f91a,data/raw/datasets/datasets/Notes/Half/h927.jpg,64,64,0.030517578125
data/processed/images/whole_note/004499.png,whole_note,edca89ea421b904bc2339d11022e769c5e5313b0e32a560d281a5aee9579c821,data/raw/datasets/datasets/Notes/Whole/w552.jpg,64,64,0.044677734375
data/processed/images/whole_note/004048.png,whole_note,c6f9e15de6ad0e1b79bc0f7395bec74cc2a8baee859bbafead7292e8ecde3b0f,data/raw/datasets/datasets/Notes/Whole/w146.jpg,64,64,0.141357421875
data/processed/images/eighth_note/000865.png,eighth_note,e3626f4e35b5728fa023f4dd5ef18a4e7b54fe139772f820c5d52b48ec502c39,data/raw/datasets/datasets/Notes/Eight/e881.jpg,64,64,0.0478515625
data/processed/images/sixteenth_note/003521.png,sixteenth_note,bd5a80ce85467dcd5cd599461e34b233ae75ea48f6154afaf735041115bda45c,data/raw/datasets/datasets/Notes/Sixteenth/s571.jpg,64,64,0.134521484375
data/processed/images/quarter_note/002090.png,quarter_note,e8901be9e3a96451fa64dc86324c076030f2d88f1219246f0f68445721383254,data/raw/datasets/datasets/Notes/Quarter/q183.jpg,64,64,0.030517578125
data/processed/images/quarter_note/002871.png,quarter_note,747548eb522b2051d9ac7d5401e9be50f58a2ed6201869384399213d9b7bba70,data/raw/datasets/datasets/Notes/Quarter/q887.jpg,64,64,0.052490234375
data/processed/images/eighth_note/000057.png,eighth_note,73d556d6d6d0c156543d9da850d95bbb9e70b277753f671f8edfd2e03838be59,data/raw/datasets/datasets/Notes/Eight/e15.jpg,64,64,0.085205078125
data/processed/images/eighth_note/000617.png,eighth_note,e8dfe8d1a0c22355c9cfdba7e1b4d667d2c0af8705f95fc7cd80a46ef341c170,data/raw/datasets/datasets/Notes/Eight/e654.jpg,64,64,0.10986328125
data/processed/images/whole_note/004610.png,whole_note,6508fc6ac9ab39b151c283902df011188adbbfe8580c61d39a01fa63bbafb1f7,data/raw/datasets/datasets/Notes/Whole/w652.jpg,64,64,0.12451171875
data/processed/images/whole_note/004760.png,whole_note,b5cc140b7306402f423e8fd75a9cf728ffc64d309c28b2376b38296868198a29,data/raw/datasets/datasets/Notes/Whole/w788.jpg,64,64,0.30517578125
data/processed/images/quarter_note/002813.png,quarter_note,6374cb80e255130bd6316971ad83951744067bb71851020972651153bbd1e38d,data/raw/datasets/datasets/Notes/Quarter/q834.jpg,64,64,0.100341796875
data/processed/images/whole_note/004780.png,whole_note,277f62ce0adf21e04c92798bc5f91cad3d510e6b61d3822000ff246608e44c85,data/raw/datasets/datasets/Notes/Whole/w805.jpg,64,64,0.292724609375
data/processed/images/half_note/001661.png,half_note,c33a6b8ce688ed1f9af2a355682be4bce86b4a3b36564b0dbfb8d311ba834eee,data/raw/datasets/datasets/Notes/Half/h698.jpg,64,64,0.04736328125
data/processed/images/sixteenth_note/003718.png,sixteenth_note,fb6ca00b439a45809badb242e2a40d10402c03a25dd2d0aea44c8f806e151e3e,data/raw/datasets/datasets/Notes/Sixteenth/s75.jpg,64,64,0.068115234375
data/processed/images/whole_note/004385.png,whole_note,94a240ab85f9796b1391033a12083defa11f11ecfcf149ac76dff8cdd476108d,data/raw/datasets/datasets/Notes/Whole/w45.jpg,64,64,0.13427734375
data/processed/images/eighth_note/000151.png,eighth_note,8a6eced46bf3f9da95cf722b35d1bca8bb3161e327dc38cd13694146730ba9bc,data/raw/datasets/datasets/Notes/Eight/e234.jpg,64,64,0.029541015625
data/processed/images/whole_note/004683.png,whole_note,7160dda2f77cead5227cdd83545d1be2010048594995cc7311378281a4444ad9,data/raw/datasets/datasets/Notes/Whole/w718.jpg,64,64,0.13671875
data/processed/images/whole_note/004173.png,whole_note,2b207bcb475c9d49f61903d6db47f0f9c1558b27e716d16e0cd35264d2f418a5,data/raw/datasets/datasets/Notes/Whole/w259.jpg,64,64,0.0576171875
data/processed/images/sixteenth_note/003825.png,sixteenth_note,560a2a8aa4317c94f2cdc55b89281d923d5249765fd15ea5404de529ea88e0ac,data/raw/datasets/datasets/Notes/Sixteenth/s846.jpg,64,64,0.052734375
data/processed/images/eighth_note/000708.png,eighth_note,686e4c6002de293304d43634c2903e1af310f4a4cf5b785458a6ad51545e3da1,data/raw/datasets/datasets/Notes/Eight/e738.jpg,64,64,0.09912109375
data/processed/images/sixteenth_note/003024.png,sixteenth_note,fb48633478ea9b490970d127e88ef48ce13396b5a96191ef0f10314903880a9d,data/raw/datasets/datasets/Notes/Sixteenth/s123.jpg,64,64,0.1142578125
data/processed/images/eighth_note/000115.png,eighth_note,8bb69c4d7914c3b59b482c14cdc07435ba0ca53496a679a38015a10513ce4713,data/raw/datasets/datasets/Notes/Eight/e201.jpg,64,64,0.05810546875
data/processed/images/eighth_note/000902.png,eighth_note,aee110fb54e8e162f002059dfead9e2bd53f2e13f58428ef17a3a6aa7fd91667,data/raw/datasets/datasets/Notes/Eight/e914.jpg,64,64,0.057373046875
data/processed/images/half_note/001048.png,half_note,3d918851c71824cbc723c2470cbaed04cab6fafd3f80f74109aaeeae55d12cac,data/raw/datasets/datasets/Notes/Half/h145.jpg,64,64,0.03076171875
data/processed/images/sixteenth_note/003188.png,sixteenth_note,2156bda94266f540030e8f8dccd77cb8a4565f3b8c89f4d409c5bb01e9c42239,data/raw/datasets/datasets/Notes/Sixteenth/s271.jpg,64,64,0.1845703125
data/processed/images/half_note/001466.png,half_note,e248f412899816c38902d38124b5c44b90c86b49d78bd1f5cbd3802f654534fd,data/raw/datasets/datasets/Notes/Half/h521.jpg,64,64,0.03515625
data/processed/images/half_note/001312.png,half_note,4366caf34379d0260824e6e5e65ef0d43389f575ee95ea16ebe04719b838c4e2,data/raw/datasets/datasets/Notes/Half/h383.jpg,64,64,0.04150390625
data/processed/images/quarter_note/002780.png,quarter_note,d1dbdbe362734bc5fa0d772a3688d8effe286d2d494a1333381e7eeec496e478,data/raw/datasets/datasets/Notes/Quarter/q804.jpg,64,64,0.0478515625
data/processed/images/quarter_note/002143.png,quarter_note,061739df22269bec89444d388bd880e912e3634551a9e8d6b707a9821662540a,data/raw/datasets/datasets/Notes/Quarter/q230.jpg,64,64,0.0166015625
data/processed/images/half_note/001561.png,half_note,936a0742c1b45f32ab136a9ecfa85d6289d312431c9dcef37535c260c93fb367,data/raw/datasets/datasets/Notes/Half/h607.jpg,64,64,0.04150390625
data/processed/images/whole_note/004625.png,whole_note,00aa411d3d38eb36439d36d1ea90657b9bda243a7760307ecd3d46a4563362ad,data/raw/datasets/datasets/Notes/Whole/w666.jpg,64,64,0.11865234375
data/processed/images/quarter_note/002990.png,quarter_note,68f7c6f632c1f544222cacf014447a1a914501854acd9cbb827bc996c0c4a2e1,data/raw/datasets/datasets/Notes/Quarter/q994.jpg,64,64,0.078857421875
data/processed/images/half_note/001677.png,half_note,9c3d25258b406f5dd6a11d19e36e3e5d35a70807810fd5068011b6695c0d7b57,data/raw/datasets/datasets/Notes/Half/h711.jpg,64,64,0.0361328125
data/processed/images/quarter_note/002233.png,quarter_note,9daf3934d460dbf078d61e0e650e163200b34ae6d683b47113bba722e0b17194,data/raw/datasets/datasets/Notes/Quarter/q311.jpg,64,64,0.085205078125
data/processed/images/whole_note/004825.png,whole_note,3d0e2093c5073f2f017bbd65c0b7b280b7005e5b3e2e72e36c04479a9734803d,data/raw/datasets/datasets/Notes/Whole/w846.jpg,64,64,0.22021484375
data/processed/images/quarter_note/002949.png,quarter_note,ded357986e8e54ab8fd68b90d4aa3cb6d4e98dc6f529821ab6c45416a8b4a8be,data/raw/datasets/datasets/Notes/Quarter/q957.jpg,64,64,0.07080078125
data/processed/images/quarter_note/002133.png,quarter_note,b5c07b784e729d8b46b681a03462a3bcc9f2c0e207350beb7f0947542fb5abc5,data/raw/datasets/datasets/Notes/Quarter/q221.jpg,64,64,0.056640625
data/processed/images/sixteenth_note/003378.png,sixteenth_note,9534fa7d7eee2dc8d862c1468eed26d6ece16de09952d10b721546e3ed7fb9b5,data/raw/datasets/datasets/Notes/Sixteenth/s442.jpg,64,64,0.2353515625
data/processed/images/quarter_note/002312.png,quarter_note,7fdefd6dde996e89e8c99a62ffef1e1e6463c6c6808d41641cfcfbeffcf2ccb5,data/raw/datasets/datasets/Notes/Quarter/q383.jpg,64,64,0.04541015625
data/processed/images/whole_note/004145.png,whole_note,b476650174ca7c0ffd9c1e018d96bd6119a80297e4ea34fe2d5efa3a075b9aac,data/raw/datasets/datasets/Notes/Whole/w233.jpg,64,64,0.03955078125
data/processed/images/half_note/001763.png,half_note,5d1b645b19850d958ab450dcbd000ab8c63aaaf05fbb6c30f3869400e7fe672b,data/raw/datasets/datasets/Notes/Half/h79.jpg,64,64,0.063232421875
data/processed/images/sixteenth_note/003223.png,sixteenth_note,0569339ae4e534eadd7b039d12bd3ee08074ec22c7858b60e3b5f4b07bc5569c,data/raw/datasets/datasets/Notes/Sixteenth/s302.jpg,64,64,0.06884765625
data/processed/images/half_note/001426.png,half_note,e17c63126918f585e8f10a5e1d95389c1849d2c82c49075dbd499350be593f3b,data/raw/datasets/datasets/Notes/Half/h486.jpg,64,64,0.03173828125
data/processed/images/eighth_note/000537.png,eighth_note,122409e5ae5aa4ba6f1c1bc60d9dbeaf357d063183a994e21201add99d567d36,data/raw/datasets/datasets/Notes/Eight/e582.jpg,64,64,0.1357421875
data/processed/images/whole_note/004808.png,whole_note,48fca89d3bf5290bd0f8b96be56020abe0b55dc2128fef47c84a270ac6662d0f,data/raw/datasets/datasets/Notes/Whole/w830.jpg,64,64,0.23828125
data/processed/images/half_note/001357.png,half_note,1a7ebd6aeae9e3ee948ed8a010830f44fe679a76e4a4a8f6a92faae2d4b32216,data/raw/datasets/datasets/Notes/Half/h423.jpg,64,64,0.0322265625
data/processed/images/whole_note/004806.png,whole_note,0f482dec64c6fa711049e52525be58b2bbd3a639da2b8380cfe0c46979b5c553,data/raw/datasets/datasets/Notes/Whole/w829.jpg,64,64,0.1884765625
data/processed/images/eighth_note/000176.png,eighth_note,66b5fcd3c6ca5883f13fb9feb3d7b1f854150b5b64a51f85e4bcadfbb853bf8e,data/raw/datasets/datasets/Notes/Eight/e257.jpg,64,64,0.054443359375
data/processed/images/whole_note/004664.png,whole_note,f10bbd13eaace51d11700ba656efae532ba076ac8bd16e1c92b19d1c5cb46918,data/raw/datasets/datasets/Notes/Whole/w700.jpg,64,64,0.080322265625
data/processed/images/sixteenth_note/003738.png,sixteenth_note,c9472ef31b536f71a05f4cde082c49cced82059bd40b8414dc7781174541b3cd,data/raw/datasets/datasets/Notes/Sixteenth/s768.jpg,64,64,0.04931640625
data/processed/images/eighth_note/000754.png,eighth_note,1c58e297dd034fdbbaac26243af8de414419fa76a0c15730da475895c700c1bc,data/raw/datasets/datasets/Notes/Eight/e781.jpg,64,64,0.134033203125
data/processed/images/quarter_note/002810.png,quarter_note,a494208b371dd4be1a6fbf644cbbfa4ca9349c68da54b6e51f81f1c151a81534,data/raw/datasets/datasets/Notes/Quarter/q831.jpg,64,64,0.061279296875
data/processed/images/whole_note/004672.png,whole_note,1f548746479fd2c2a76150cedcc65bde80393c373cdd80d2bfd932b225fd2c77,data/raw/datasets/datasets/Notes/Whole/w708.jpg,64,64,0.213623046875
data/processed/images/quarter_note/002130.png,quarter_note,4ce3126ebab40a6abb0038e3139605c202d00259fcfebd425d302ee9e0a26072,data/raw/datasets/datasets/Notes/Quarter/q219.jpg,64,64,0.030029296875
data/processed/images/quarter_note/002946.png,quarter_note,da5e4977b13d6f32b28503d189fe5be623fda2411f09866947426c7dc1627ac9,data/raw/datasets/datasets/Notes/Quarter/q954.jpg,64,64,0.08251953125
data/processed/images/whole_note/004301.png,whole_note,d99984f4980224261075fe894271d7b67ac4b221e84236a9b17dfe6efb44a2b6,data/raw/datasets/datasets/Notes/Whole/w374.jpg,64,64,0.02490234375
data/processed/images/eighth_note/000353.png,eighth_note,b15d1416e8d784e6a46430db7907fc506dade25e16762bd152f64a69ee055d5d,data/raw/datasets/datasets/Notes/Eight/e416.jpg,64,64,0.074462890625
data/processed/images/eighth_note/000662.png,eighth_note,2895d6a35438ead3cee21a9e6bcd46e4f12f3b91d23db395cbe07b4b8bfebf89,data/raw/datasets/datasets/Notes/Eight/e695.jpg,64,64,0.072998046875
data/processed/images/sixteenth_note/003182.png,sixteenth_note,88f28f3f96a6e8631a835b81688025c31605b996f86ed16a3e4a880939f3752a,data/raw/datasets/datasets/Notes/Sixteenth/s266.jpg,64,64,0.0966796875
data/processed/images/half_note/001970.png,half_note,37fe3e5db219cb1d3e5fec2147dea9b8822397ae7c788291fe1ccd2ce2905e61,data/raw/datasets/datasets/Notes/Half/h976.jpg,64,64,0.0595703125
data/processed/images/whole_note/004936.png,whole_note,2d00714d69d459ee9cc4cc692f5d98cd5198aa2ded1101d28429559b5f597f3c,data/raw/datasets/datasets/Notes/Whole/w946.jpg,64,64,0.034423828125
data/processed/images/eighth_note/000935.png,eighth_note,c7f57741bad3cfc8936af6cc25fa097c3da88869eb1e39e2d0e7119c3b479249,data/raw/datasets/datasets/Notes/Eight/e944.jpg,64,64,0.066162109375
data/processed/images/quarter_note/002311.png,quarter_note,3dda30b8dfa40861a26409cca09ec3c69a05bc04f668a7e935a4e24cdc639a5e,data/raw/datasets/datasets/Notes/Quarter/q382.jpg,64,64,0.073486328125
data/processed/images/whole_note/004537.png,whole_note,e8470179f5abc07c17d9eaee2daa1f704340ae16bdf65faed7957ae44a542195,data/raw/datasets/datasets/Notes/Whole/w587.jpg,64,64,0.0830078125
data/processed/images/quarter_note/002223.png,quarter_note,4cf4fa587901aae38945e3ca2d6553849e75921d7d1f037ec4f897e3779d7587,data/raw/datasets/datasets/Notes/Quarter/q302.jpg,64,64,0.04150390625
data/processed/images/whole_note/004203.png,whole_note,fceb33650ee0fc604b72a1f0919b5cc55f376ba0278c87b7018945cbf207351d,data/raw/datasets/datasets/Notes/Whole/w286.jpg,64,64,0.0654296875
data/processed/images/quarter_note/002889.png,quarter_note,62a821e282d658e00bcbecec9cf23d7fe168bff2aa116d79a8d0902c178b0d7f,data/raw/datasets/datasets/Notes/Quarter/q902.jpg,64,64,0.035400390625
data/processed/images/half_note/001348.png,half_note,a2cf968143f6aae25f098f5fa4f771ebc4c8fd95263843c440ab893b4e39d776,data/raw/datasets/datasets/Notes/Half/h415.jpg,64,64,0.04541015625
data/processed/images/sixteenth_note/003797.png,sixteenth_note,97ff0812b32a2f27b63d96be15b45d0b32a33bc840af26d29e79d8cd8cd3f272,data/raw/datasets/datasets/Notes/Sixteenth/s820.jpg,64,64,0.1025390625
data/processed/images/eighth_note/000767.png,eighth_note,b8eba7208da108b1c4d0bf9b6cf3386b00c6e5b83e5c078fc1640a41b7a37508,data/raw/datasets/datasets/Notes/Eight/e793.jpg,64,64,0.12890625
data/processed/images/eighth_note/000697.png,eighth_note,6ec14b0cd3a167273b93d30e7fe3224d4f02185b0e7da5be4f727f315e6fd2f5,data/raw/datasets/datasets/Notes/Eight/e727.jpg,64,64,0.1181640625
data/processed/images/whole_note/004668.png,whole_note,4b30e28612673c41e745aaa51ccf37a5a9869cdbe2974f677170ce8f0a46c9a1,data/raw/datasets/datasets/Notes/Whole/w704.jpg,64,64,0.090087890625
data/processed/images/eighth_note/000063.png,eighth_note,42cf570a60ecdf74871f3303798a579b69c24996a81da854a35300355ab66a30,data/raw/datasets/datasets/Notes/Eight/e155.jpg,64,64,0.12744140625
data/processed/images/quarter_note/002361.png,quarter_note,adff17f85358100c89f693c761dc717f6139755cd904fd4c3e643d0a3ced0b2c,data/raw/datasets/datasets/Notes/Quarter/q427.jpg,64,64,0.0673828125
data/processed/images/eighth_note/000984.png,eighth_note,e26e0c905b104369cd48f132742d12e456e25da85fbb74eed236b2d5914877fb,data/raw/datasets/datasets/Notes/Eight/e989.jpg,64,64,0.12548828125
data/processed/images/half_note/001648.png,half_note,1519009bedc119e4d6e4749acf4e07b164497957e4374420d2be3e74d01ddb3b,data/raw/datasets/datasets/Notes/Half/h686.jpg,64,64,0.039306640625
data/processed/images/whole_note/004817.png,whole_note,af96873e2f5031fa4c6b61e271fe9a29c27fe49ec52fefa3ad3a3d536d36a81b,data/raw/datasets/datasets/Notes/Whole/w839.jpg,64,64,0.115966796875
data/processed/images/half_note/001790.png,half_note,395da6d4581e374f8e21d6142f662075d9be13436e6af6e46b9389e105070a49,data/raw/datasets/datasets/Notes/Half/h813.jpg,64,64,0.0458984375
data/processed/images/sixteenth_note/003400.png,sixteenth_note,ae7c69308621a0f306246afcc21052398ae28702765b39330f97e5210c29c7ad,data/raw/datasets/datasets/Notes/Sixteenth/s462.jpg,64,64,0.10986328125
data/processed/images/quarter_note/002812.png,quarter_note,bf4ea54084b833f0e76c6ce7f14c67ecd93012a0b9ce07fafb299600325f0259,data/raw/datasets/datasets/Notes/Quarter/q833.jpg,64,64,0.041259765625
data/processed/images/sixteenth_note/003439.png,sixteenth_note,8d7d3620744adeed7b3ab7120a4fc6e104147a3469d5c59ce5e474bc5a048a51,data/raw/datasets/datasets/Notes/Sixteenth/s498.jpg,64,64,0.08740234375
data/processed/images/half_note/001065.png,half_note,f8a85ab2b3175a5620e541a33bec4b7010fca8187c3e2abbe38028210d9164f7,data/raw/datasets/datasets/Notes/Half/h160.jpg,64,64,0.06005859375
data/processed/images/half_note/001229.png,half_note,4afc018dd0541f1f8c0457da86fa2692cae8957956d25117664d6feda59b2c6a,data/raw/datasets/datasets/Notes/Half/h308.jpg,64,64,0.03955078125
data/processed/images/sixteenth_note/003000.png,sixteenth_note,a4b4ed169ec58b7c3876ae4f5bc4c2151482b109383661e7ccfc35ba3867a573,data/raw/datasets/datasets/Notes/Sixteenth/s101.jpg,64,64,0.0849609375
data/processed/images/sixteenth_note/003401.png,sixteenth_note,ddeb27a59717a2f4902c4a487783d88547e116748affa9895536c4abb14cf094,data/raw/datasets/datasets/Notes/Sixteenth/s463.jpg,64,64,0.053955078125
data/processed/images/half_note/001867.png,half_note,2161a17191708daea594789a3f7d5a429b3a62797e60eeca83f57fc2e832fcc1,data/raw/datasets/datasets/Notes/Half/h883.jpg,64,64,0.0224609375
data/processed/images/half_note/001271.png,half_note,ab5819eb1b5358e39fcb0db1d9deffedf339b729a490c21b234d8d7053dbfcff,data/raw/datasets/datasets/Notes/Half/h346.jpg,64,64,0.0390625
data/processed/images/half_note/001523.png,half_note,5d30a37f3cf1ff6b0b7a4861b8f76771ade47a7f0d194b795960538123eae27d,data/raw/datasets/datasets/Notes/Half/h573.jpg,64,64,0.04345703125
data/processed/images/sixteenth_note/003026.png,sixteenth_note,f23e2c026669bc8aa83801f6d1d4b3fc0531b82bf734ea6c1eb25c686f58c8f2,data/raw/datasets/datasets/Notes/Sixteenth/s125.jpg,64,64,0.072021484375
data/processed/images/eighth_note/000919.png,eighth_note,b614a3e698592d024bff8127a3740babb5e4316eff9052dcb2e5b6893f8a9222,data/raw/datasets/datasets/Notes/Eight/e93.jpg,64,64,0.042724609375
data/processed/images/whole_note/004833.png,whole_note,20566c278078035b7aac4f14d4d24b2ac03ffec4cc5a11f1b15ca46157ecd080,data/raw/datasets/datasets/Notes/Whole/w853.jpg,64,64,0.2802734375
data/processed/images/quarter_note/002095.png,quarter_note,4277229175605dfcce344cc1960cc1cf684175ce2a2e75eb598e66241b60fc9b,data/raw/datasets/datasets/Notes/Quarter/q188.jpg,64,64,0.040283203125
data/processed/images/quarter_note/002447.png,quarter_note,99ae9c1c249b40b38c3ef90aa99f6973dc133e1dd36a2475d20eaae3a4055ad7,data/raw/datasets/datasets/Notes/Quarter/q504.jpg,64,64,0.04150390625
data/processed/images/half_note/001347.png,half_note,706d99093d8c7ed65242ef0076e86eddf3f509bd12f74db41cf94195dbcaf142,data/raw/datasets/datasets/Notes/Half/h414.jpg,64,64,0.052978515625
data/processed/images/quarter_note/002222.png,quarter_note,6593a3ad38a43c5b952ec9809b62197ed97dc084285b9e7a18100578801f7575,data/raw/datasets/datasets/Notes/Quarter/q301.jpg,64,64,0.050048828125
data/processed/images/sixteenth_note/003864.png,sixteenth_note,34d361c81569effe169cb8c3cd576e4f56fb7afd30021d1f6a3a7fba5946aadc,data/raw/datasets/datasets/Notes/Sixteenth/s881.jpg,64,64,0.0546875
data/processed/images/half_note/001083.png,half_note,bb1cc9425bab589e2e0a3b425366000c0bbd54d42216641878ad417372b8d525,data/raw/datasets/datasets/Notes/Half/h177.jpg,64,64,0.02587890625
data/processed/images/whole_note/004474.png,whole_note,7ba7f691782af0b4e135fdf0763334b31e8e2278a5b7979dd1cf3f6573620ee8,data/raw/datasets/datasets/Notes/Whole/w53.jpg,64,64,0.1767578125
data/processed/images/half_note/001588.png,half_note,e232219d7d01b20dfe7b01f9eb16f6ef5e7542f6c3f3c182276bea06438b7ecf,data/raw/datasets/datasets/Notes/Half/h631.jpg,64,64,0.0390625
data/processed/images/half_note/001947.png,half_note,660dbe161ab38f97b9ee279e681021c4356e8da35a9259149c3c48e24ef0b19c,data/raw/datasets/datasets/Notes/Half/h955.jpg,64,64,0.04638671875
data/processed/images/half_note/001252.png,half_note,46bf982d5a958515ae8f56751db1abfd6367ff68c95c98fc708b810630766f3b,data/raw/datasets/datasets/Notes/Half/h329.jpg,64,64,0.083740234375
data/processed/images/eighth_note/000060.png,eighth_note,797f8275ffc5c729f47b1712283be929fb2cf099a4b2615559efe571212b6dda,data/raw/datasets/datasets/Notes/Eight/e152.jpg,64,64,0.197265625
data/processed/images/eighth_note/000586.png,eighth_note,98b95dd45ddecdd441ec8378fdcd5266e7bcf73ffdfda066e2895ce2f13b7f6e,data/raw/datasets/datasets/Notes/Eight/e626.jpg,64,64,0.240478515625
data/processed/images/quarter_note/002192.png,quarter_note,81dd8d24f3bd8f0c1f16e722b6cf24e666ca3dad1d9e3e497ae396dba265bbd3,data/raw/datasets/datasets/Notes/Quarter/q275.jpg,64,64,0.030029296875
data/processed/images/half_note/000998.png,half_note,23355836a022e9d583710fa80a730d9c1692e9353b0722ae12b0a2d38908979f,data/raw/datasets/datasets/Notes/Half/h100.jpg,64,64,0.060546875
data/processed/images/eighth_note/000120.png,eighth_note,45395baa4cb40728b053dcf7c151d868f2f2b7020cbb12718b477f6264fbb263,data/raw/datasets/datasets/Notes/Eight/e206.jpg,64,64,0.085205078125
data/processed/images/sixteenth_note/003677.png,sixteenth_note,77563e47f9e66c294734f2eed235bb4523c363eff4b508c869a18e860a27dfc4,data/raw/datasets/datasets/Notes/Sixteenth/s712.jpg,64,64,0.089111328125
data/processed/images/quarter_note/002869.png,quarter_note,0aef055fed913d49bd1812cbea3383052f52fa90238e2c134d5554f1d032e114,data/raw/datasets/datasets/Notes/Quarter/q885.jpg,64,64,0.03466796875
data/processed/images/quarter_note/002269.png,quarter_note,2897de8b4ddf7e65c2d1c98093f303dad3c015267905875b6f87545b2a7efb9f,data/raw/datasets/datasets/Notes/Quarter/q344.jpg,64,64,0.03076171875
data/processed/images/eighth_note/000260.png,eighth_note,b7d9f762a9b97f63bbc8e92fedd4332584f9a5999649d27bc9ec19ee93f7cdb2,data/raw/datasets/datasets/Notes/Eight/e332.jpg,64,64,0.1015625
data/processed/images/whole_note/004863.png,whole_note,cc8d046d56a1c598590cf4af5b65d50ae8ec481ebb43570c48debca488e601b6,data/raw/datasets/datasets/Notes/Whole/w880.jpg,64,64,0.072998046875
data/processed/images/half_note/001777.png,half_note,b8914ca3770d1806f5fcd3e001442f3ea053e9e9962e36f2249147dd416c4c35,data/raw/datasets/datasets/Notes/Half/h801.jpg,64,64,0.080810546875
data/processed/images/eighth_note/000370.png,eighth_note,92007bc8d5e5e517a35c6af868babccd4ca96eb98d99520e4ff90c61a5f7c8ed,data/raw/datasets/datasets/Notes/Eight/e431.jpg,64,64,0.055908203125
data/processed/images/sixteenth_note/003269.png,sixteenth_note,edd278d49779a1531eb8803256227fc5679dc08e6e5010d91eb3eac9a7c4483b,data/raw/datasets/datasets/Notes/Sixteenth/s344.jpg,64,64,0.10205078125
data/processed/images/whole_note/004079.png,whole_note,45d20db440880de111442c6fdb8b895ec7ea1ef62578c79062ca8a88ffacb522,data/raw/datasets/datasets/Notes/Whole/w174.jpg,64,64,0.09326171875
data/processed/images/sixteenth_note/003776.png,sixteenth_note,79d0547dc8092cfc85c6e12479de8e862e8db3d1dd2d263592cafbde3c353da0,data/raw/datasets/datasets/Notes/Sixteenth/s801.jpg,64,64,0.06396484375
data/processed/images/quarter_note/002904.png,quarter_note,2c9e08343973a6cae822191878a9c3de43f605bf1bd5ca86611a1e113bfa4572,data/raw/datasets/datasets/Notes/Quarter/q916.jpg,64,64,0.035400390625
data/processed/images/quarter_note/002814.png,quarter_note,e51e26a5d58c29ebf79c20d608de8cc7faa751e6450a4adce15de5a021952d46,data/raw/datasets/datasets/Notes/Quarter/q835.jpg,64,64,0.02294921875
data/processed/images/whole_note/004221.png,whole_note,394533515de34f7ce80b84543770daca6b01aaa9adaa8ff114a8b760de4487d5,data/raw/datasets/datasets/Notes/Whole/w301.jpg,64,64,0.156005859375
data/processed/images/eighth_note/000086.png,eighth_note,79a235b3898cc24bb06de5ccd7a9cd9a194b1966ef3b94edac23b1423cb478fb,data/raw/datasets/datasets/Notes/Eight/e176.jpg,64,64,0.097900390625
data/processed/images/eighth_note/000390.png,eighth_note,3bc71bd1c4ea2ce869e2a15ff4fd41d732888ca522c2916f23b96009116e6313,data/raw/datasets/datasets/Notes/Eight/e45.jpg,64,64,0.0380859375
data/processed/images/half_note/001063.png,half_note,9254a2e735409a3f28cbc7fe5db6d11484a30699719317f808a2632e8eec3fb2,data/raw/datasets/datasets/Notes/Half/h159.jpg,64,64,0.020751953125
data/processed/images/eighth_note/000643.png,eighth_note,0adffd68c877c59f1b2aeb38fe7932b6ee8377537518d5127a3524e88d50b711,data/raw/datasets/datasets/Notes/Eight/e678.jpg,64,64,0.06640625
data/processed/images/sixteenth_note/003591.png,sixteenth_note,1520ebe5c3947daf168280965a92cadd17ea7992d98dd9a637e537ac2db4b847,data/raw/datasets/datasets/Notes/Sixteenth/s634.jpg,64,64,0.0859375
data/processed/images/sixteenth_note/003161.png,sixteenth_note,14615423bfca31b78aa2f7cc8b94b3d923a56accae3cc56282f9ec22b4b03abb,data/raw/datasets/datasets/Notes/Sixteenth/s247.jpg,64,64,0.052978515625
data/processed/images/whole_note/004949.png,whole_note,aafd5e0d874c53a6d5b8852d45a0e99784c571d4ac4f278beb95648b7fc45f90,data/raw/datasets/datasets/Notes/Whole/w958.jpg,64,64,0.052001953125
data/processed/images/quarter_note/002456.png,quarter_note,917c6b78c4cec3874e1f54f92083012430e2583f453ff33b81a8006dbeb3815d,data/raw/datasets/datasets/Notes/Quarter/q512.jpg,64,64,0.104248046875
data/processed/images/half_note/001704.png,half_note,e8546090f93a48a7320d18cd7c3927204d0e9ed9b7d69fe937ed148dc022b62e,data/raw/datasets/datasets/Notes/Half/h736.jpg,64,64,0.05224609375
data/processed/images/half_note/001250.png,half_note,4dd37f3aa5268a3c0c60746221b47688db1606eea4f48d739a17f343cbfab06f,data/raw/datasets/datasets/Notes/Half/h327.jpg,64,64,0.03515625
data/processed/images/eighth_note/000462.png,eighth_note,44b5790823e62375d821689c5ca35c2fd56ed8e7a8d2bc7d74edadae49b3711f,data/raw/datasets/datasets/Notes/Eight/e514.jpg,64,64,0.03662109375
data/processed/images/whole_note/004223.png,whole_note,c4576de7121c5fb76c52c6a443528037d4aeb363fc79c178917f1fcf206681d9,data/raw/datasets/datasets/Notes/Whole/w303.jpg,64,64,0.162841796875
data/processed/images/sixteenth_note/003189.png,sixteenth_note,2de876d9dfac8c68747a141b90db6e98dcb68f26a5ed8956cf2069531e86783a,data/raw/datasets/datasets/Notes/Sixteenth/s272.jpg,64,64,0.056640625
data/processed/images/whole_note/004366.png,whole_note,9570167112fd06c66163cf56c384962b0883c7d00f7234ebb5ece0e07f5f156f,data/raw/datasets/datasets/Notes/Whole/w432.jpg,64,64,0.044921875
data/processed/images/half_note/001940.png,half_note,be87809ae8340e1c1958be67fadf97538ad251f2d6d8f5ba9da9e529b4cee74d,data/raw/datasets/datasets/Notes/Half/h949.jpg,64,64,0.037841796875
data/processed/images/half_note/001306.png,half_note,0f7006a3c93d17e4c51cc86ada6d5d83bfc18644c0cdc2c4ca2df3e47bd50e28,data/raw/datasets/datasets/Notes/Half/h378.jpg,64,64,0.06396484375
data/processed/images/whole_note/003995.png,whole_note,3d353f5f6749cd013fb7e4752d3288d024162727b3eb75b0f38df630ecaece7a,data/raw/datasets/datasets/Notes/Whole/w1.jpg,64,64,0.262451171875
data/processed/images/sixteenth_note/003336.png,sixteenth_note,e24ad88d5472a6c4a112e7a6bd0b3a3d0c579597e8de03e621363d6b9b465be4,data/raw/datasets/datasets/Notes/Sixteenth/s404.jpg,64,64,0.1181640625
data/processed/images/sixteenth_note/003777.png,sixteenth_note,eb6a207231accabb35e12f35d0ddf1bf8c380377423a1b789bbae5fb79b85cd6,data/raw/datasets/datasets/Notes/Sixteenth/s802.jpg,64,64,0.0703125
data/processed/images/sixteenth_note/003207.png,sixteenth_note,312315aa8495adbc450a8ba2e808aae59660ff363e9806f79d3439af9ecb61fc,data/raw/datasets/datasets/Notes/Sixteenth/s289.jpg,64,64,0.135986328125
data/processed/images/sixteenth_note/003289.png,sixteenth_note,bf3374a28fa9bbd5bf9a0dc907998443f211a0031987e97a93a331f9a0a63edf,data/raw/datasets/datasets/Notes/Sixteenth/s362.jpg,64,64,0.07568359375
data/processed/images/half_note/001335.png,half_note,dd0e8768326d4332eb8a1469280b243599f6faf74a5ab94e721ce9bee7eec4e5,data/raw/datasets/datasets/Notes/Half/h403.jpg,64,64,0.02880859375
data/processed/images/quarter_note/002341.png,quarter_note,c9b340eae5e8a5eeb2bd462e88d701af90fe489bd3619b3d9f3af51df08f59e2,data/raw/datasets/datasets/Notes/Quarter/q409.jpg,64,64,0.07958984375
data/processed/images/sixteenth_note/003094.png,sixteenth_note,ba0f5a869c9cb5a7195b09d6b0b007e21cc5930454eac4cbb2a3cc24b6ab03a3,data/raw/datasets/datasets/Notes/Sixteenth/s187.jpg,64,64,0.034423828125
data/processed/images/eighth_note/000841.png,eighth_note,49c17344d18108f80ecd8416fb2b7cbb4d8abaf447300d830a831a4ea7c587ec,data/raw/datasets/datasets/Notes/Eight/e86.jpg,64,64,0.02490234375
data/processed/images/sixteenth_note/003211.png,sixteenth_note,16f54d084ebed622775b2c8bf755273178d8e2faabae69a0480511c98d8df1f3,data/raw/datasets/datasets/Notes/Sixteenth/s292.jpg,64,64,0.10986328125
data/processed/images/sixteenth_note/003775.png,sixteenth_note,afadce323b2b0d8c5315bff98d211b62f8e2759bbc55b369e792d2dac003a411,data/raw/datasets/datasets/Notes/Sixteenth/s800.jpg,64,64,0.107177734375
data/processed/images/half_note/001093.png,half_note,abe4114ae0648f3f3f6af5420f797d54ea6eb2de1aaf9344fcec1092ab159e09,data/raw/datasets/datasets/Notes/Half/h186.jpg,64,64,0.026123046875
data/processed/images/sixteenth_note/002997.png,sixteenth_note,3e25e8029f7d3c26c4bd8f776ccacb345aec1252c9d4c2d907d2ec46ec56f301,data/raw/datasets/datasets/Notes/Sixteenth/s10.jpg,64,64,0.070068359375
data/processed/images/whole_note/004439.png,whole_note,740e9de211bbf08c394ae87b152ae9ea6004d8d4579b22a923b473ebdc0b3764,data/raw/datasets/datasets/Notes/Whole/w499.jpg,64,64,0.033935546875
data/processed/images/eighth_note/000859.png,eighth_note,f74570156d4b92fb4d4a05e04c7f5e808cf7aa3140c096b4b8f1454b9021834b,data/raw/datasets/datasets/Notes/Eight/e876.jpg,64,64,0.078125
data/processed/images/whole_note/004667.png,whole_note,e44a486d2a36dd0e05669daece3e812a88996ed4bbf60af200b75709b359556a,data/raw/datasets/datasets/Notes/Whole/w703.jpg,64,64,0.165283203125
data/processed/images/eighth_note/000483.png,eighth_note,2d6ec2d1a96a1cf2bea1191ee5583bd10ea5e8a27bb10f2aeaef1f7f779c34e8,data/raw/datasets/datasets/Notes/Eight/e533.jpg,64,64,0.037841796875
data/processed/images/eighth_note/000557.png,eighth_note,696d0fe363bfbc022bec59e27dbe0429e4dea272845ac5985277147e22332a21,data/raw/datasets/datasets/Notes/Eight/e60.jpg,64,64,0.125
data/processed/images/half_note/001578.png,half_note,10900dd8cacb7e2c2524f7821d2d9ccde9f49929919e1c6ba5e77f8f7dc6b56d,data/raw/datasets/datasets/Notes/Half/h622.jpg,64,64,0.056884765625
data/processed/images/sixteenth_note/003783.png,sixteenth_note,94f64fdcb2c444ad40ac54485986c4f28168cac9e9a629e38b43bfbd9a42ba0e,data/raw/datasets/datasets/Notes/Sixteenth/s808.jpg,64,64,0.0625
data/processed/images/sixteenth_note/003034.png,sixteenth_note,751ec2e384993e2e85660eb0f0149debe8dce0200ffd3af50361f32c59aa0dfd,data/raw/datasets/datasets/Notes/Sixteenth/s132.jpg,64,64,0.08837890625
data/processed/images/eighth_note/000917.png,eighth_note,8a181c5fc666868c2d9bb41e9160d04a15e12c5da5d66a3f7ed23caa0610a354,data/raw/datasets/datasets/Notes/Eight/e928.jpg,64,64,0.1015625
data/processed/images/half_note/001266.png,half_note,d8a9a1adbf7f2bcd13a605ea9f77947f3ad8870b721f8b36b8241391bb5e344c,data/raw/datasets/datasets/Notes/Half/h341.jpg,64,64,0.026611328125
data/processed/images/sixteenth_note/003982.png,sixteenth_note,95fdbcef228e554132b42b6520dd66320a4c12e91880050631205afdafc84ab7,data/raw/datasets/datasets/Notes/Sixteenth/s988.jpg,64,64,0.0654296875
data/processed/images/sixteenth_note/003669.png,sixteenth_note,ec37e2b39b0e769542ad240dc71a54add587187fc2a449b3f95c40c0f85e9725,data/raw/datasets/datasets/Notes/Sixteenth/s705.jpg,64,64,0.11328125
data/processed/images/sixteenth_note/003200.png,sixteenth_note,4595083dfcae2f211f37ce46d89590a13eac393932da08a9bd14832c02c14dc1,data/raw/datasets/datasets/Notes/Sixteenth/s282.jpg,64,64,0.0732421875
data/processed/images/sixteenth_note/003134.png,sixteenth_note,a4d1c7da8ebcb17dafe72055a16f5d22988dbec4439fcf987444883e95b761b5,data/raw/datasets/datasets/Notes/Sixteenth/s222.jpg,64,64,0.0654296875
data/processed/images/eighth_note/000049.png,eighth_note,5b5889cfaaecfa78119ff0beb286b43c5618ececfafafc6fd105c1ed30ea4049,data/raw/datasets/datasets/Notes/Eight/e142.jpg,64,64,0.043212890625
data/processed/images/quarter_note/002073.png,quarter_note,51e3499e29be08deb51decd36601455d57774d6186132d59be8af3c3b12fc986,data/raw/datasets/datasets/Notes/Quarter/q168.jpg,64,64,0.04443359375
data/processed/images/half_note/001580.png,half_note,39082cb845f8191bab1279b63b592ddc2602d88af250b3cb09a77cd26fff838c,data/raw/datasets/datasets/Notes/Half/h624.jpg,64,64,0.0517578125
data/processed/images/eighth_note/000842.png,eighth_note,7e04f762bdaa718a84668cede806ca13f7d09738e612db57c496a36c7f2ba534,data/raw/datasets/datasets/Notes/Eight/e860.jpg,64,64,0.05810546875
data/processed/images/whole_note/004425.png,whole_note,c1b1072ae8ef339fd5705c5377728d07b41178cd8a5fbac1dd46f3cbead6684b,data/raw/datasets/datasets/Notes/Whole/w486.jpg,64,64,0.03662109375
data/processed/images/quarter_note/002572.png,quarter_note,091ea2eabc8a0614b167a2411c9934c3797cbab8efaa74d5dec8d2875a2dbaa8,data/raw/datasets/datasets/Notes/Quarter/q617.jpg,64,64,0.130615234375
data/processed/images/quarter_note/002040.png,quarter_note,b9394fdd255a4acf8afa59b5c8fac43e311fc0b9eba3b3d79b784dd1baba6b52,data/raw/datasets/datasets/Notes/Quarter/q138.jpg,64,64,0.101806640625
data/processed/images/half_note/001626.png,half_note,49ab8ca9244b015932f275dd757fb5059bc7b5511a7c506dfd47f719dd1b7239,data/raw/datasets/datasets/Notes/Half/h666.jpg,64,64,0.046142578125
data/processed/images/quarter_note/002221.png,quarter_note,3af6d26265ec475cfe6d77b19cbf61873d73756bc927a478754fc81d668d7dc5,data/raw/datasets/datasets/Notes/Quarter/q300.jpg,64,64,0.033447265625
data/processed/images/half_note/001977.png,half_note,57d9260a9912988b728e6f9a5f66e0ae9d7182bf2045be9f2661396fd0f2458a,data/raw/datasets/datasets/Notes/Half/h982.jpg,64,64,0.05419921875
data/processed/images/quarter_note/002546.png,quarter_note,f8bbb332c99ef376a7c034d447d86b27012bad4929af7fe69f2f380902a2e979,data/raw/datasets/datasets/Notes/Quarter/q594.jpg,64,64,0.07470703125
data/processed/images/half_note/001050.png,half_note,6f66fa266921f949d88793f624da462803ddc83b1034650971e5ce90128d9f60,data/raw/datasets/datasets/Notes/Half/h147.jpg,64,64,0.026611328125
data/processed/images/sixteenth_note/003784.png,sixteenth_note,9d4f9e528ed924a574109c9cc25cb7d0f9596f05d72f49d2a2736aab06ed6564,data/raw/datasets/datasets/Notes/Sixteenth/s809.jpg,64,64,0.093994140625
data/processed/images/half_note/001804.png,half_note,deb9f88954be9b265755c29f9b0eb29e7af9e50fd80d73c785a4dac55dbee423,data/raw/datasets/datasets/Notes/Half/h826.jpg,64,64,0.051025390625
data/processed/images/half_note/001984.png,half_note,b8b1c6adb11c1ad63fdfa3ea2d0989fed11648e89e7328fdf605bdcdf0d82d24,data/raw/datasets/datasets/Notes/Half/h989.jpg,64,64,0.032470703125
data/processed/images/sixteenth_note/003078.png,sixteenth_note,8f7cd0e7aac270b0e54a8b28badf73c5d54934eada1a48ba0d6fc43638476795,data/raw/datasets/datasets/Notes/Sixteenth/s172.jpg,64,64,0.070556640625
data/processed/images/half_note/001978.png,half_note,cd8c234e6c3d15d4631c675d4b5db429ff4128b055591fd2054a37f083627a56,data/raw/datasets/datasets/Notes/Half/h983.jpg,64,64,0.03369140625
data/processed/images/whole_note/004139.png,whole_note,e3d85fb2bc15110415ffee98a9139a948fe4dd3d2c1f20cb9804bb5407f723e1,data/raw/datasets/datasets/Notes/Whole/w228.jpg,64,64,0.038818359375
data/processed/images/whole_note/004360.png,whole_note,77564b5dc3b72cfb281f498b64ab63d32eca83bf97227db8b00a2d5a4855a2db,data/raw/datasets/datasets/Notes/Whole/w427.jpg,64,64,0.038818359375
data/processed/images/half_note/001930.png,half_note,435b47772a1c6132c0cc829b74e4727aed499b6e8a6f6eafdcc6b5dbb0aec662,data/raw/datasets/datasets/Notes/Half/h94.jpg,64,64,0.033203125
data/processed/images/quarter_note/002417.png,quarter_note,9b685b7a086b1e304c1d85e604fca379f3c6e926500ffe99e05a45a4f3a9e7d3,data/raw/datasets/datasets/Notes/Quarter/q478.jpg,64,64,0.034912109375
data/processed/images/whole_note/004238.png,whole_note,ba09937cf09237941c403c1f36fa595f864943b6ab6e0ad7396623a6d2dabd83,data/raw/datasets/datasets/Notes/Whole/w317.jpg,64,64,0.18798828125
data/processed/images/quarter_note/002050.png,quarter_note,05f79665e6fb9a2dd8f8113519211991d7a37592515ad02e0f0341474aefbb4d,data/raw/datasets/datasets/Notes/Quarter/q147.jpg,64,64,0.0703125
data/processed/images/whole_note/004014.png,whole_note,5edf275b0137c29779ead923c4063756984936095cd1e52de88a280ffaaa593f,data/raw/datasets/datasets/Notes/Whole/w115.jpg,64,64,0.27685546875
data/processed/images/whole_note/004021.png,whole_note,f3633d3280abe614bb4666c7edb1f8d64fef7a3cff60727a86523a8ea29d33c4,data/raw/datasets/datasets/Notes/Whole/w121.jpg,64,64,0.17919921875
data/processed/images/whole_note/004462.png,whole_note,5eee533d07c2390d0a09404b888cbe36248f92b5af26069d5f57a7955ebc469c,data/raw/datasets/datasets/Notes/Whole/w519.jpg,64,64,0.030517578125
data/processed/images/eighth_note/000327.png,eighth_note,15b8058103db59d736cc6432c7cdac7990f7f596e0dbbc9861ab9ad6ddbdb7d5,data/raw/datasets/datasets/Notes/Eight/e393.jpg,64,64,0.062255859375
data/processed/images/sixteenth_note/003496.png,sixteenth_note,85f03e08c86c54d069f5f38b1a4f3f6a84a67db828376938a4da8604d43198b4,data/raw/datasets/datasets/Notes/Sixteenth/s549.jpg,64,64,0.23388671875
data/processed/images/half_note/001895.png,half_note,edca4cefa0b23c3287f3b18420196d488b86fb26c6bfc23cb3406c62a327872a,data/raw/datasets/datasets/Notes/Half/h908.jpg,64,64,0.0126953125
data/processed/images/half_note/001203.png,half_note,ac112ab60ebb0b7d47826949c643f5f5b0695d34549f836ea19e26e436d8f8e2,data/raw/datasets/datasets/Notes/Half/h285.jpg,64,64,0.034912109375
data/processed/images/whole_note/004976.png,whole_note,ecba15fa30edf32c0712a170495f1202a53ea04e7bce505b0ab698646163247d,data/raw/datasets/datasets/Notes/Whole/w982.jpg,64,64,0.05908203125
data/processed/images/whole_note/004578.png,whole_note,7c26a513f905e45d0afebc12ed46fc4dd4889cdfc9bd3d84466c654f07ab7919,data/raw/datasets/datasets/Notes/Whole/w623.jpg,64,64,0.072998046875
data/processed/images/half_note/001289.png,half_note,7a7c80ebcb90ed2d0c541ce2e1a09cce9cf2c7b70a9593e73c930660f53652f2,data/raw/datasets/datasets/Notes/Half/h362.jpg,64,64,0.05224609375
data/processed/images/eighth_note/000196.png,eighth_note,5a414092a73ea3f73be2fa4432c3ba3785e189716f41c87d56a7b71b17526bd7,data/raw/datasets/datasets/Notes/Eight/e275.jpg,64,64,0.060302734375
data/processed/images/quarter_note/002976.png,quarter_note,ee4c9acee5181462022858f9baac5bc590fe35346ee36834fb1b6036887c0ae8,data/raw/datasets/datasets/Notes/Quarter/q981.jpg,64,64,0.057861328125
data/processed/images/eighth_note/000419.png,eighth_note,767ba116c7401503e8b185d9e380b02b5b562426ee0277d24e6bfe0d0d43b3d9,data/raw/datasets/datasets/Notes/Eight/e476.jpg,64,64,0.043701171875
data/processed/images/whole_note/004841.png,whole_note,15fb4d1f6aa941d908f2adf6759de63fa97aaeecd57ddf85029491be2e70d9bf,data/raw/datasets/datasets/Notes/Whole/w860.jpg,64,64,0.14892578125
data/processed/images/whole_note/004175.png,whole_note,9a283e11084653583ef9b1132b5b70f41ed1e04bd16076acf6041c7528c9e737,data/raw/datasets/datasets/Notes/Whole/w260.jpg,64,64,0.06982421875
data/processed/images/eighth_note/000711.png,eighth_note,8b9f5ebdf13ea78cf927297324c1b04c7b9994d733f5e7e58e19ad85d8ce29e4,data/raw/datasets/datasets/Notes/Eight/e740.jpg,64,64,0.160888671875
data/processed/images/half_note/001320.png,half_note,a0e750efdee583515a7759509c7cf2a4b89fbf463b10a13801f1703b6873f7be,data/raw/datasets/datasets/Notes/Half/h390.jpg,64,64,0.024658203125
data/processed/images/half_note/001736.png,half_note,5f1f2f81b252106d4e9fb86a5eaaade39c32149295ddbad41a459bff0b65500e,data/raw/datasets/datasets/Notes/Half/h765.jpg,64,64,0.03125
data/processed/images/sixteenth_note/003537.png,sixteenth_note,e3a460f2e63143a0eeb1371bfde5dee7f3a074a9f9c7d4017afae13cb424bb5b,data/raw/datasets/datasets/Notes/Sixteenth/s586.jpg,64,64,0.102783203125
data/processed/images/whole_note/004028.png,whole_note,acb97bc0c030f3f05acea56fcd7f30b95c56188dc056ab7532d936ada272058e,data/raw/datasets/datasets/Notes/Whole/w128.jpg,64,64,0.236083984375
data/processed/images/half_note/001124.png,half_note,1ff4ee8c4956e58eaca7c5de4253c133b2dea29e35462ec014647833f8f63788,data/raw/datasets/datasets/Notes/Half/h213.jpg,64,64,0.048095703125
data/processed/images/sixteenth_note/003767.png,sixteenth_note,10f42e18f5e39dda5e7ba0f969801930948974d2513f78b304b9381787d3e9db,data/raw/datasets/datasets/Notes/Sixteenth/s794.jpg,64,64,0.073486328125
data/processed/images/quarter_note/002642.png,quarter_note,1283bf7f219c6c47ca27c1eb79fa8837add922ee287743db8c00054ff52fdac6,data/raw/datasets/datasets/Notes/Quarter/q680.jpg,64,64,0.03955078125
data/processed/images/half_note/001307.png,half_note,a36e7353fd354548b2dbabcb607484787ab7e2a6f67b4a32f94b14dbe96729a1,data/raw/datasets/datasets/Notes/Half/h379.jpg,64,64,0.041015625
data/processed/images/whole_note/004917.png,whole_note,6f579876b88af1d5206d7d239d355b69fc6eade048deb62fc999ba978e365f60,data/raw/datasets/datasets/Notes/Whole/w929.jpg,64,64,0.15576171875
data/processed/images/quarter_note/002131.png,quarter_note,d581d2233556d7fcbb4b2c9a4c9fc2a4ba94d0b3f7263819af6f8c1e7342fad9,data/raw/datasets/datasets/Notes/Quarter/q22.jpg,64,64,0.031005859375
data/processed/images/half_note/001579.png,half_note,ea996033b94b724e535bd4be12d553865ea9e593bbc51338eead5f16c0141b09,data/raw/datasets/datasets/Notes/Half/h623.jpg,64,64,0.0244140625
data/processed/images/quarter_note/002351.png,quarter_note,0e2e3acea795760c95eafd77d186f7a68811df47f0fd61108b55cc72ebc58f19,data/raw/datasets/datasets/Notes/Quarter/q418.jpg,64,64,0.1025390625
data/processed/images/half_note/001387.png,half_note,3fd870057f39cd1c1a3c27a23da3b19dab0bbddf046a346bb023737cb542d335,data/raw/datasets/datasets/Notes/Half/h450.jpg,64,64,0.033203125
data/processed/images/eighth_note/000673.png,eighth_note,9ada8cc4e45fbb73da92dc33bb605f21597d2ee86c2bb864dd0fa8f6cfa7f03b,data/raw/datasets/datasets/Notes/Eight/e704.jpg,64,64,0.104248046875
data/processed/images/whole_note/004978.png,whole_note,7bdf43c693d3a1afce13bb34e9e2f4f3f784c9a0a04aa4b1fac5da35dea0446f,data/raw/datasets/datasets/Notes/Whole/w984.jpg,64,64,0.0791015625
data/processed/images/eighth_note/000416.png,eighth_note,79ad523b29033c93cb98e2d70e318089de815a93cb226030641a4322174cbf36,data/raw/datasets/datasets/Notes/Eight/e473.jpg,64,64,0.02978515625
data/processed/images/eighth_note/000682.png,eighth_note,42784d5c3db00a98ec030ff796424684c67cdfa35d1551cb3f004bb34eef60de,data/raw/datasets/datasets/Notes/Eight/e712.jpg,64,64,0.127685546875
data/processed/images/half_note/001732.png,half_note,8acd8afd6f31617b4ae591ec48016893557c30180abada1f62f99567a7a1d3b7,data/raw/datasets/datasets/Notes/Half/h761.jpg,64,64,0.0361328125
data/processed/images/eighth_note/000728.png,eighth_note,cf0b74b3a3097420fffa6336fe0beb663d4cb27483a876106eb54156981286f2,data/raw/datasets/datasets/Notes/Eight/e756.jpg,64,64,0.108642578125
data/processed/images/eighth_note/000669.png,eighth_note,02285666ebafab38b602e0196ba1db0b852549c9dce3ec2b46e7bc3160fb4521,data/raw/datasets/datasets/Notes/Eight/e700.jpg,64,64,0.1142578125
data/processed/images/half_note/001197.png,half_note,444ff3249b861fbc3d62d8af3cbe931dafe6d9144c6f06ec1d40b4c755030dfc,data/raw/datasets/datasets/Notes/Half/h28.jpg,64,64,0.044189453125
data/processed/images/whole_note/004042.png,whole_note,8cf6280bf2ed71949cbe89ecc276982cc7c64ffb766e86e3a6cba2667adb5cb9,data/raw/datasets/datasets/Notes/Whole/w140.jpg,64,64,0.24853515625
data/processed/images/eighth_note/000432.png,eighth_note,d7b8d66c3254509763f1a644b4be01c274c20c93faf9fa9760b9fc70c5a92344,data/raw/datasets/datasets/Notes/Eight/e488.jpg,64,64,0.042236328125
data/processed/images/quarter_note/002941.png,quarter_note,18131307705901c000654631ad40a6a1e85244d53f0775482180be405c115688,data/raw/datasets/datasets/Notes/Quarter/q95.jpg,64,64,0.075927734375
data/processed/images/eighth_note/000765.png,eighth_note,dfb9641a2f0c6c64cd9bdf9cec389403c44289c026f876d7081be24d94ebfcfc,data/raw/datasets/datasets/Notes/Eight/e791.jpg,64,64,0.134765625
data/processed/images/sixteenth_note/003212.png,sixteenth_note,dfe2b6f343f30c93ab800b49a85b2d2dfb01b964cab8f71fab6cc9d15162662d,data/raw/datasets/datasets/Notes/Sixteenth/s293.jpg,64,64,0.0703125
data/processed/images/sixteenth_note/003692.png,sixteenth_note,826fd216cd6925829d186c7494db5a4a7c85a0c4422492dc5557f4183dd5402f,data/raw/datasets/datasets/Notes/Sixteenth/s726.jpg,64,64,0.084228515625
data/processed/images/whole_note/004983.png,whole_note,f66385ed85c1dd611e5dc563f82e7468ec2abd23b7b62adae85808fc45108697,data/raw/datasets/datasets/Notes/Whole/w989.jpg,64,64,0.084716796875
data/processed/images/quarter_note/002715.png,quarter_note,b3453f72e47c3ca4fc5c804c3152b2fb6f95873e7e77ca0d9438419428bcb55f,data/raw/datasets/datasets/Notes/Quarter/q746.jpg,64,64,0.058837890625
data/processed/images/sixteenth_note/003604.png,sixteenth_note,f0b5ae9162be8038499e8c4ddc28727c8c9771972cf767759fb42a5a0e9286fa,data/raw/datasets/datasets/Notes/Sixteenth/s646.jpg,64,64,0.094482421875
data/processed/images/sixteenth_note/003971.png,sixteenth_note,feff843930a78b4b5c21ffb1854cb784ac97993c03c5ce4b15a004f65f2e9731,data/raw/datasets/datasets/Notes/Sixteenth/s978.jpg,64,64,0.07421875
data/processed/images/eighth_note/000259.png,eighth_note,e72f6c00550a79a40dfe70f60028dde30dd8a4fdd4971f4cac25fea40c513de4,data/raw/datasets/datasets/Notes/Eight/e331.jpg,64,64,0.092041015625
data/processed/images/half_note/001554.png,half_note,7bbaeefb8a190c8200ce5cdda05c2ad8df1a47a48ca54c462c016d147bdb20c9,data/raw/datasets/datasets/Notes/Half/h600.jpg,64,64,0.04150390625
data/processed/images/sixteenth_note/003477.png,sixteenth_note,08ce4d9ee8a11dc6c60257862025d94bbb37aae2dd739a7f29eea40b87cbda8c,data/raw/datasets/datasets/Notes/Sixteenth/s531.jpg,64,64,0.177490234375
data/processed/images/whole_note/004064.png,whole_note,f9d127e4d26e0742de537aa7fb18dee66bb9f15a316b73a4abc3a9ed6bd0b565,data/raw/datasets/datasets/Notes/Whole/w160.jpg,64,64,0.07470703125
data/processed/images/quarter_note/002687.png,quarter_note,734e11aa4a83d70e9ccd7f6e2911aadf303ddf0bd1b90310c4fc4c376e56cd52,data/raw/datasets/datasets/Notes/Quarter/q720.jpg,64,64,0.08740234375
data/processed/images/half_note/001857.png,half_note,f3b87200c22d0232848b87667eeb51feb428ecbda8d31cfe18b9c87efead6dd3,data/raw/datasets/datasets/Notes/Half/h874.jpg,64,64,0.01708984375
data/processed/images/half_note/001647.png,half_note,be6b355fe7b2acf70bfa50a4004fc004f591247b2684328ee3b452c564ae73a6,data/raw/datasets/datasets/Notes/Half/h685.jpg,64,64,0.12841796875
data/processed/images/whole_note/004924.png,whole_note,2ede9f1361fbd4ed9b5918b77521a2f2ae9fc56cac5855989cc74ffee05787cf,data/raw/datasets/datasets/Notes/Whole/w935.jpg,64,64,0.283935546875
data/processed/images/quarter_note/002838.png,quarter_note,be87f1a9d743a1b6c1816a766036acb23f9a1c153739291c389620c5d3c3c8fd,data/raw/datasets/datasets/Notes/Quarter/q857.jpg,64,64,0.063232421875
data/processed/images/whole_note/004961.png,whole_note,d78fc10df1454520c4b5d1428945bc91c0208b1bd0c573568965335b1fccd6b3,data/raw/datasets/datasets/Notes/Whole/w969.jpg,64,64,0.07861328125
data/processed/images/sixteenth_note/003766.png,sixteenth_note,6007716da70f5c8f893eb5b5bc7f1a3cbc373ea1e63b470abeffbf59dc6531df,data/raw/datasets/datasets/Notes/Sixteenth/s793.jpg,64,64,0.195556640625
data/processed/images/half_note/001310.png,half_note,ace2256fcab446fcd1fe89cc228b1dcf4c74dae228bb6d77ce6f44a009e556e7,data/raw/datasets/datasets/Notes/Half/h381.jpg,64,64,0.05615234375
data/processed/images/whole_note/004295.png,whole_note,088f4324c824adb5a47ee0cbc63debd75100b63fe50e0161515ed3dcddbe0bd4,data/raw/datasets/datasets/Notes/Whole/w369.jpg,64,64,0.02880859375
data/processed/images/sixteenth_note/003727.png,sixteenth_note,be450ff842bf91b098a92b70f994c5abb19324da485022e5374e30b341aa2210,data/raw/datasets/datasets/Notes/Sixteenth/s758.jpg,64,64,0.078857421875
data/processed/images/whole_note/004210.png,whole_note,21df0c518c322b13e93ee41b122920d830a759ce53e582592f833fa2491c5f1c,data/raw/datasets/datasets/Notes/Whole/w292.jpg,64,64,0.12841796875
data/processed/images/half_note/001438.png,half_note,9d01f73f76449e62128df1afac8858fb7890cef4ff9312fdd2a44cf7f3a91e2c,data/raw/datasets/datasets/Notes/Half/h497.jpg,64,64,0.016845703125
data/processed/images/quarter_note/002823.png,quarter_note,a18016c863b81aa62c54eac324e1f4e7904009f0d67fe81ccbcad143ce595870,data/raw/datasets/datasets/Notes/Quarter/q843.jpg,64,64,0.022216796875
data/processed/images/quarter_note/002669.png,quarter_note,23c13cd3b43f109988d7655ff8c61d7944561c9bfe42f1ad4aa0f5890224f158,data/raw/datasets/datasets/Notes/Quarter/q704.jpg,64,64,0.082763671875
data/processed/images/half_note/001441.png,half_note,f463f77047174c85ff7169c4da1ffaba4d2c84d69104011ec47be4d442e42731,data/raw/datasets/datasets/Notes/Half/h5.jpg,64,64,0.0419921875
data/processed/images/half_note/001309.png,half_note,aceb72c09187a7921fc956ed15fbc8a994fd34afa9cf47542b3a9efb60ea1104,data/raw/datasets/datasets/Notes/Half/h380.jpg,64,64,0.06103515625
data/processed/images/quarter_note/002061.png,quarter_note,d187e68369e6e2718fd3601632eb280b2b8681c6be3095602620980473ecfeec,data/raw/datasets/datasets/Notes/Quarter/q157.jpg,64,64,0.03955078125
data/processed/images/sixteenth_note/003170.png,sixteenth_note,f4838eacd4113f4b9a35570d5a043372ef9a6e785e1ab2bccc749f1b98b3b477,data/raw/datasets/datasets/Notes/Sixteenth/s255.jpg,64,64,0.051025390625
data/processed/images/half_note/001423.png,half_note,dd7892e6809cc2feb049f19eb2c14781c495c449ca48ff60ab856c305be50e29,data/raw/datasets/datasets/Notes/Half/h483.jpg,64,64,0.03076171875
data/processed/images/sixteenth_note/003568.png,sixteenth_note,b3f2a78f970f144fc5c4979c1529cf905154681257634627558ddfd50e53cfbd,data/raw/datasets/datasets/Notes/Sixteenth/s613.jpg,64,64,0.065673828125
data/processed/images/half_note/001462.png,half_note,5f8dcbcc968316c252935bdf8a5ed068b9f87f11b713108e6c0fa54a56f3794e,data/raw/datasets/datasets/Notes/Half/h518.jpg,64,64,0.048828125
data/processed/images/quarter_note/002662.png,quarter_note,358688e3057b607705044fa9d6a646f2707e02b4fe8c85b8e2a8f6f4677de57e,data/raw/datasets/datasets/Notes/Quarter/q699.jpg,64,64,0.041015625
data/processed/images/sixteenth_note/003525.png,sixteenth_note,57b03d414896e058b6bc98c7203f5480642d05b8df6d6560923b06e362e05ca9,data/raw/datasets/datasets/Notes/Sixteenth/s575.jpg,64,64,0.095947265625
data/processed/images/quarter_note/002454.png,quarter_note,c0c06b88865968ca5c01a632a375d06afef7eef91191eb81aa2686285809b54b,data/raw/datasets/datasets/Notes/Quarter/q510.jpg,64,64,0.06884765625
data/processed/images/quarter_note/002383.png,quarter_note,ec6ede74c8b6a6861aa2dd118b8a07ea027657efc85b14d3bdefc350c0c70412,data/raw/datasets/datasets/Notes/Quarter/q447.jpg,64,64,0.038818359375
data/processed/images/eighth_note/000712.png,eighth_note,baa46c660de3754d63e8e8fc236af321cb752a2f1b779f8015ac124b9785de52,data/raw/datasets/datasets/Notes/Eight/e741.jpg,64,64,0.09326171875
data/processed/images/sixteenth_note/003828.png,sixteenth_note,4f2961c455ed7cc91ca33e0534bd9fa0977a66248e5724d7c370fd3af1858532,data/raw/datasets/datasets/Notes/Sixteenth/s849.jpg,64,64,0.13525390625
data/processed/images/quarter_note/002727.png,quarter_note,bdd3a6d564310992ceb55c2f20784ee6e044caa021a495790280507ca17d5299,data/raw/datasets/datasets/Notes/Quarter/q757.jpg,64,64,0.044189453125
data/processed/images/sixteenth_note/003301.png,sixteenth_note,41d7b7d0b3da55de751f0bf7807b79e17c0eb449dc0a41b8f87a44493ddd8747,data/raw/datasets/datasets/Notes/Sixteenth/s373.jpg,64,64,0.126220703125
data/processed/images/whole_note/004901.png,whole_note,74700721dd8a115a50d202ee80007b5d4958cc89b226e5fa72fcb6a6ec7e50f0,data/raw/datasets/datasets/Notes/Whole/w914.jpg,64,64,0.147705078125
data/processed/images/eighth_note/000672.png,eighth_note,d49f2fdf1d60118207d2e181da233b7759a0bc1d46b805f06a2bd2ddef17d1e1,data/raw/datasets/datasets/Notes/Eight/e703.jpg,64,64,0.083984375
data/processed/images/sixteenth_note/003128.png,sixteenth_note,3692a327f8faf281809b3b9a72d9ece46cceb235f2b24613282b6135d06024d2,data/raw/datasets/datasets/Notes/Sixteenth/s217.jpg,64,64,0.03955078125
data/processed/images/whole_note/004226.png,whole_note,10d62665fc1e40748d650bdf0199f41282bea80f37fb7aeae757797d867f7d63,data/raw/datasets/datasets/Notes/Whole/w306.jpg,64,64,0.096435546875
data/processed/images/sixteenth_note/003017.png,sixteenth_note,0c88d91d42339648906f22b8011c967cea7db41b17cb7073e41083ead07061c2,data/raw/datasets/datasets/Notes/Sixteenth/s117.jpg,64,64,0.07373046875
data/processed/images/whole_note/004045.png,whole_note,1dded6b11ffee90002721f9b28b2aad26bab17cf52d12340e8f034dce0dd2139,data/raw/datasets/datasets/Notes/Whole/w143.jpg,64,64,0.13720703125
data/processed/images/half_note/001368.png,half_note,ea4225ef07ee71e52a405a6e33b78478e5231fb61a2e0ccdfd960c163ffbc5d7,data/raw/datasets/datasets/Notes/Half/h433.jpg,64,64,0.016357421875
data/processed/images/eighth_note/000519.png,eighth_note,88565158d881c78019f90b88ab3d083137a51ace990071905c1abeed284b5f5a,data/raw/datasets/datasets/Notes/Eight/e566.jpg,64,64,0.157470703125
data/processed/images/sixteenth_note/003619.png,sixteenth_note,dcfa90f5f5857a4e6323253ec1a109cdf98f0220603f83fa0ab9826feccb1aa8,data/raw/datasets/datasets/Notes/Sixteenth/s66.jpg,64,64,0.242919921875
data/processed/images/half_note/001283.png,half_note,3fe6fd48bb2d9b32fe907c351e64db39bb65190566775f4f833d66dd7ddcb1b9,data/raw/datasets/datasets/Notes/Half/h357.jpg,64,64,0.027587890625
data/processed/images/sixteenth_note/003291.png,sixteenth_note,6eda21f2c2d7a451e6d6209739d9dc0664ed2469bbddd1f1af0e14810675a92a,data/raw/datasets/datasets/Notes/Sixteenth/s364.jpg,64,64,0.12353515625
data/processed/images/whole_note/004433.png,whole_note,2265e74c029b61fbf4a90bb4f43776264637d42902ef9de2e344a43434b7675f,data/raw/datasets/datasets/Notes/Whole/w493.jpg,64,64,0.0458984375
data/processed/images/whole_note/004488.png,whole_note,5c438f26105eea8fccfa4ae7578e8e42c8a8b8aca2f4beffa38d931e7b202800,data/raw/datasets/datasets/Notes/Whole/w542.jpg,64,64,0.03173828125
data/processed/images/quarter_note/002926.png,quarter_note,d6c2cbe2f3bded7b1641e03b78c71ff161c17930e02169615fdd66527923ec84,data/raw/datasets/datasets/Notes/Quarter/q936.jpg,64,64,0.031982421875
data/processed/images/sixteenth_note/003954.png,sixteenth_note,5b7f9edacde403e98997d7b3a8850dcf650562ed6eff0dfb0e4db754e15bb2d9,data/raw/datasets/datasets/Notes/Sixteenth/s962.jpg,64,64,0.109130859375
data/processed/images/sixteenth_note/003114.png,sixteenth_note,beccf7aecbe6a281b394acc9085cfc381275d7c8deabaa196da3a1266fc0cc3c,data/raw/datasets/datasets/Notes/Sixteenth/s204.jpg,64,64,0.083251953125
data/processed/images/quarter_note/002865.png,quarter_note,84023d71157a6cf7b06e4423f04ad8669a32890e32d376a43dc76a96bd781700,data/raw/datasets/datasets/Notes/Quarter/q881.jpg,64,64,0.096435546875
data/processed/images/half_note/001468.png,half_note,ea094049769bd2ea59551e8f829dfb07d151dbc79177811b74d45ff98b834208,data/raw/datasets/datasets/Notes/Half/h523.jpg,64,64,0.05322265625
data/processed/images/sixteenth_note/003112.png,sixteenth_note,e6706f06a19ffaff203d5747e908ce5718587373423cb0ae90c42ae18ab2101a,data/raw/datasets/datasets/Notes/Sixteenth/s202.jpg,64,64,0.071533203125
data/processed/images/whole_note/004670.png,whole_note,e5b341041d192880721cb77112a09178740c06ae4ceab5d9d3cc13cba075e723,data/raw/datasets/datasets/Notes/Whole/w706.jpg,64,64,0.149658203125
data/processed/images/whole_note/004531.png,whole_note,1c37fcc08d7161bcb9a964f5e511929d551bd3cc8468d7444b66ef9b5dd587e3,data/raw/datasets/datasets/Notes/Whole/w581.jpg,64,64,0.04248046875
data/processed/images/whole_note/004585.png,whole_note,1f8dceb7e4b7c3da13d28d33928ea13fcbfbdda8f39ec3786a4b702ed27148f4,data/raw/datasets/datasets/Notes/Whole/w63.jpg,64,64,0.19287109375
data/processed/images/quarter_note/002582.png,quarter_note,56f87fcfeed2ecb26ddb0ae3203960d820ebdc5030d8a301229b6bbf69a44049,data/raw/datasets/datasets/Notes/Quarter/q626.jpg,64,64,0.068359375
data/processed/images/eighth_note/000395.png,eighth_note,34c9f2677c10450e373c0d99cb4b2f54ebe4a9bfda6d35bf67ab3383aa90ccba,data/raw/datasets/datasets/Notes/Eight/e454.jpg,64,64,0.073486328125
data/processed/images/whole_note/004404.png,whole_note,6f25745ba931ac04b5139598f61097a241442b3622db5f2848710d644ee4324f,data/raw/datasets/datasets/Notes/Whole/w467.jpg,64,64,0.02734375
data/processed/images/whole_note/004795.png,whole_note,f0964f122c682d88015e1de52785aa5ecf3d0c51f3da38c189e4d3c4bd60e151,data/raw/datasets/datasets/Notes/Whole/w819.jpg,64,64,0.341552734375
data/processed/images/half_note/001675.png,half_note,ab7649986e367f0c5815ee93752bc1035b0326f83e36dbff618fdeb4b631f074,data/raw/datasets/datasets/Notes/Half/h71.jpg,64,64,0.039306640625
data/processed/images/whole_note/004281.png,whole_note,a68adb7fe47932908eed12368ca7badf035f93c3ae5fd4de182d15fb9f8c059f,data/raw/datasets/datasets/Notes/Whole/w356.jpg,64,64,0.15087890625
data/processed/images/half_note/001694.png,half_note,ef08a62f5bceb908f1138abeafd350e6e61e824749232c32e3b124a49f129be7,data/raw/datasets/datasets/Notes/Half/h727.jpg,64,64,0.04931640625
data/processed/images/whole_note/004530.png,whole_note,4bd6f6343778b2a6b8ea3628e837ab069d4829568ef059ee2ad557ecc8d1f32b,data/raw/datasets/datasets/Notes/Whole/w580.jpg,64,64,0.056396484375
data/processed/images/eighth_note/000293.png,eighth_note,f0ffb82841f22ba577745cafad58115898a62c8219d7dcb318236b21ddccfb80,data/raw/datasets/datasets/Notes/Eight/e362.jpg,64,64,0.076416015625
data/processed/images/whole_note/004905.png,whole_note,c995e84248a27038c48c984491738c777b822c60b767160ce30bffc30f055a41,data/raw/datasets/datasets/Notes/Whole/w918.jpg,64,64,0.257568359375
data/processed/images/sixteenth_note/003660.png,sixteenth_note,dacd39e6da0a5a68c206c636b59ffad3d940204f7ca89cd0f33de037a3120b02,data/raw/datasets/datasets/Notes/Sixteenth/s698.jpg,64,64,0.114501953125
data/processed/images/half_note/001078.png,half_note,4558d77ab127d7b446f318ada4f5c932de559b81f02d375182301fa7f17559e1,data/raw/datasets/datasets/Notes/Half/h172.jpg,64,64,0.077392578125
data/processed/images/whole_note/004979.png,whole_note,50e88fc54e3d278eb01cc8789f6515fdb343481d61d73f1aa65937d3d240e26e,data/raw/datasets/datasets/Notes/Whole/w985.jpg,64,64,0.066650390625
data/processed/images/quarter_note/002531.png,quarter_note,daaf65b592190e2b62fd0b9ce13789c66ab8a1aedd3bf93cd34f5c7f9f381ecf,data/raw/datasets/datasets/Notes/Quarter/q580.jpg,64,64,0.1103515625
data/processed/images/half_note/001815.png,half_note,3844883871b4987ec175f04ebab5bde2d6d4049be697133c5a2717b90aa76c33,data/raw/datasets/datasets/Notes/Half/h836.jpg,64,64,0.047607421875
data/processed/images/eighth_note/000294.png,eighth_note,e0ce5d32abdbd0a667856590333809aa2a7a0b453c272dc99f813fe8bc22d838,data/raw/datasets/datasets/Notes/Eight/e363.jpg,64,64,0.0439453125
data/processed/images/half_note/001673.png,half_note,533c42b607fc76b46899215c26887260e51201f1336317f004d94945dd12807d,data/raw/datasets/datasets/Notes/Half/h708.jpg,64,64,0.033447265625
data/processed/images/whole_note/004174.png,whole_note,e8602ad7a27480428fce85d1927faa573265a8c775335ebd261ede26713d486e,data/raw/datasets/datasets/Notes/Whole/w26.jpg,64,64,0.17333984375
data/processed/images/eighth_note/000376.png,eighth_note,60d1c79f9b57d4355fda1972dc1aa32670eb485c9ed0460819ba083f9c62e358,data/raw/datasets/datasets/Notes/Eight/e437.jpg,64,64,0.060302734375
data/processed/images/sixteenth_note/003953.png,sixteenth_note,750bcddbcaa50accc9809ca961c728d5884e506575e67a31199b7494e5644faa,data/raw/datasets/datasets/Notes/Sixteenth/s961.jpg,64,64,0.084716796875
data/processed/images/half_note/001299.png,half_note,3e991d31c56272739713536004dce73606c7c37275713a6355a3d83495fbc05c,data/raw/datasets/datasets/Notes/Half/h371.jpg,64,64,0.029052734375
data/processed/images/whole_note/004651.png,whole_note,5055975d4c285ceaf41364851d82614f2ab68805d698a556c16dba7b124e8d37,data/raw/datasets/datasets/Notes/Whole/w69.jpg,64,64,0.233154296875
data/processed/images/eighth_note/000837.png,eighth_note,c1985332352c4c06a39ad2ecd93391615df31a937c46d9e217f01afbede1d364,data/raw/datasets/datasets/Notes/Eight/e856.jpg,64,64,0.045166015625
data/processed/images/quarter_note/002473.png,quarter_note,d1e2dc596cbb2fc43cb65fed6ea3baf3b2b121850a6f594cb12c50f57b8cd8a3,data/raw/datasets/datasets/Notes/Quarter/q528.jpg,64,64,0.11328125
data/processed/images/eighth_note/000311.png,eighth_note,dcdbee35c048c15566e7b785d2c2e007d72b93d18e01f2f8ec51050b8babaaf0,data/raw/datasets/datasets/Notes/Eight/e379.jpg,64,64,0.06982421875
data/processed/images/whole_note/004007.png,whole_note,86cbac7375bdef24d4d932ba31d895f38098f44eadac09f4ad6ad6cc6f216688,data/raw/datasets/datasets/Notes/Whole/w109.jpg,64,64,0.15478515625
data/processed/images/eighth_note/000599.png,eighth_note,07514ca4bf005dab6395b8c20788ccc27afdb4049fe88f4e0df95056d6b8686b,data/raw/datasets/datasets/Notes/Eight/e638.jpg,64,64,0.083251953125
data/processed/images/quarter_note/002405.png,quarter_note,b327eb3887e6d25266fdd04fadb0b7dd16db8eb3ecd107847be2579405676ba5,data/raw/datasets/datasets/Notes/Quarter/q467.jpg,64,64,0.017822265625
data/processed/images/quarter_note/002100.png,quarter_note,b1f74f728ce94cab44a861cdc71791f59e8dced8e06bbe87bebd52e1e13db29e,data/raw/datasets/datasets/Notes/Quarter/q192.jpg,64,64,0.02587890625
data/processed/images/half_note/001195.png,half_note,64078923d8f156823f95430648bd4a3e91e6d22b2a496cc5c0516e36fd389e4a,data/raw/datasets/datasets/Notes/Half/h278.jpg,64,64,0.02783203125
data/processed/images/sixteenth_note/003903.png,sixteenth_note,b74f3ce9e50ad36e303554c39b53535b9334d512feb8d2eddbf172e3c87722d1,data/raw/datasets/datasets/Notes/Sixteenth/s916.jpg,64,64,0.032470703125
data/processed/images/whole_note/004507.png,whole_note,e3bb81caae254d540ca8bd706a9ad93782e1f2e183c82f92bc7873e641484577,data/raw/datasets/datasets/Notes/Whole/w56.jpg,64,64,0.364501953125
data/processed/images/quarter_note/002878.png,quarter_note,090de232b32019d83980a9278451edb330783421bd89688dd5565f0b2badc378,data/raw/datasets/datasets/Notes/Quarter/q893.jpg,64,64,0.0380859375
data/processed/images/half_note/001538.png,half_note,e56db203cfb89fa02a8601effa1f88f5c95517cc0ed8551cf7bab4aa124714ef,data/raw/datasets/datasets/Notes/Half/h587.jpg,64,64,0.02880859375
data/processed/images/eighth_note/000043.png,eighth_note,2a8bede24badb27a6fe97501c7f7c82347380b143359d330161d537cacaf2915,data/raw/datasets/datasets/Notes/Eight/e137.jpg,64,64,0.043212890625
data/processed/images/sixteenth_note/003414.png,sixteenth_note,ff469bc6bb273f1d2f82b1da497b5c031829a6e6aae24e718fc31908b8c3f4aa,data/raw/datasets/datasets/Notes/Sixteenth/s475.jpg,64,64,0.0986328125
data/processed/images/quarter_note/002106.png,quarter_note,47bcf7bffa6c17614c6e184caba5c70a33fa1dff98ceb514ad9224faf346da38,data/raw/datasets/datasets/Notes/Quarter/q198.jpg,64,64,0.033447265625
data/processed/images/eighth_note/000660.png,eighth_note,d62ab21522ce1c4a23bf2de861f68b3e70cf8e67c119e338141aebebdc57d579,data/raw/datasets/datasets/Notes/Eight/e693.jpg,64,64,0.09716796875
data/processed/images/sixteenth_note/003282.png,sixteenth_note,8eb5d567e2c731a9b5e1c2b8adf5cc2fe9c04787cc93ff3df817b961a1625ebe,data/raw/datasets/datasets/Notes/Sixteenth/s356.jpg,64,64,0.06787109375
data/processed/images/sixteenth_note/003256.png,sixteenth_note,c9afdc61eacf7079596485e3c791dce7b3bffea8da4467a97c935e31150a1bdf,data/raw/datasets/datasets/Notes/Sixteenth/s332.jpg,64,64,0.0947265625
data/processed/images/eighth_note/000371.png,eighth_note,01037cb1fca6b840bd338755bf3de879800b368ddc4fcdfa42b35022cc773f2f,data/raw/datasets/datasets/Notes/Eight/e432.jpg,64,64,0.05029296875
data/processed/images/sixteenth_note/003937.png,sixteenth_note,ae0db714b22dfbf6f1d8eb03f86607cdb23e97e91f53395178832175721675c0,data/raw/datasets/datasets/Notes/Sixteenth/s947.jpg,64,64,0.071044921875
data/processed/images/sixteenth_note/003050.png,sixteenth_note,eae9f43de822cb2df326bbe4c364f17b6ac0dc5c3b6fe3a279e25d0609bcea3c,data/raw/datasets/datasets/Notes/Sixteenth/s147.jpg,64,64,0.08349609375
data/processed/images/whole_note/004031.png,whole_note,49234e1f6c696256dae5bd5ff5ca0cf1369bc7e5150f04a5aa68cc7e73f2178c,data/raw/datasets/datasets/Notes/Whole/w130.jpg,64,64,0.153076171875
data/processed/images/eighth_note/000829.png,eighth_note,87c60015f9169b80f351c325bc6b6528f269a487bfbd2fad687ee0d2f0ac8b38,data/raw/datasets/datasets/Notes/Eight/e849.jpg,64,64,0.046630859375
data/processed/images/sixteenth_note/003804.png,sixteenth_note,a67cbfb9a20ec598044dc5bf60b1e867494955eefc01d084a192d6b9b1b76905,data/raw/datasets/datasets/Notes/Sixteenth/s827.jpg,64,64,0.188232421875
data/processed/images/whole_note/004481.png,whole_note,2651f84e3d7e4d20aa97d506baaf1e89f10ec4f74dd896bc2f1f05f2bb7ed631,data/raw/datasets/datasets/Notes/Whole/w536.jpg,64,64,0.0458984375
data/processed/images/eighth_note/000132.png,eighth_note,cf8c3e6ed8dd18840eaf5407e602cb60bf4b9a50e7aa83210dc9112068ddfdfa,data/raw/datasets/datasets/Notes/Eight/e217.jpg,64,64,0.036376953125
data/processed/images/whole_note/004338.png,whole_note,9c59b92a3b0eb5c05b24ec86e1ba0084a7749b2ebe79bb0db6db0b61bb7c32c7,data/raw/datasets/datasets/Notes/Whole/w407.jpg,64,64,0.07568359375
data/processed/images/quarter_note/002553.png,quarter_note,3131ea31247f3591b4822960fc9ba4f5194d5f2cfae6cb89388ebc32b91ebe16,data/raw/datasets/datasets/Notes/Quarter/q60.jpg,64,64,0.105712890625
data/processed/images/sixteenth_note/003853.png,sixteenth_note,7414daf75c1967e10903c4ebaac02fcbca2fee7082cfe272e945cdcdcc982992,data/raw/datasets/datasets/Notes/Sixteenth/s871.jpg,64,64,0.075927734375
data/processed/images/eighth_note/000183.png,eighth_note,b2f2579b4372719b06e37fea0941c30bda13b420e9dc80da54138d686cb9ff76,data/raw/datasets/datasets/Notes/Eight/e263.jpg,64,64,0.044677734375
data/processed/images/eighth_note/000870.png,eighth_note,2b33f269864808db7e67d1402adce7d64bb03fc36a04e54e1546feb5d0403a89,data/raw/datasets/datasets/Notes/Eight/e886.jpg,64,64,0.04443359375
data/processed/images/quarter_note/002777.png,quarter_note,ffb483a4a8002097339b2519812112259aef20c3e9124b93dc1804f09a22c7ce,data/raw/datasets/datasets/Notes/Quarter/q801.jpg,64,64,0.04296875
data/processed/images/quarter_note/002432.png,quarter_note,cbae55524b118b86ab183e81eb5ccfb3b2a2bedd9a59d14902147afbe0cbe6b6,data/raw/datasets/datasets/Notes/Quarter/q491.jpg,64,64,0.021240234375
data/processed/images/half_note/001181.png,half_note,fa969f7193e2c1896223b0505b2e38f9a5468d4472819dabc877418887b552cc,data/raw/datasets/datasets/Notes/Half/h265.jpg,64,64,0.056640625
data/processed/images/whole_note/004869.png,whole_note,5d76e64035d8f794d1108387274127a16ff28fa1146f949e3598596ef151ba95,data/raw/datasets/datasets/Notes/Whole/w886.jpg,64,64,0.12890625
data/processed/images/eighth_note/000528.png,eighth_note,9cabdd572be1a55846e999cb22a194b342a4522c389bc50ced618e32f36becce,data/raw/datasets/datasets/Notes/Eight/e574.jpg,64,64,0.045654296875
data/processed/images/half_note/001372.png,half_note,c898dc3b859b588f721303568b8cb44af34b43d7c9f43b1a7ba96058ee981da9,data/raw/datasets/datasets/Notes/Half/h437.jpg,64,64,0.019287109375
data/processed/images/eighth_note/000069.png,eighth_note,76952be550b6da1e1e7607b43525bd36e86271ef45f25bf49144b2f3509397c6,data/raw/datasets/datasets/Notes/Eight/e160.jpg,64,64,0.112060546875
data/processed/images/quarter_note/002240.png,quarter_note,0f0b1257dea0e5573c015642acdbdac81bacbd109477471160fe20b0b535f3b6,data/raw/datasets/datasets/Notes/Quarter/q318.jpg,64,64,0.0419921875
data/processed/images/half_note/001494.png,half_note,22a73e5940d326578e5f31cd4eb4dd3544839e1cff9e7610f4d41daaf91b65d3,data/raw/datasets/datasets/Notes/Half/h547.jpg,64,64,0.053955078125
data/processed/images/half_note/001491.png,half_note,83ab69442d0091bb1455f79f90803a791977befde80ee1c827f165216cba9d97,data/raw/datasets/datasets/Notes/Half/h544.jpg,64,64,0.0302734375
data/processed/images/sixteenth_note/003734.png,sixteenth_note,2bab73fd988d19fd69fb18571a5c27ec5fc30a7399a225768dc524be648274fb,data/raw/datasets/datasets/Notes/Sixteenth/s764.jpg,64,64,0.07373046875
data/processed/images/eighth_note/000640.png,eighth_note,1cdb9faa426b0991094bb7ef80406c3204968c5b9c2b2d1d12651e4bdd4ef80a,data/raw/datasets/datasets/Notes/Eight/e675.jpg,64,64,0.084716796875
data/processed/images/quarter_note/002644.png,quarter_note,a8bce041cab9e05a0622d90dd14b017bc7fcc7250212f5cf60ab47bb2dbfd8c2,data/raw/datasets/datasets/Notes/Quarter/q682.jpg,64,64,0.052978515625
data/processed/images/eighth_note/000041.png,eighth_note,51b10903a2bdc7a6cd1fa3a3bf20bdbd15504c2a3207c796943c526d670210d3,data/raw/datasets/datasets/Notes/Eight/e135.jpg,64,64,0.022705078125
data/processed/images/sixteenth_note/003167.png,sixteenth_note,0ef595a3c385fb108d069f7f33e7dc2917909b71258cc7a4589659c6124df9e7,data/raw/datasets/datasets/Notes/Sixteenth/s252.jpg,64,64,0.122314453125
data/processed/images/whole_note/004849.png,whole_note,6504f75307747ecb0a2fe6c505307bc47751f7968beed2a40f3615d2bf23eb12,data/raw/datasets/datasets/Notes/Whole/w868.jpg,64,64,0.09814453125
data/processed/images/half_note/001496.png,half_note,9ca71fd2e58b6ab3d272b10c7ff6d79d0574215be742ac78db72310be1d8a069,data/raw/datasets/datasets/Notes/Half/h549.jpg,64,64,0.06591796875
data/processed/images/half_note/001067.png,half_note,d15862c4c9d91868cf88615b65590bbd704e653696ead8ec6ba39837bc1cbe3e,data/raw/datasets/datasets/Notes/Half/h162.jpg,64,64,0.046875
data/processed/images/quarter_note/002666.png,quarter_note,8c6569fa194a36a05594aeb6066f5edcfe297f17ebc3936a83ea7986ea700c29,data/raw/datasets/datasets/Notes/Quarter/q701.jpg,64,64,0.039306640625
data/processed/images/quarter_note/002448.png,quarter_note,6d9bd70567277e973c9bc2973ff52ead101ec05f4ed01acc5314ce80a7900da4,data/raw/datasets/datasets/Notes/Quarter/q505.jpg,64,64,0.091796875
data/processed/images/quarter_note/002238.png,quarter_note,9ed901bd5931043c8c8952417df7cb9a139ce065d261bffdcc6844676a604b30,data/raw/datasets/datasets/Notes/Quarter/q316.jpg,64,64,0.03759765625
data/processed/images/eighth_note/000750.png,eighth_note,c7009bba8c5359bf47fb0bb1ae4da10704b5e373b0b83dbbf0dd1ea60be66972,data/raw/datasets/datasets/Notes/Eight/e778.jpg,64,64,0.17236328125
data/processed/images/quarter_note/002427.png,quarter_note,0bfe08121c9c0d8eefb244e7ddc038e454396e2950e638f87eea5ab55d11e921,data/raw/datasets/datasets/Notes/Quarter/q487.jpg,64,64,0.029541015625
data/processed/images/sixteenth_note/003733.png,sixteenth_note,0d18b02274f54f2bf68337e5ccdcf117c1f3f3e4df9f5dc294225e580b8b4ee3,data/raw/datasets/datasets/Notes/Sixteenth/s763.jpg,64,64,0.04541015625
data/processed/images/sixteenth_note/003577.png,sixteenth_note,165981816e642ad02658be688f328eea78d7b2aa1db2acd0149e62da63a46c61,data/raw/datasets/datasets/Notes/Sixteenth/s621.jpg,64,64,0.117431640625
data/processed/images/sixteenth_note/003462.png,sixteenth_note,eaefef564613e193f2d9d894ba8e4b11c3dd991cb0077a32cfe7e0fd566924d7,data/raw/datasets/datasets/Notes/Sixteenth/s518.jpg,64,64,0.211669921875
data/processed/images/sixteenth_note/003493.png,sixteenth_note,a65931f04d3a697eb9870d840c6274d3bf4c97b12ab13941644e066356f52daf,data/raw/datasets/datasets/Notes/Sixteenth/s546.jpg,64,64,0.084716796875
data/processed/images/whole_note/004503.png,whole_note,a79d0de560dcd789b9ba06d38f4bf181f6e99a5b77c39bb1c329e8aa4f1fe316,data/raw/datasets/datasets/Notes/Whole/w556.jpg,64,64,0.0908203125
data/processed/images/eighth_note/000609.png,eighth_note,17252e9e3bc89d61d21ab8047ca50bd003787e8b1194241deddb35afcc75a28a,data/raw/datasets/datasets/Notes/Eight/e647.jpg,64,64,0.09326171875
data/processed/images/sixteenth_note/003234.png,sixteenth_note,8b1bc1efa307263682305eda03c7582191626be20e40928875686b72d76ab428,data/raw/datasets/datasets/Notes/Sixteenth/s312.jpg,64,64,0.202880859375
data/processed/images/sixteenth_note/003231.png,sixteenth_note,29a7c93cd2984419ba39fbdec6f65e1086fdc8a71d3d412d5aa6e42b91279ffa,data/raw/datasets/datasets/Notes/Sixteenth/s31.jpg,64,64,0.134033203125
data/processed/images/half_note/001752.png,half_note,a97c1325d7ab7a8a2b21613bfed597cb6b05771b4baf772bb728d7ffcb357102,data/raw/datasets/datasets/Notes/Half/h78.jpg,64,64,0.06787109375
data/processed/images/quarter_note/002398.png,quarter_note,afcf040b9e68b96f7f96f9d4800e2c1cb7d7269a83aa7fe2986b99bb0494ce54,data/raw/datasets/datasets/Notes/Quarter/q460.jpg,64,64,0.0498046875
data/processed/images/whole_note/004324.png,whole_note,ac20b5c6cc71e8f5f562e89689b28d619e79ede612591d1d33c9c46a0fffe38a,data/raw/datasets/datasets/Notes/Whole/w395.jpg,64,64,0.0263671875
data/processed/images/half_note/001543.png,half_note,a67ce97f795fe80aa31b6b2d5e7f7cdf16bccf89ad02197c8c0d42c38564661d,data/raw/datasets/datasets/Notes/Half/h591.jpg,64,64,0.025634765625
data/processed/images/quarter_note/002056.png,quarter_note,6dc0c14851009cb52285adbc302c908a5547c7274c2a99a2c07ab183cb8fe9ca,data/raw/datasets/datasets/Notes/Quarter/q152.jpg,64,64,0.040771484375
data/processed/images/eighth_note/000332.png,eighth_note,8ee406ec31f24442074717694ab9e8887f2e5138c80fa3c5457a43c392f15191,data/raw/datasets/datasets/Notes/Eight/e398.jpg,64,64,0.06103515625
data/processed/images/eighth_note/000799.png,eighth_note,572c0a5b5bac193854dad94f7eb0d41f5dc11368d6363ccfb146effa18a5a156,data/raw/datasets/datasets/Notes/Eight/e821.jpg,64,64,0.0400390625
data/processed/images/quarter_note/002400.png,quarter_note,0e395c2559c5e03179f286171fdd5dbd52b2ea95a90d188f74e049efe3ebce03,data/raw/datasets/datasets/Notes/Quarter/q462.jpg,64,64,0.017333984375
data/processed/images/half_note/001276.png,half_note,0e662f15df5cabc59a6cdf4f73e31751123ee813a4cbb574202d5cc6fabff770,data/raw/datasets/datasets/Notes/Half/h350.jpg,64,64,0.076904296875
data/processed/images/whole_note/004442.png,whole_note,6d3fa12b33b4c5b6cc22a1f716d2db3e9c27205c880cf634d1b47b6adf8b5b84,data/raw/datasets/datasets/Notes/Whole/w500.jpg,64,64,0.02490234375
data/processed/images/sixteenth_note/003686.png,sixteenth_note,5bfd8bf670d5bee22976848f780247842c6894fa984db4a2e5f69d1ecb698e72,data/raw/datasets/datasets/Notes/Sixteenth/s720.jpg,64,64,0.083740234375
data/processed/images/whole_note/004485.png,whole_note,04f7a40d84cc0c967663c75b197776fde3596b51f2385b6bb7361fdee9330d87,data/raw/datasets/datasets/Notes/Whole/w54.jpg,64,64,0.276611328125
data/processed/images/quarter_note/002743.png,quarter_note,0541c04107422c7105187c8a770da5fae733ead147c3f38f10272c70e7ca7248,data/raw/datasets/datasets/Notes/Quarter/q771.jpg,64,64,0.03564453125
data/processed/images/sixteenth_note/003531.png,sixteenth_note,97024ff1cd20d630acfd7fc5f2be67c9d492160ba1ba6dc493e9219bbda4d7cd,data/raw/datasets/datasets/Notes/Sixteenth/s580.jpg,64,64,0.147705078125
data/processed/images/half_note/001055.png,half_note,4d1462cbab813b3d38d7a8a7750882cf3e56181cde935f834a13d9de88d68f52,data/raw/datasets/datasets/Notes/Half/h151.jpg,64,64,0.039794921875
data/processed/images/half_note/001758.png,half_note,d8a73aa091798195bb48e2af1f7ee94d039070aed385b7109450eeedd619c9c3,data/raw/datasets/datasets/Notes/Half/h785.jpg,64,64,0.034423828125
data/processed/images/quarter_note/002228.png,quarter_note,710bbf9faa4e428b686c05eb11e2d7402d3b2aa0507164e57d083a31a851fc4b,data/raw/datasets/datasets/Notes/Quarter/q307.jpg,64,64,0.110107421875
data/processed/images/whole_note/004994.png,whole_note,74412fe3fb80ed68a540f29bb7d3c8041655e354619e300c3293726ac6d11cae,data/raw/datasets/datasets/Notes/Whole/w999.jpg,64,64,0.024169921875
data/processed/images/eighth_note/000704.png,eighth_note,0f79ef8fa610ab659a58276a02f299c5606047e9e5fac2bb3d59565d7b658431,data/raw/datasets/datasets/Notes/Eight/e734.jpg,64,64,0.10400390625
data/processed/images/quarter_note/002530.png,quarter_note,4d19fd6bf8aac5321c1f94f440b3288deb091e2d5031c9fee537a1efe863a058,data/raw/datasets/datasets/Notes/Quarter/q58.jpg,64,64,0.052978515625
data/processed/images/eighth_note/000250.png,eighth_note,a72437809a656e9781aa9cdf7b0c284a373ad2cfaa32aaec076d7afbf8258e5f,data/raw/datasets/datasets/Notes/Eight/e323.jpg,64,64,0.02587890625
data/processed/images/quarter_note/002542.png,quarter_note,0f9fea60c91d96e4dc357d33341cc1027ead23bbe85ce4ecb0d49297e4d5dc28,data/raw/datasets/datasets/Notes/Quarter/q590.jpg,64,64,0.0859375
data/processed/images/quarter_note/002259.png,quarter_note,4143f516396338c22a92f06b14e45ffc24510c2d61639cf7b96411ae1e49d27b,data/raw/datasets/datasets/Notes/Quarter/q335.jpg,64,64,0.091064453125
data/processed/images/half_note/001865.png,half_note,a2c0d8a7c76dc744e79ae616a2d4e74cc2b359b309d45b0963efaf9b655f8eca,data/raw/datasets/datasets/Notes/Half/h881.jpg,64,64,0.04296875
data/processed/images/quarter_note/002086.png,quarter_note,116331cd21c99dc99f3484a61c1108172a71c8fdeedd3650ae9b0a7f3ca6f211,data/raw/datasets/datasets/Notes/Quarter/q18.jpg,64,64,0.072265625
data/processed/images/half_note/001277.png,half_note,31ddd97e12b970ab1ae3f3f60eeafcdc53ee5dde4ce5209edbcca13686900993,data/raw/datasets/datasets/Notes/Half/h351.jpg,64,64,0.05859375
data/processed/images/half_note/001553.png,half_note,6a21b9ff7154c9ad90bf790449b486e452222c28323711c0347a1d130ff85e5b,data/raw/datasets/datasets/Notes/Half/h60.jpg,64,64,0.04931640625
data/processed/images/half_note/001339.png,half_note,cc976611e647e9c533f828e617c1ce16023838152b640a4b4f31263cd74e4182,data/raw/datasets/datasets/Notes/Half/h407.jpg,64,64,0.03662109375
data/processed/images/quarter_note/002187.png,quarter_note,d3832ebf0036ba8aa5621d30df6e74c38f2379b8f52881fbc5a0b587486f5278,data/raw/datasets/datasets/Notes/Quarter/q270.jpg,64,64,0.0224609375
data/processed/images/half_note/001931.png,half_note,949bf14478c3740c573fd07929a9f63169ae3da8ea90b136b7d2a9376c54724f,data/raw/datasets/datasets/Notes/Half/h940.jpg,64,64,0.022705078125
data/processed/images/sixteenth_note/003383.png,sixteenth_note,4870191cb5193814b26a60a752e6999e3a0da17fb514a372447a9e8c70737aa7,data/raw/datasets/datasets/Notes/Sixteenth/s447.jpg,64,64,0.054443359375
data/processed/images/quarter_note/002273.png,quarter_note,80ad2d21a6ca3de78c79fe9d2c2315021287757a86721a03aee90bbfd316c495,data/raw/datasets/datasets/Notes/Quarter/q348.jpg,64,64,0.1318359375
data/processed/images/sixteenth_note/003785.png,sixteenth_note,7f2b2377603012355592f3ca24e54ad7d33405a91af325385364c28fdd04081f,data/raw/datasets/datasets/Notes/Sixteenth/s81.jpg,64,64,0.088134765625
data/processed/images/sixteenth_note/003839.png,sixteenth_note,8340c4f8ec9d1f3134373b77315b8852f8c960ce66d9f18db461833fef469a1b,data/raw/datasets/datasets/Notes/Sixteenth/s859.jpg,64,64,0.1103515625
data/processed/images/quarter_note/002712.png,quarter_note,0787d437c46f04c580355dfc57f70e1de23d1fc2fcb8d483f7fb26110b9baf1a,data/raw/datasets/datasets/Notes/Quarter/q743.jpg,64,64,0.03662109375
data/processed/images/quarter_note/002493.png,quarter_note,3f488592abcdbb234ad63846ceaf3be26db600b91a9dd009f6979002c864d951,data/raw/datasets/datasets/Notes/Quarter/q546.jpg,64,64,0.089599609375
data/processed/images/eighth_note/000078.png,eighth_note,28679529036e35012c3cc0727de7dbd85394bd09fbbc28948c598199b0a500e0,data/raw/datasets/datasets/Notes/Eight/e169.jpg,64,64,0.0634765625
data/processed/images/quarter_note/002611.png,quarter_note,dc7ef6561ad73254c7d5c4a860f350ad5a9942855ee30ace4e36720e1d0f3cf9,data/raw/datasets/datasets/Notes/Quarter/q652.jpg,64,64,0.06005859375
data/processed/images/whole_note/004893.png,whole_note,f0966fce058031514bfc1b44c2c61a0f64610da633c1578ac0cab1beb45882b2,data/raw/datasets/datasets/Notes/Whole/w907.jpg,64,64,0.1123046875
data/processed/images/sixteenth_note/003025.png,sixteenth_note,26ad24dbf8dcbcd81fdac93be8a79cb627b2cbb3ba1866e4af503ebe50003c95,data/raw/datasets/datasets/Notes/Sixteenth/s124.jpg,64,64,0.0537109375
data/processed/images/sixteenth_note/003127.png,sixteenth_note,45c51e4131a453ce577f0dfce92fa50f9ff854f3d6d50bb7d9b6100880e6ab57,data/raw/datasets/datasets/Notes/Sixteenth/s216.jpg,64,64,0.1201171875
data/processed/images/eighth_note/000030.png,eighth_note,61d896e84ac50a2f4bba4e7eacb3f8d62ac6935f42b98fff3ca143b91ec56bfe,data/raw/datasets/datasets/Notes/Eight/e125.jpg,64,64,0.046630859375
data/processed/images/eighth_note/000204.png,eighth_note,38db9159be963db2db477ec396d11277c8074fb759c8192ba7f93641d34cfc50,data/raw/datasets/datasets/Notes/Eight/e282.jpg,64,64,0.02099609375
data/processed/images/sixteenth_note/003779.png,sixteenth_note,7298bb98e61814422308646bfe1c8e3d192705ad8ecbbcc475d7e7e4ea492b04,data/raw/datasets/datasets/Notes/Sixteenth/s804.jpg,64,64,0.123779296875
data/processed/images/half_note/001783.png,half_note,9b2f2745668ca7b401c010971eec29dea6c13fb78476d72fec2351214688b9f9,data/raw/datasets/datasets/Notes/Half/h807.jpg,64,64,0.054443359375
data/processed/images/sixteenth_note/003386.png,sixteenth_note,4f98f5676ae3dc74551aca1d8a08171014b4c639e9446c40d48e9456ddbc4305,data/raw/datasets/datasets/Notes/Sixteenth/s45.jpg,64,64,0.06884765625
data/processed/images/half_note/001459.png,half_note,b5271d60412fa1a6616cb27f3b8d345f08f4e977c94e24a7135945569227c2d2,data/raw/datasets/datasets/Notes/Half/h515.jpg,64,64,0.0322265625
data/processed/images/sixteenth_note/003296.png,sixteenth_note,ff64638bac86c53a67edaf1957c7574be74e1db704666a4bb9e5d26941a7c197,data/raw/datasets/datasets/Notes/Sixteenth/s369.jpg,64,64,0.087158203125
data/processed/images/whole_note/004633.png,whole_note,39ff9fc6e18f3f063102c191ca2bdef39d48cafa76683a311f1072b4f0bb6907,data/raw/datasets/datasets/Notes/Whole/w673.jpg,64,64,0.10302734375
data/processed/images/eighth_note/000518.png,eighth_note,71cdbfba9d3e44d420ecb0376816e14c867ecf8e2e0d4a120877a2b48e8bf367,data/raw/datasets/datasets/Notes/Eight/e565.jpg,64,64,0.06201171875
data/processed/images/quarter_note/002557.png,quarter_note,76d3df5bccf5d3f2cc74db1cb28d50678cc1bedd87af30ecfafc0930e6f538a6,data/raw/datasets/datasets/Notes/Quarter/q603.jpg,64,64,0.0703125
data/processed/images/quarter_note/002446.png,quarter_note,7e66f72767b28d78c4cc4453e758343b7397729bf6125eeba12040bc9bfd73c2,data/raw/datasets/datasets/Notes/Quarter/q503.jpg,64,64,0.0224609375
data/processed/images/half_note/001602.png,half_note,c1802e0f56640bd2a8db69036d1ad7c5ea87b3eeafa13c0dbd97279c395828be,data/raw/datasets/datasets/Notes/Half/h644.jpg,64,64,0.038330078125
data/processed/images/half_note/001326.png,half_note,8812ed392b1bcb7cdcf3bae5ce304e9d3bc04fb157593cec4c860d5a80b5fbd6,data/raw/datasets/datasets/Notes/Half/h396.jpg,64,64,0.022705078125
data/processed/images/sixteenth_note/003163.png,sixteenth_note,83de268fa020ca6267414f0e2224c94a4cb6cd8740ebc091d102eb05dbf9cbc0,data/raw/datasets/datasets/Notes/Sixteenth/s249.jpg,64,64,0.06298828125
data/processed/images/whole_note/004423.png,whole_note,16ae75a75ed875c2c0a80d53530bab59f391229beca2dfd57a28ccce542b5f1e,data/raw/datasets/datasets/Notes/Whole/w484.jpg,64,64,0.032470703125
data/processed/images/whole_note/004957.png,whole_note,7b99ac797e7e8c31528d54fe8e7e877e913bcc838877173897788b355cfe4aaf,data/raw/datasets/datasets/Notes/Whole/w965.jpg,64,64,0.041259765625
data/processed/images/eighth_note/000547.png,eighth_note,ada24b25b0c8a13448878bfadf940a016381a9a9a01bf52c25c41a2dbb6c7c5a,data/raw/datasets/datasets/Notes/Eight/e591.jpg,64,64,0.163330078125
data/processed/images/sixteenth_note/003225.png,sixteenth_note,f1e7bb3222a9ad56ae3b8d980ff405f4c58cb6aee3602a7c6a91c4bfb20f87af,data/raw/datasets/datasets/Notes/Sixteenth/s304.jpg,64,64,0.131103515625
data/processed/images/sixteenth_note/003863.png,sixteenth_note,3bad77c3f6278c3604caa37f7759af7176ac517baf0aed1c98dde1540af3a75a,data/raw/datasets/datasets/Notes/Sixteenth/s880.jpg,64,64,0.0634765625
data/processed/images/sixteenth_note/003280.png,sixteenth_note,966586c850b28bb93930bb3c93235fbc7649393a483aefa722d7e8210646ce5d,data/raw/datasets/datasets/Notes/Sixteenth/s354.jpg,64,64,0.153564453125
data/processed/images/whole_note/004466.png,whole_note,659fa3bc5d90b7ac56c8af2a51a14ac34fdac5d7d6cf893ee5109ddd62e36ff7,data/raw/datasets/datasets/Notes/Whole/w522.jpg,64,64,0.0380859375
data/processed/images/eighth_note/000848.png,eighth_note,1c723163651ddee040e834ad3fee9f5cfdb2ce59ac85d98bccc10f932bebf8fd,data/raw/datasets/datasets/Notes/Eight/e866.jpg,64,64,0.0615234375
data/processed/images/half_note/001170.png,half_note,2230e3b5fddbcc169f793b35c9a9e665a40e358967ed0ca8e3cd9f9a1ae8a349,data/raw/datasets/datasets/Notes/Half/h255.jpg,64,64,0.05126953125
data/processed/images/sixteenth_note/003972.png,sixteenth_note,ea2900c27d8c2852a11972ede060229ce3fe36193c0f37d8d4a5f8e3bd807033,data/raw/datasets/datasets/Notes/Sixteenth/s979.jpg,64,64,0.079345703125
data/processed/images/quarter_note/002593.png,quarter_note,894c8f1e5b67498d86257c99ba32045d081df048568439a3b123918295056e57,data/raw/datasets/datasets/Notes/Quarter/q636.jpg,64,64,0.043701171875
data/processed/images/half_note/001692.png,half_note,4a4fe1430e6be79ba873c479616d45589423b3d761a9682a8bf6052267c1341a,data/raw/datasets/datasets/Notes/Half/h725.jpg,64,64,0.044677734375
data/processed/images/whole_note/004851.png,whole_note,9713461605764c9d40ae2d831426f1ce0c82a7615207cd3441f2b1cc7d089cd5,data/raw/datasets/datasets/Notes/Whole/w87.jpg,64,64,0.212158203125
data/processed/images/half_note/001751.png,half_note,e345394dc13237f895409a1e9d203e524cf3f681c2573a17479b853f84ea90c5,data/raw/datasets/datasets/Notes/Half/h779.jpg,64,64,0.04638671875
data/processed/images/half_note/001814.png,half_note,ea9f44dd884ed34445a23ac1c2fc0d0fc0a0240f47939c6ac02ae5a1cf457798,data/raw/datasets/datasets/Notes/Half/h835.jpg,64,64,0.0322265625
data/processed/images/half_note/001131.png,half_note,2cd5b8da2068555b8f032706a16ca7ae2baeeba5b6d98cde8a6a55fcfa042ba1,data/raw/datasets/datasets/Notes/Half/h22.jpg,64,64,0.078369140625
data/processed/images/whole_note/004009.png,whole_note,54d9ca38b9630eb50c0b65614fb2c697d66e9a4a668c255505e8a4dadbe60eb3,data/raw/datasets/datasets/Notes/Whole/w110.jpg,64,64,0.103759765625
data/processed/images/eighth_note/000068.png,eighth_note,c846c08df54d2c5ac2dcf342a48c155e0f720ff76f0a3779abd7a23002bc4db8,data/raw/datasets/datasets/Notes/Eight/e16.jpg,64,64,0.08203125
data/processed/images/eighth_note/000743.png,eighth_note,d3b3dc6640cf864f94c5a49bbb0428b737c450847901f6ef7351d9a030819396,data/raw/datasets/datasets/Notes/Eight/e770.jpg,64,64,0.17041015625
data/processed/images/half_note/001201.png,half_note,110aa214168c9041e2fe791ecbb7b42dec80686e683c3ddcad922369be0bd2cd,data/raw/datasets/datasets/Notes/Half/h283.jpg,64,64,0.12353515625
data/processed/images/whole_note/004112.png,whole_note,e10343692725d35d08b49ce963c28309798d15c05996bbe3d998a8db50d834dc,data/raw/datasets/datasets/Notes/Whole/w203.jpg,64,64,0.08984375
data/processed/images/eighth_note/000744.png,eighth_note,72608c6d557de7aca5dbee287de449f4579e506f4e9671fc81b862fe04557000,data/raw/datasets/datasets/Notes/Eight/e771.jpg,64,64,0.120361328125
data/processed/images/eighth_note/000705.png,eighth_note,a621803b0045f67c3c0f0baaafa2491442827b3b46b806e54c44d4d15acb6116,data/raw/datasets/datasets/Notes/Eight/e735.jpg,64,64,0.1826171875
data/processed/images/quarter_note/002472.png,quarter_note,301e7f6e19d2b97f2d7c285a2666ffbf25bdb0116731f6708bb235ba279a47cb,data/raw/datasets/datasets/Notes/Quarter/q527.jpg,64,64,0.12353515625
data/processed/images/quarter_note/002888.png,quarter_note,e2f2e67e46a35e5730b9ec5cfadd349d8e1e9bd20be53fbcfcd288166b228807,data/raw/datasets/datasets/Notes/Quarter/q901.jpg,64,64,0.05810546875
data/processed/images/quarter_note/002431.png,quarter_note,e3a379c8be7e743160e83d457a67c8290e8a576833416f04e1dee4d1ffa011ae,data/raw/datasets/datasets/Notes/Quarter/q490.jpg,64,64,0.07421875
data/processed/images/half_note/001221.png,half_note,6fd54e3347421a97d2c5d58f7f7b38450d7c01e19e4bbbbe62b661747902b242,data/raw/datasets/datasets/Notes/Half/h300.jpg,64,64,0.0419921875
data/processed/images/half_note/001293.png,half_note,87b4bc5481d848df592d7d3fb444eeed87d976e9663f5e305767ce10cce12857,data/raw/datasets/datasets/Notes/Half/h366.jpg,64,64,0.043212890625
data/processed/images/whole_note/004616.png,whole_note,181d6f4ea4ac042a0119b6035791d9a1561e645722d63beaeef13d5b65c298dc,data/raw/datasets/datasets/Notes/Whole/w658.jpg,64,64,0.156982421875
data/processed/images/half_note/001260.png,half_note,38b54e3f3dc3b6646ff972d91000b051554616c16298dfc58b61fb37592adbf3,data/raw/datasets/datasets/Notes/Half/h336.jpg,64,64,0.0205078125
data/processed/images/sixteenth_note/003158.png,sixteenth_note,e3c77c50cb4ca03b1f843e6aba0cfb111e8287e84bfce9c5fdbc8e8dba5ca199,data/raw/datasets/datasets/Notes/Sixteenth/s244.jpg,64,64,0.04541015625
data/processed/images/whole_note/004697.png,whole_note,938645487fd4a5b9518d9cc65deb02e4c7c383006326aab7947ee9dec6d30f36,data/raw/datasets/datasets/Notes/Whole/w730.jpg,64,64,0.132080078125
data/processed/images/sixteenth_note/003122.png,sixteenth_note,fe5a99a5e1fd7978c7ecd35ba341796b67afce9eccfeec7a8d729edac825d23e,data/raw/datasets/datasets/Notes/Sixteenth/s211.jpg,64,64,0.044921875
data/processed/images/whole_note/004020.png,whole_note,3763e7dc1e5e51ebe95881593f01f06bea730fac5d08d4e8d59104415f6240e3,data/raw/datasets/datasets/Notes/Whole/w120.jpg,64,64,0.28564453125
data/processed/images/half_note/001887.png,half_note,4900354e23e22607a0479c3b061675952144cfcd4472756385e35fafd4ab501f,data/raw/datasets/datasets/Notes/Half/h900.jpg,64,64,0.010498046875
data/processed/images/half_note/001972.png,half_note,d84497a215d7e541122dff9624c23f41bcd2d35c35964325f831c03825b635f9,data/raw/datasets/datasets/Notes/Half/h978.jpg,64,64,0.03271484375
data/processed/images/quarter_note/002413.png,quarter_note,076484bc89d5b477cfd049dee95e9d2b5016a583a47cb80d819f462a2df88c4e,data/raw/datasets/datasets/Notes/Quarter/q474.jpg,64,64,0.038818359375
data/processed/images/sixteenth_note/003276.png,sixteenth_note,34a0869e7e69fc08ee94d2e69262591922d6ad68ed785b5ecc5bc9820288d6de,data/raw/datasets/datasets/Notes/Sixteenth/s350.jpg,64,64,0.089599609375
data/processed/images/quarter_note/002287.png,quarter_note,c2338d3bda4791233ad93035b4d12be0df6c7679b651772c880b9df3b6ded758,data/raw/datasets/datasets/Notes/Quarter/q360.jpg,64,64,0.03955078125
data/processed/images/whole_note/004925.png,whole_note,c454763f5bab0355adba5f5e49d488563eb934ec81b8dedc2e4505d437813912,data/raw/datasets/datasets/Notes/Whole/w936.jpg,64,64,0.09619140625
data/processed/images/quarter_note/002698.png,quarter_note,f95d5df8f10129413b45c2b747d4c6d620188ad3e10f0849a1a3494c14ec645c,data/raw/datasets/datasets/Notes/Quarter/q730.jpg,64,64,0.02001953125
data/processed/images/quarter_note/002504.png,quarter_note,f9c9595f814d09293809ab17db92c25e465a3b7ceacfff035b9997d7780f2ad3,data/raw/datasets/datasets/Notes/Quarter/q556.jpg,64,64,0.0986328125
data/processed/images/whole_note/004788.png,whole_note,42ee878212942de9872398249b8321578e9c1c759e02c5b41b523ebb961e1b6f,data/raw/datasets/datasets/Notes/Whole/w812.jpg,64,64,0.234375
data/processed/images/half_note/001547.png,half_note,bbe53cb6e1a9326a30368df533307b37fb66dbdbc1ec720113f6a01019d59e41,data/raw/datasets/datasets/Notes/Half/h595.jpg,64,64,0.028076171875
data/processed/images/half_note/001606.png,half_note,7601ad9a6e8be84c34ac6a23c1b3ea20d4aa6d07ce5f3a74780a1e2b427e8127,data/raw/datasets/datasets/Notes/Half/h648.jpg,64,64,0.05078125
data/processed/images/eighth_note/000872.png,eighth_note,c06e028919c1f32cb408fbf99c8d506a71a45299ae30413aab213bf6fc09097f,data/raw/datasets/datasets/Notes/Eight/e888.jpg,64,64,0.0341796875
data/processed/images/quarter_note/002204.png,quarter_note,bae255e6c52c63eb44a9e7cbb5e7f1e3965968968c34931055ae3971ff36d6aa,data/raw/datasets/datasets/Notes/Quarter/q286.jpg,64,64,0.01611328125
data/processed/images/sixteenth_note/003682.png,sixteenth_note,5a30dc57d3c1f7ab10bc05c76e7f416eeab62810c8928ecc051335b94ae3ea02,data/raw/datasets/datasets/Notes/Sixteenth/s717.jpg,64,64,0.082275390625
data/processed/images/whole_note/004253.png,whole_note,7885ec40f79f6876f0def9ef777b4af3449a027e920faad6370cfa2d1ea6b736,data/raw/datasets/datasets/Notes/Whole/w330.jpg,64,64,0.127685546875
data/processed/images/quarter_note/002123.png,quarter_note,623995a58a65ade8f6edf85c26e2eceeaae562c6659b84e5ced39dcc13348604,data/raw/datasets/datasets/Notes/Quarter/q212.jpg,64,64,0.070556640625
data/processed/images/whole_note/004799.png,whole_note,e8a2d5f8a524aa0c9255f207b60d1f8bd137054882abec3e6943eac00881629d,data/raw/datasets/datasets/Notes/Whole/w822.jpg,64,64,0.299072265625
data/processed/images/quarter_note/002209.png,quarter_note,993d0934ca529e7ee7faf82769007c82ccb642bdd774b06b20d91cc74c2523f7,data/raw/datasets/datasets/Notes/Quarter/q290.jpg,64,64,0.04833984375
data/processed/images/eighth_note/000070.png,eighth_note,7f2c2101c47e546270158f271600f13518d0f31ae424e751e0d895b3bf8c1bdf,data/raw/datasets/datasets/Notes/Eight/e161.jpg,64,64,0.122314453125
data/processed/images/whole_note/004292.png,whole_note,9c863d9a14e398fd0b5330bbf803a64b6a337ea8efb2bb594f19e410133034ff,data/raw/datasets/datasets/Notes/Whole/w366.jpg,64,64,0.07080078125
data/processed/images/eighth_note/000568.png,eighth_note,2aa694be9f4e60d59bfeaa29e131e8d26aef5f282ba26d2f953edf4e53233f3a,data/raw/datasets/datasets/Notes/Eight/e61.jpg,64,64,0.09033203125
data/processed/images/whole_note/004170.png,whole_note,44ca64df3c719004a0309e4b8f56f4b46a6fcadcac7fd5bf80809e28718e75a8,data/raw/datasets/datasets/Notes/Whole/w256.jpg,64,64,0.0537109375
data/processed/images/sixteenth_note/003949.png,sixteenth_note,7a3038b14ea21cd16d9302ee0ceaeb5652487fb6a62e39afed975413ce6b4605,data/raw/datasets/datasets/Notes/Sixteenth/s958.jpg,64,64,0.089111328125
data/processed/images/whole_note/004765.png,whole_note,4853fb58746105708e2c29af1c434ec18fd6ca79e4191291a42b230eafb28d17,data/raw/datasets/datasets/Notes/Whole/w792.jpg,64,64,0.291259765625
data/processed/images/whole_note/004764.png,whole_note,641febe735a91385178f446b269ec70084816d7cb20e42e966c8683a614f6a48,data/raw/datasets/datasets/Notes/Whole/w791.jpg,64,64,0.3056640625
data/processed/images/quarter_note/002372.png,quarter_note,42f860ea841d38c681ccfea955b8f1f73f0f811b81714b0a6029f1dc03e1950d,data/raw/datasets/datasets/Notes/Quarter/q437.jpg,64,64,0.027099609375
data/processed/images/sixteenth_note/003066.png,sixteenth_note,baec6e6dc954d8dc2cdf49e5860e33d69b8e518f36c8d2fdc72779af5bb32b14,data/raw/datasets/datasets/Notes/Sixteenth/s161.jpg,64,64,0.112548828125
data/processed/images/eighth_note/000275.png,eighth_note,a353e6046d51cd15cb278125efbed5770c2fa4164c1b99769556340410aa0417,data/raw/datasets/datasets/Notes/Eight/e346.jpg,64,64,0.05126953125
data/processed/images/quarter_note/002023.png,quarter_note,d9a23107dcd4fe1daefcf44c7a3024039e8e4616ae73498c6e076aa60b393af3,data/raw/datasets/datasets/Notes/Quarter/q122.jpg,64,64,0.06787109375
data/processed/images/half_note/001577.png,half_note,abaaac81a587e5ce760dc6dc03dd816a5c47e765358046fa02af41c23d9b4084,data/raw/datasets/datasets/Notes/Half/h621.jpg,64,64,0.024169921875
data/processed/images/whole_note/004412.png,whole_note,e589c65acf5da25290b9061cd2917d5055022b00bbf6ae250bccc58307b16c88,data/raw/datasets/datasets/Notes/Whole/w474.jpg,64,64,0.021240234375
data/processed/images/whole_note/004236.png,whole_note,dbe12a76c0e7746be968ea0e855799d3ae3ba679d8f1167e8b89907fb917da0d,data/raw/datasets/datasets/Notes/Whole/w315.jpg,64,64,0.33154296875
data/processed/images/sixteenth_note/003671.png,sixteenth_note,88998c0ed12f192517a58896ef93df88c93cf92299c4c33290fca2a4aa2fc5da,data/raw/datasets/datasets/Notes/Sixteenth/s707.jpg,64,64,0.078125
data/processed/images/quarter_note/002387.png,quarter_note,7cff1dfc567c3662921cf6ea3fa36838945aea67db1b81d02041f2a64b6c24e6,data/raw/datasets/datasets/Notes/Quarter/q450.jpg,64,64,0.0322265625
data/processed/images/eighth_note/000974.png,eighth_note,fcedc6cf56e071f1bc30a47f33bf371ffbc6eda643502a98d80979ec09bae451,data/raw/datasets/datasets/Notes/Eight/e98.jpg,64,64,0.02734375
data/processed/images/half_note/001184.png,half_note,c8ee9050a94879d879827d600187c96b535ada61483e710ca06f4315c13ef165,data/raw/datasets/datasets/Notes/Half/h268.jpg,64,64,0.126953125
data/processed/images/eighth_note/000437.png,eighth_note,174fc12f6b03190b0325287205e46e89b70c0fd01eac7d27b4666ddf4406fa65,data/raw/datasets/datasets/Notes/Eight/e492.jpg,64,64,0.070068359375
data/processed/images/whole_note/004146.png,whole_note,068162c89c88bd6eea911e6b8a79b5c7d2c0b53347c071a34988d4c5a7e5609f,data/raw/datasets/datasets/Notes/Whole/w234.jpg,64,64,0.083740234375
data/processed/images/sixteenth_note/003299.png,sixteenth_note,27827b2253ffafc32de7e7b8c97537aa567c8b6511bd667ec43f5b1fdda0d2b3,data/raw/datasets/datasets/Notes/Sixteenth/s371.jpg,64,64,0.077392578125
data/processed/images/whole_note/004776.png,whole_note,3f1643d04582cbea04bfa5e4cc89f1e984c3751c9068ff9d9d6fad275afc3b85,data/raw/datasets/datasets/Notes/Whole/w801.jpg,64,64,0.18798828125
data/processed/images/eighth_note/000365.png,eighth_note,400cde5f54e472785a42f84027536873ac7f5a8ef1535090b94873fc42a4414d,data/raw/datasets/datasets/Notes/Eight/e427.jpg,64,64,0.0390625
data/processed/images/eighth_note/000850.png,eighth_note,2633dbf9e9e019d6402ad39b0bf0d101b956b83123f722388c528fa8b23e90b9,data/raw/datasets/datasets/Notes/Eight/e868.jpg,64,64,0.041259765625
data/processed/images/half_note/001389.png,half_note,5087b4c2767eb8f8d4f27fb0e724d462869622e5287f84f2543110741d35eb18,data/raw/datasets/datasets/Notes/Half/h452.jpg,64,64,0.030517578125
data/processed/images/sixteenth_note/003563.png,sixteenth_note,0bccf8ef7b91a92ce5fcbd2e27ea01ae4f8d268b6056b955610c10e35ebc3598,data/raw/datasets/datasets/Notes/Sixteenth/s609.jpg,64,64,0.071044921875
data/processed/images/half_note/001615.png,half_note,cf1dce512d7d8e66f369b50e0a1679f779c643911bad57a0d8e40f60071760e1,data/raw/datasets/datasets/Notes/Half/h656.jpg,64,64,0.115966796875
data/processed/images/half_note/001682.png,half_note,6d1439d4760228a2a84c9851da4684923144772b93677b55043a44b706073130,data/raw/datasets/datasets/Notes/Half/h716.jpg,64,64,0.0439453125
data/processed/images/half_note/001504.png,half_note,276e078d314377434a299ffd5879751961a36c88f4fe5ef4a11997e2d2a2fd3b,data/raw/datasets/datasets/Notes/Half/h556.jpg,64,64,0.053955078125
data/processed/images/eighth_note/000745.png,eighth_note,afc32a3a4877e65724e45f496986aa22f98c46cabc02a3bb0984800bef4f0216,data/raw/datasets/datasets/Notes/Eight/e772.jpg,64,64,0.15869140625
data/processed/images/eighth_note/000467.png,eighth_note,ef1300826d8e1875398bd2fd641019fdaf92f6cc74dc5f6d435ab8af190895c2,data/raw/datasets/datasets/Notes/Eight/e519.jpg,64,64,0.05615234375
data/processed/images/quarter_note/002640.png,quarter_note,c7194535a60e131d2b3d47ad03b351612a6216a79d23aff0c6764c8d887acc2e,data/raw/datasets/datasets/Notes/Quarter/q679.jpg,64,64,0.0595703125
data/processed/images/eighth_note/000164.png,eighth_note,6d4762784c4f0334b1a5da1f3d3f609a5deab18f4df9f1942c263f2aa1657728,data/raw/datasets/datasets/Notes/Eight/e246.jpg,64,64,0.034912109375
data/processed/images/quarter_note/002006.png,quarter_note,6ab030fbcb4f765ffe3051195b7dba7c4bb1881f8c0ca9219f2ab818a34963c4,data/raw/datasets/datasets/Notes/Quarter/q107.jpg,64,64,0.063232421875
data/processed/images/quarter_note/002915.png,quarter_note,240224f2d602cf70fc38729728c8b1093c3067ea4b6bcfe017233e4eb0bd6deb,data/raw/datasets/datasets/Notes/Quarter/q926.jpg,64,64,0.049560546875
data/processed/images/eighth_note/000082.png,eighth_note,2019341ce03a4d2c845db7fdf908c592e9cc57ab1264d6c1fcee1f62c2c38a47,data/raw/datasets/datasets/Notes/Eight/e172.jpg,64,64,0.105224609375
data/processed/images/whole_note/004032.png,whole_note,aa9e6ffc5eb90bbc5b789981bf2cbdee94e1c47ea8c8275f0b8f5322eb860295,data/raw/datasets/datasets/Notes/Whole/w131.jpg,64,64,0.258056640625
data/processed/images/eighth_note/000407.png,eighth_note,45c96b12f23666256437eaa39f3b53139d3853dadd3752e55eba59e13fcdff87,data/raw/datasets/datasets/Notes/Eight/e465.jpg,64,64,0.05224609375
data/processed/images/quarter_note/002098.png,quarter_note,a160a4a995ac428d3c30d7d7dfaa2829e3461f568fc95b9285276ad805081571,data/raw/datasets/datasets/Notes/Quarter/q190.jpg,64,64,0.052978515625
data/processed/images/quarter_note/002408.png,quarter_note,2356a99b334a1e60ed813735dbdc880247dd6e74122defe5138d4c3574bae0eb,data/raw/datasets/datasets/Notes/Quarter/q47.jpg,64,64,0.076904296875
data/processed/images/whole_note/004871.png,whole_note,54682c34b676d01f180086762731e3d6b11954ac3bc2fef960234d561fee00a1,data/raw/datasets/datasets/Notes/Whole/w888.jpg,64,64,0.19970703125
data/processed/images/sixteenth_note/003281.png,sixteenth_note,46dba129b2da6b3a37c4a376676ea0a881420efa5ad3fa4f00229a80f67a0fb2,data/raw/datasets/datasets/Notes/Sixteenth/s355.jpg,64,64,0.132568359375
data/processed/images/sixteenth_note/003418.png,sixteenth_note,ff8a6bfe53a1fe4c999c01a34c99fe9a2a9e2bc79a5eecd12905ed9dfa28a577,data/raw/datasets/datasets/Notes/Sixteenth/s479.jpg,64,64,0.114990234375
data/processed/images/eighth_note/000224.png,eighth_note,9241def1210f78d6c5de5717a42c67d94d68a4ebc55b085adf910adb8027a401,data/raw/datasets/datasets/Notes/Eight/e30.jpg,64,64,0.082275390625
data/processed/images/eighth_note/000443.png,eighth_note,4fbd40eda56fa0e4bc79eb3b494adba55c59c6f833b26f6fb2be5e51716a2e67,data/raw/datasets/datasets/Notes/Eight/e498.jpg,64,64,0.04150390625
data/processed/images/sixteenth_note/003208.png,sixteenth_note,22e8704e635749b5a287fb1df48d458ab7f2df0bccb85831d6790cb799693458,data/raw/datasets/datasets/Notes/Sixteenth/s29.jpg,64,64,0.087158203125
data/processed/images/half_note/001711.png,half_note,94ed52bee10f022417a6780a9d9ca555968abaf9cf3879f289dd79a605717e0a,data/raw/datasets/datasets/Notes/Half/h742.jpg,64,64,0.03076171875
data/processed/images/sixteenth_note/003789.png,sixteenth_note,fe8f30d0a654001df5129901eeae9c8acd045abbba2db1acc64273f9513c0729,data/raw/datasets/datasets/Notes/Sixteenth/s813.jpg,64,64,0.074462890625
data/processed/images/whole_note/004218.png,whole_note,01b28346a6f551d1e1a77395833baa55ec13d22df822aa89a697618535cf45e2,data/raw/datasets/datasets/Notes/Whole/w3.jpg,64,64,0.130615234375
data/processed/images/eighth_note/000010.png,eighth_note,a7c3aeab6adbb337a9df8b578ec48eedeaba1baa74efd6b2bfb49084e53c9eaa,data/raw/datasets/datasets/Notes/Eight/e107.jpg,64,64,0.057373046875
data/processed/images/whole_note/004926.png,whole_note,9b3ce77943c97a2665f9935fbb6f98235ed3eb2738e3a124abc242f09db09212,data/raw/datasets/datasets/Notes/Whole/w937.jpg,64,64,0.025390625
data/processed/images/eighth_note/000671.png,eighth_note,12c64f6a3cfec2c427084152a08c5db9f4ad956dbae3e9424f987a87ca4ef9b8,data/raw/datasets/datasets/Notes/Eight/e702.jpg,64,64,0.152099609375
data/processed/images/quarter_note/002459.png,quarter_note,118dda0b7c583826bfa2653f2993e69f6925c8a8497bc89ea4eec0926d894685,data/raw/datasets/datasets/Notes/Quarter/q515.jpg,64,64,0.09814453125
data/processed/images/sixteenth_note/003865.png,sixteenth_note,168309f86a1b94da659615eee9623a2c357dc1e3da38b99207e95b0249513222,data/raw/datasets/datasets/Notes/Sixteenth/s882.jpg,64,64,0.084228515625
data/processed/images/sixteenth_note/003780.png,sixteenth_note,7105918ae7b075495b170f30c7bdffc281a2ca6a51c65571ab419ca2ca5ece69,data/raw/datasets/datasets/Notes/Sixteenth/s805.jpg,64,64,0.059326171875
data/processed/images/half_note/001934.png,half_note,bb9f62bcfa4815e6de93b02e97d80b175b63841e2cbc389048f13aa22cd5df8d,data/raw/datasets/datasets/Notes/Half/h943.jpg,64,64,0.015380859375
data/processed/images/quarter_note/002919.png,quarter_note,ea349f72538e6e5597074e448850cad1bf6f2a7cc9e32ab75e682016d1c655bd,data/raw/datasets/datasets/Notes/Quarter/q93.jpg,64,64,0.06591796875
data/processed/images/sixteenth_note/003322.png,sixteenth_note,640a60e23f75d57c0ef3e86c9989ccb7e4a471a6daddd474ca7d60e9e000b86a,data/raw/datasets/datasets/Notes/Sixteenth/s392.jpg,64,64,0.043212890625
data/processed/images/half_note/001322.png,half_note,f635dfa9a61f2f64e2ed9f759bd38ed53641b2705f2a1ee37b356b181fc9e3d9,data/raw/datasets/datasets/Notes/Half/h392.jpg,64,64,0.060302734375
data/processed/images/eighth_note/000825.png,eighth_note,77fcb93f65e6df0a7d738bf61ba31b8af903294ed29aec5578b968ce57315d99,data/raw/datasets/datasets/Notes/Eight/e845.jpg,64,64,0.046630859375
data/processed/images/quarter_note/002453.png,quarter_note,fa8dbdb0bfcb01670afe09e448748b272e23be0cb960dff31c102f67a2b9a80e,data/raw/datasets/datasets/Notes/Quarter/q51.jpg,64,64,0.03564453125
data/processed/images/half_note/001106.png,half_note,6bfaf849d93b1ccf8fac0098b7d32f6be768f23433c78b57364e220bc0b1f9e6,data/raw/datasets/datasets/Notes/Half/h198.jpg,64,64,0.034423828125
data/processed/images/whole_note/004779.png,whole_note,3c86fac9724b6fc46172c1ce4b255601e8fb12ff6bf1cd84f08b3c13e9707b08,data/raw/datasets/datasets/Notes/Whole/w804.jpg,64,64,0.125244140625
data/processed/images/sixteenth_note/003275.png,sixteenth_note,efd6971403bb61704cc241dccc8294a3526e16e166957b359253165a9ab1afbb,data/raw/datasets/datasets/Notes/Sixteenth/s35.jpg,64,64,0.10302734375
data/processed/images/whole_note/004801.png,whole_note,5bd24b7f5465039207fd93714ee9a4faa90d46da12b1476ab2c691cb2d502817,data/raw/datasets/datasets/Notes/Whole/w824.jpg,64,64,0.160888671875
data/processed/images/whole_note/004333.png,whole_note,473fe7865354ec3501529bf7df96713142fa8f117fb179510b218b1973cbad17,data/raw/datasets/datasets/Notes/Whole/w402.jpg,64,64,0.034912109375
data/processed/images/whole_note/004376.png,whole_note,43989d8496f39e115b42b887db5114f7fa68ed07fb028e09f5fdb793d9af239a,data/raw/datasets/datasets/Notes/Whole/w441.jpg,64,64,0.0185546875
data/processed/images/whole_note/004354.png,whole_note,681db5b2d95cd28cb5a12916fafbe80a1c0153987cea7f7c7d93dde5e45d46dd,data/raw/datasets/datasets/Notes/Whole/w421.jpg,64,64,0.04248046875
data/processed/images/quarter_note/002378.png,quarter_note,9812ac009af8b881bd49b56f2cfb8ca20f15d8a13da3ef1a5571cb572b6a4657,data/raw/datasets/datasets/Notes/Quarter/q442.jpg,64,64,0.0703125
data/processed/images/half_note/001218.png,half_note,713980b748d75d1e28edff86e4f67dcfe720b9bd03adf2791af59df1828098dd,data/raw/datasets/datasets/Notes/Half/h299.jpg,64,64,0.0556640625
data/processed/images/whole_note/004563.png,whole_note,4459d01cf2b341e19656f6fa90f426ca0b33a4c1f61533043abca4160859c9c9,data/raw/datasets/datasets/Notes/Whole/w61.jpg,64,64,0.345458984375
data/processed/images/sixteenth_note/003623.png,sixteenth_note,8be8d95f8653b3ced14af060c59a8fb51d7cd9e2155c263e94e2d327f94481db,data/raw/datasets/datasets/Notes/Sixteenth/s663.jpg,64,64,0.135009765625
data/processed/images/quarter_note/002677.png,quarter_note,9f2ca64add23d1c93b6496187cf1cf1aee6575e9d05dd9e10c0bf2f4975d0c82,data/raw/datasets/datasets/Notes/Quarter/q711.jpg,64,64,0.129638671875
data/processed/images/sixteenth_note/003105.png,sixteenth_note,90b5d939a2e21ba733ff14708f28ff324a58ee700ca460812c484587ec8376ba,data/raw/datasets/datasets/Notes/Sixteenth/s197.jpg,64,64,0.041015625
data/processed/images/whole_note/004191.png,whole_note,6fa1366be638176812e27412350d3c4f3bd3e22c58070b114f5745b76694a1e3,data/raw/datasets/datasets/Notes/Whole/w275.jpg,64,64,0.07421875
data/processed/images/half_note/001808.png,half_note,929f2f0e59730601aab3a469be7d415fe9cb3d4086ba3d0a3356b3b1641d7a4e,data/raw/datasets/datasets/Notes/Half/h83.jpg,64,64,0.060546875
data/processed/images/sixteenth_note/003855.png,sixteenth_note,ade872d0cd7b50810b53cee257b0241cbf6ea4d4ff505bcd850e5a89ed17d7bf,data/raw/datasets/datasets/Notes/Sixteenth/s873.jpg,64,64,0.06689453125
data/processed/images/half_note/001652.png,half_note,d01c89f9b624e9014455ddea2a4aed636d7f5c6ad512619a5821d2b102c63714,data/raw/datasets/datasets/Notes/Half/h69.jpg,64,64,0.07470703125
data/processed/images/whole_note/004704.png,whole_note,ed717bd286b4b637cf3475b964701184e6b4a646c7a209ba135ae05b5023f461,data/raw/datasets/datasets/Notes/Whole/w737.jpg,64,64,0.122802734375
data/processed/images/sixteenth_note/003411.png,sixteenth_note,0dc686f2cb3a8b91155684a88842f20155d2e909bde375fb0a6a08f167eb6bf0,data/raw/datasets/datasets/Notes/Sixteenth/s472.jpg,64,64,0.135986328125
data/processed/images/sixteenth_note/003912.png,sixteenth_note,0b08d1c7da374fee52dd0e6a639048f3fdd33d647765389cb556f17e5965f4ce,data/raw/datasets/datasets/Notes/Sixteenth/s924.jpg,64,64,0.046875
data/processed/images/whole_note/004741.png,whole_note,49f7bf2376e1fcf294a5b79bdfeac7082c3a81fba6bf3e0e0c0896032530b57d,data/raw/datasets/datasets/Notes/Whole/w770.jpg,64,64,0.22900390625
data/processed/images/quarter_note/002767.png,quarter_note,9dfb340c56e131bf09518689cce6604092919b83e4e1201c4a9ce44e65c6c483,data/raw/datasets/datasets/Notes/Quarter/q793.jpg,64,64,0.0556640625
data/processed/images/eighth_note/000457.png,eighth_note,acffbd39aaf144eb4fa4eccdc7d813bb51f08fd1a3b569681c39d227d7cb063e,data/raw/datasets/datasets/Notes/Eight/e51.jpg,64,64,0.06494140625
data/processed/images/half_note/001432.png,half_note,14870eb9505da1d080eaacbbe0e2150aabbdb32fd486281edbf0efff9a7cfe1e,data/raw/datasets/datasets/Notes/Half/h491.jpg,64,64,0.02978515625
data/processed/images/quarter_note/002725.png,quarter_note,6c903ac1f7e0d038faec314b230abb33577b19e84fa708f4c5c9bb3fe6f797f8,data/raw/datasets/datasets/Notes/Quarter/q755.jpg,64,64,0.0234375
data/processed/images/quarter_note/002661.png,quarter_note,86180bd0a9d17d8db775b7d49bac85927cc9a39ee5ce5bc0d8df069e2aab8732,data/raw/datasets/datasets/Notes/Quarter/q698.jpg,64,64,0.083984375
data/processed/images/eighth_note/000816.png,eighth_note,da89c66e704b45e277a571e9b58810b3cd92752c2485b0b7ccd2440b567b0ccd,data/raw/datasets/datasets/Notes/Eight/e837.jpg,64,64,0.1650390625
data/processed/images/sixteenth_note/003230.png,sixteenth_note,9118b0f9d3a8c0bca3f35834b19d46dceb4bb17489f1d0149ee48d3be905fbf7,data/raw/datasets/datasets/Notes/Sixteenth/s309.jpg,64,64,0.090087890625
data/processed/images/half_note/001876.png,half_note,c7970b687b76c80b4632f6a0dc6b127e181ac3a59389cfc1a2afebbcb8aabebc,data/raw/datasets/datasets/Notes/Half/h891.jpg,64,64,0.018798828125
data/processed/images/half_note/001472.png,half_note,dd6976d97768e93a307b8b5b8aac953bb2fa57127c8a0eed6cd730527ad40ce8,data/raw/datasets/datasets/Notes/Half/h527.jpg,64,64,0.064208984375
data/processed/images/whole_note/004396.png,whole_note,09f98cb8896e20f5cfcda8e8798fb498fe1698ae992c68187ed1174ee6504762,data/raw/datasets/datasets/Notes/Whole/w46.jpg,64,64,0.0947265625
data/processed/images/quarter_note/002565.png,quarter_note,8df096db25d9dc844e928fcabfe72c731c69182c1fac7902fb1d5f66509e75c0,data/raw/datasets/datasets/Notes/Quarter/q610.jpg,64,64,0.05712890625
data/processed/images/whole_note/003999.png,whole_note,c663dbd790a0338d9383a00b4ae4f0d7722dafdac70a4ac0eb9a270b8ff96b14,data/raw/datasets/datasets/Notes/Whole/w101.jpg,64,64,0.378662109375
data/processed/images/half_note/001015.png,half_note,43d57c748e07df3f34ea05d76802ede14bb5a678643b66d61670ea11c29195a3,data/raw/datasets/datasets/Notes/Half/h115.jpg,64,64,0.060546875
data/processed/images/quarter_note/002684.png,quarter_note,dc422ae7a8aeba267d3d980fee6a55d76b6d83499591bcdc3ee447c82b9d1f2b,data/raw/datasets/datasets/Notes/Quarter/q718.jpg,64,64,0.055419921875
data/processed/images/half_note/001903.png,half_note,dd704f495ba983669e6c7b57fc566398f2eee493c12711398e081ee2405af337,data/raw/datasets/datasets/Notes/Half/h915.jpg,64,64,0.021240234375
data/processed/images/half_note/001111.png,half_note,2f2e9c6cdbd3640871a602fc7e32e23d8321868cab369f806c86c3ba7777d2b3,data/raw/datasets/datasets/Notes/Half/h201.jpg,64,64,0.0361328125
data/processed/images/half_note/001487.png,half_note,360db5b16f05104a5f5abb831c7ae72cb21aeec9fd0667b7fbadac866a2c9ead,data/raw/datasets/datasets/Notes/Half/h540.jpg,64,64,0.0947265625
data/processed/images/half_note/000997.png,half_note,e42778ff6afb2155ba7f39154c47f7960ba50538249cfbe6307301c7e69bdc7a,data/raw/datasets/datasets/Notes/Half/h10.jpg,64,64,0.065185546875
data/processed/images/sixteenth_note/003440.png,sixteenth_note,9a4cbd60cf6e431270807a63a79f7c5294f5dd4679ae66e87ab7f73f0a261f17,data/raw/datasets/datasets/Notes/Sixteenth/s499.jpg,64,64,0.130615234375
data/processed/images/half_note/001321.png,half_note,bf869409f11209a06c0b817362b537b5e40e617f1903ce0e762743b07ad812bd,data/raw/datasets/datasets/Notes/Half/h391.jpg,64,64,0.066162109375
data/processed/images/sixteenth_note/003023.png,sixteenth_note,1a5cf96f23bafe261df63edea80e0769ad03858be5fa644ba25a7b97b23f37fb,data/raw/datasets/datasets/Notes/Sixteenth/s122.jpg,64,64,0.099609375
data/processed/images/quarter_note/002907.png,quarter_note,a012718c40f2ddea28927c75c58ba31d043e20dd421c3c491519aedf0db6254b,data/raw/datasets/datasets/Notes/Quarter/q919.jpg,64,64,0.029541015625
data/processed/images/half_note/001644.png,half_note,a92572cddec3e3f6a963b134c85d21885c8af620de918a61597d0897768045b5,data/raw/datasets/datasets/Notes/Half/h682.jpg,64,64,0.0732421875
data/processed/images/half_note/001757.png,half_note,3457d19c0073ef79a2ff2ee675a4c25fb9f4cd93ba9f2f458f3bafb2579308f6,data/raw/datasets/datasets/Notes/Half/h784.jpg,64,64,0.0380859375
data/processed/images/half_note/001033.png,half_note,7e1455e52f9ba1c318869747f9023e675db064d84e4a40bd2853d086374a17bd,data/raw/datasets/datasets/Notes/Half/h131.jpg,64,64,0.092529296875
data/processed/images/sixteenth_note/003177.png,sixteenth_note,48db6b969ddd44192c2a4f58ef869d91408ec52d6bd3e637545826504b022231,data/raw/datasets/datasets/Notes/Sixteenth/s261.jpg,64,64,0.070068359375
data/processed/images/eighth_note/000515.png,eighth_note,3d6dbb5baa8c0fe7f015291ce675625ec15c8ab2bbeae0f744d6f6932b63a327,data/raw/datasets/datasets/Notes/Eight/e562.jpg,64,64,0.11767578125
data/processed/images/quarter_note/002614.png,quarter_note,09b6c12543a7dcc9ad3d16639ae33a5cb09d7065c1b3d9514daa0725035da367,data/raw/datasets/datasets/Notes/Quarter/q655.jpg,64,64,0.05810546875
data/processed/images/eighth_note/000229.png,eighth_note,d7769bdf1020de291f7f18a46f0039ce85fa3fb25a7fe05413c952565e174e4f,data/raw/datasets/datasets/Notes/Eight/e304.jpg,64,64,0.028076171875
data/processed/images/whole_note/004665.png,whole_note,b40e1854a5587b4aed73a0bc27e8b184cc3dbf67d7ec52c1429aea520226e49d,data/raw/datasets/datasets/Notes/Whole/w701.jpg,64,64,0.230712890625
data/processed/images/half_note/001649.png,half_note,59655aaa058e43224e885a682f0d44221569f2e21a00e656649cb7aeb8c64212,data/raw/datasets/datasets/Notes/Half/h687.jpg,64,64,0.076171875
data/processed/images/sixteenth_note/003328.png,sixteenth_note,678cb4eec7a56e15bf98f22b90cb64f48d5f1652299e2601bdd7543072e24da0,data/raw/datasets/datasets/Notes/Sixteenth/s398.jpg,64,64,0.0400390625
data/processed/images/eighth_note/000155.png,eighth_note,f7e366888c6009554fe6f50072facf896181742af98745818d7ec9ff93da3416,data/raw/datasets/datasets/Notes/Eight/e238.jpg,64,64,0.029541015625
data/processed/images/half_note/001408.png,half_note,f40344a234d54ff101b67c521944de7a584b97d17ecd494e4a56bce3b47fe788,data/raw/datasets/datasets/Notes/Half/h47.jpg,64,64,0.154296875
data/processed/images/sixteenth_note/003342.png,sixteenth_note,b6fd4dcd67a0726e53ee850c1932e1d8b1e288e10d4a2abfb980274b38658740,data/raw/datasets/datasets/Notes/Sixteenth/s41.jpg,64,64,0.131591796875
data/processed/images/sixteenth_note/003935.png,sixteenth_note,3019877cde64168ad50664fbbb8506873a0e269de437ced76fc5b318ffdda535,data/raw/datasets/datasets/Notes/Sixteenth/s945.jpg,64,64,0.10009765625
data/processed/images/whole_note/004463.png,whole_note,243e7591eed83dfed4f530b624a773078ce31c25a8d6551a2a2652c3dd061537,data/raw/datasets/datasets/Notes/Whole/w52.jpg,64,64,0.2529296875
data/processed/images/whole_note/004334.png,whole_note,815a25c721938390c1ac404eca3d64dbeb7f1f2bd62778ae33acde117b6c0ce5,data/raw/datasets/datasets/Notes/Whole/w403.jpg,64,64,0.0556640625
data/processed/images/quarter_note/002164.png,quarter_note,7a72ffd63c3e4f6f17cc88d11a2181e1da2cb85fd973812c80d49d4af06b659c,data/raw/datasets/datasets/Notes/Quarter/q25.jpg,64,64,0.0283203125
data/processed/images/sixteenth_note/003989.png,sixteenth_note,f23f2730e5c0aadfbb352494d869e893dad1770a5028c06e57826e9ee5a3f638,data/raw/datasets/datasets/Notes/Sixteenth/s994.jpg,64,64,0.11767578125
data/processed/images/quarter_note/002335.png,quarter_note,b44a61b189839555504a705eab3fe15d9e4da3d85f65876b1c749a3152c2e920,data/raw/datasets/datasets/Notes/Quarter/q403.jpg,64,64,0.080078125
data/processed/images/whole_note/004086.png,whole_note,7d0f30bc9eef4c45d93f0d2f2103e13257781e8e3d0554a6be19ca04acb80d90,data/raw/datasets/datasets/Notes/Whole/w180.jpg,64,64,0.12255859375
data/processed/images/whole_note/004621.png,whole_note,a735e827d60a123028a84e986e9987dcace06bbf2936dbff99f400d19c7dc64e,data/raw/datasets/datasets/Notes/Whole/w662.jpg,64,64,0.1064453125
data/processed/images/whole_note/004070.png,whole_note,a074c589713f6ada6dc85a26a066e6b110946228bfa8116f2fee88f61f30d6f1,data/raw/datasets/datasets/Notes/Whole/w166.jpg,64,64,0.133056640625
data/processed/images/whole_note/004200.png,whole_note,245376ee6ec6f5727f0b10b9fcc63028fc5c4d08c5bb720de55de8101fb71fbd,data/raw/datasets/datasets/Notes/Whole/w283.jpg,64,64,0.057861328125
data/processed/images/sixteenth_note/003798.png,sixteenth_note,13abee8b46de1f664b895a2cbf0b7699e8056163ca7d8cec39b6a79f979a19c4,data/raw/datasets/datasets/Notes/Sixteenth/s821.jpg,64,64,0.151611328125
data/processed/images/half_note/001908.png,half_note,d3865c080ebce51f32ae097c0d6a2d9c524038f1fb8101fae7717577c118f2a9,data/raw/datasets/datasets/Notes/Half/h92.jpg,64,64,0.037109375
data/processed/images/half_note/001924.png,half_note,78be49c43738b978a0ed33692ede1a9bb115a8b0c8c6ff14a386d81fff9edd75,data/raw/datasets/datasets/Notes/Half/h934.jpg,64,64,0.025634765625
data/processed/images/quarter_note/002893.png,quarter_note,be41e363e2a3ca41a5c79ceb23c31c66aecb9c57b8e5229c8156db696b96f1eb,data/raw/datasets/datasets/Notes/Quarter/q906.jpg,64,64,0.040283203125
data/processed/images/sixteenth_note/003715.png,sixteenth_note,1c320b5ff644efdf965fb26a0c5ca0e556640ff05669d19b4175fb9906c7e1f5,data/raw/datasets/datasets/Notes/Sixteenth/s747.jpg,64,64,0.039306640625
data/processed/images/eighth_note/000076.png,eighth_note,8d2a5138c358a81d116036899546203a0cfd6e633ba6308968d964f2f04ca062,data/raw/datasets/datasets/Notes/Eight/e167.jpg,64,64,0.07373046875
data/processed/images/half_note/001873.png,half_note,d504a6319f582fc0df5515563384efe4ae047fcd00c26d2f0841438b19dc0ac8,data/raw/datasets/datasets/Notes/Half/h889.jpg,64,64,0.02197265625
data/processed/images/eighth_note/000088.png,eighth_note,dbb7de7b5737ca357952576a558a7b4f9e9b7c5a8715a7541887983fc555ce30,data/raw/datasets/datasets/Notes/Eight/e178.jpg,64,64,0.1181640625
data/processed/images/whole_note/004558.png,whole_note,a71c30715a9287d27fc0271e8a0c12ec1d83aeffb92f8ef7105b95f6ae064a8d,data/raw/datasets/datasets/Notes/Whole/w605.jpg,64,64,0.0458984375
data/processed/images/whole_note/004205.png,whole_note,fab128f824cd2f4057c6184302c4e3d3555ffe9b2c3182adf513bced694b050a,data/raw/datasets/datasets/Notes/Whole/w288.jpg,64,64,0.036865234375
data/processed/images/sixteenth_note/003453.png,sixteenth_note,e9f8e7cc64f7d659997e7c79d52b026cc5e968a30682c67ce9a6f73a54106ac5,data/raw/datasets/datasets/Notes/Sixteenth/s51.jpg,64,64,0.079833984375
data/processed/images/quarter_note/002790.png,quarter_note,4d12385c1fbcb89a320272102a513874a862927a39feb7558a2285159dd8ee23,data/raw/datasets/datasets/Notes/Quarter/q813.jpg,64,64,0.05078125
data/processed/images/whole_note/004410.png,whole_note,a376522b50bf7944cb35a3df9005aba355d48c7bcb8cb6be264db35c06df26d3,data/raw/datasets/datasets/Notes/Whole/w472.jpg,64,64,0.030517578125
data/processed/images/eighth_note/000284.png,eighth_note,54546265fb421e7e32fe2cefe9a8664059b4e23c7e29ebe8a15300b5f5d2356a,data/raw/datasets/datasets/Notes/Eight/e354.jpg,64,64,0.0322265625
data/processed/images/half_note/001954.png,half_note,bc7993b16ce7c02ea7735f69be55984ef44ab171f6619236bfabe9396b8df53e,data/raw/datasets/datasets/Notes/Half/h961.jpg,64,64,0.06982421875
data/processed/images/half_note/001178.png,half_note,ee8442fd11ec2122cd10ce06eb8b41bb51e32074561707f1cc9e227b31d6e70f,data/raw/datasets/datasets/Notes/Half/h262.jpg,64,64,0.051025390625
data/processed/images/eighth_note/000282.png,eighth_note,84c1e3543737835586f9cc50fbf6200c964dae03dd9aaf36c39bba1114e6a5f0,data/raw/datasets/datasets/Notes/Eight/e352.jpg,64,64,0.044189453125
data/processed/images/eighth_note/000684.png,eighth_note,1f6017c21a70081453def88eb9e739178367f6a25c4ff69880470adc92d2e2fb,data/raw/datasets/datasets/Notes/Eight/e714.jpg,64,64,0.122802734375
data/processed/images/half_note/001715.png,half_note,3f4cea66b2216074dfca8825e813e6370b3a742df2af6e0ed4549edb5ebeb8b2,data/raw/datasets/datasets/Notes/Half/h746.jpg,64,64,0.04833984375
data/processed/images/sixteenth_note/003427.png,sixteenth_note,97759e767d32bd8329e5288af8d9b68b538c8efe7abc0d97dbf29956a1abd104,data/raw/datasets/datasets/Notes/Sixteenth/s487.jpg,64,64,0.10595703125
data/processed/images/eighth_note/000465.png,eighth_note,12e48b37f3a55dc966a0f5d6206ede45dc95fe4f282ee76802b1bd9bec117c62,data/raw/datasets/datasets/Notes/Eight/e517.jpg,64,64,0.0791015625
data/processed/images/half_note/001587.png,half_note,f6dfebeea20293782afa55f9e1eb2929c9046ecb50f4c7c7873c4fc5e8598483,data/raw/datasets/datasets/Notes/Half/h630.jpg,64,64,0.08251953125
data/processed/images/eighth_note/000541.png,eighth_note,4a14b4a671e6d61aed444a0e471c3a50c683681bf1f5feeb120d265216f9c6b7,data/raw/datasets/datasets/Notes/Eight/e586.jpg,64,64,0.12744140625
data/processed/images/whole_note/004580.png,whole_note,2eebd7976391feb511060af681ad0cea09fbdc2d493c5d8474be271e9a176155,data/raw/datasets/datasets/Notes/Whole/w625.jpg,64,64,0.119384765625
data/processed/images/whole_note/004109.png,whole_note,c5f7a19d9a2d8aa377af15154ed5c08c8dad5042811427a56217962decd8fffa,data/raw/datasets/datasets/Notes/Whole/w200.jpg,64,64,0.18408203125
data/processed/images/eighth_note/000826.png,eighth_note,c048f8bde1f8c6b8096ab4ea57a4b94074a2c4f87f5e0ba070a8e576b7a444de,data/raw/datasets/datasets/Notes/Eight/e846.jpg,64,64,0.1494140625
data/processed/images/sixteenth_note/003288.png,sixteenth_note,4afce410eba8583033b812a84e22281ef722dcce2ee115cfa3c461b52fbaaa68,data/raw/datasets/datasets/Notes/Sixteenth/s361.jpg,64,64,0.04296875
data/processed/images/eighth_note/000943.png,eighth_note,405b7b4419b59076bae04a46458504ad12410cec3da5f670e8b2d115ec69a30d,data/raw/datasets/datasets/Notes/Eight/e951.jpg,64,64,0.13134765625
data/processed/images/sixteenth_note/003318.png,sixteenth_note,96b2b4f3fb08e1293dcee8bdda77cfbad5fe04d3d3527089b88ab96d3d94e9e5,data/raw/datasets/datasets/Notes/Sixteenth/s389.jpg,64,64,0.091064453125
data/processed/images/sixteenth_note/003824.png,sixteenth_note,b8ce3b0fcb7c01d637a74faa15043f6d08feef639211a57edb9b861b98ef9438,data/raw/datasets/datasets/Notes/Sixteenth/s845.jpg,64,64,0.166259765625
data/processed/images/whole_note/004118.png,whole_note,96dd4ab0ad7156bbddb0acefd33c01d8006d4be48c650c9065399719fab4a822,data/raw/datasets/datasets/Notes/Whole/w209.jpg,64,64,0.152099609375
data/processed/images/quarter_note/002076.png,quarter_note,832b10a6b7e4b7eb3d021ab959a8b6ce40461e8d779bc83f6a29346991b0a1f9,data/raw/datasets/datasets/Notes/Quarter/q170.jpg,64,64,0.033447265625
data/processed/images/eighth_note/000514.png,eighth_note,27e0fde1d8393e4d9458bed58d774b950449b2a21699be46598799de7daae6e1,data/raw/datasets/datasets/Notes/Eight/e561.jpg,64,64,0.1376953125
data/processed/images/eighth_note/000517.png,eighth_note,25aa33d9248a18485427c45bff995777c1fecf14cf09fa293b7b70e5f2e344c5,data/raw/datasets/datasets/Notes/Eight/e564.jpg,64,64,0.06005859375
data/processed/images/quarter_note/002654.png,quarter_note,7e43dafba6c16103ef6ba6d801a11146ea7620494067a4d4216af38b7351900b,data/raw/datasets/datasets/Notes/Quarter/q691.jpg,64,64,0.036376953125
data/processed/images/quarter_note/002842.png,quarter_note,de76b3ae9856cae086b37db27f8f5659f906dbf472de61a0ad6b7ae3b616a8cb,data/raw/datasets/datasets/Notes/Quarter/q860.jpg,64,64,0.06494140625
data/processed/images/whole_note/004431.png,whole_note,cf8658e18267a3f5d3fc349a8cce4cd50d3eeb20c5818eee050f635ae0f6937f,data/raw/datasets/datasets/Notes/Whole/w491.jpg,64,64,0.048828125
data/processed/images/sixteenth_note/003064.png,sixteenth_note,6062b7d48f472df2ab89fabef68eab9b1846176bfa669a796408b58890f55229,data/raw/datasets/datasets/Notes/Sixteenth/s16.jpg,64,64,0.172119140625
data/processed/images/sixteenth_note/003250.png,sixteenth_note,bb9e74792cf8fd34c87df053f4062a9f32921df06b870a8042efd37f05efbf71,data/raw/datasets/datasets/Notes/Sixteenth/s327.jpg,64,64,0.1044921875
data/processed/images/half_note/001025.png,half_note,4e81abdc85c9c26489252520e3a3fb73c0b83748d85db9b2f1d05606eae0e7f8,data/raw/datasets/datasets/Notes/Half/h124.jpg,64,64,0.04150390625
data/processed/images/quarter_note/002426.png,quarter_note,9879d3e1f5d7869021bb8cf60b0e3b8dc8463913887ac40e6fe3a6b9aa30fee7,data/raw/datasets/datasets/Notes/Quarter/q486.jpg,64,64,0.03076171875
data/processed/images/half_note/001399.png,half_note,12e4c938d0189d74a913d4481c07aa6dd17fd327985c5954dd0b0b7d90a7a4d2,data/raw/datasets/datasets/Notes/Half/h461.jpg,64,64,0.03076171875
data/processed/images/sixteenth_note/003317.png,sixteenth_note,b830886ca5f6454419146385864f97183f916c2002e708ee0469ade60b4c5355,data/raw/datasets/datasets/Notes/Sixteenth/s388.jpg,64,64,0.04833984375
data/processed/images/half_note/001094.png,half_note,dcdf986dfd35298106daf6f4aaec55b2615d0c3de9d77f6801ba4a34f69a34be,data/raw/datasets/datasets/Notes/Half/h187.jpg,64,64,0.027587890625
data/processed/images/half_note/001416.png,half_note,b46e92e0eb0a05f3b75075dd6e65bc91f57efe8bc841933b932b4a3cfbce5852,data/raw/datasets/datasets/Notes/Half/h477.jpg,64,64,0.0390625
data/processed/images/sixteenth_note/003575.png,sixteenth_note,c5ad6938c5aab0420846327ba14f4ff43e5b4b2432231b44e5c3a07396833c7a,data/raw/datasets/datasets/Notes/Sixteenth/s62.jpg,64,64,0.164306640625
data/processed/images/whole_note/004640.png,whole_note,6c9922f5dc97e5d08ab69228ccd33b8ca6b755dd870ba40e682140683adc6d9b,data/raw/datasets/datasets/Notes/Whole/w68.jpg,64,64,0.085693359375
data/processed/images/eighth_note/000783.png,eighth_note,a5cbd14bd84a9097c873a47b1a24be65485575ec1e349adab8269c4aa29da45f,data/raw/datasets/datasets/Notes/Eight/e807.jpg,64,64,0.03369140625
data/processed/images/half_note/001516.png,half_note,0537e7ff109905baa539e566ffe8846c6da476766b683265ed1acd90b4183a65,data/raw/datasets/datasets/Notes/Half/h567.jpg,64,64,0.08935546875
data/processed/images/whole_note/004060.png,whole_note,3d4c1fcfffa7dcf451f4ed5d0a290b067c2bf697751f190303323a82f95f8b95,data/raw/datasets/datasets/Notes/Whole/w157.jpg,64,64,0.12939453125
data/processed/images/whole_note/004231.png,whole_note,6e11aaf5499a89390b12c087d9d7eb82e6a650d748aff6d9dfb75d459decbed0,data/raw/datasets/datasets/Notes/Whole/w310.jpg,64,64,0.09765625
data/processed/images/half_note/001802.png,half_note,dd791ea3579a8e35484b0dc57e19a24091c56226f04c5965a3b4cc310414556d,data/raw/datasets/datasets/Notes/Half/h824.jpg,64,64,0.034912109375
data/processed/images/quarter_note/002632.png,quarter_note,ee47012255fc5e097de37d42a12ae45c7ff26acd141cbe22d5af27a13682e5c5,data/raw/datasets/datasets/Notes/Quarter/q671.jpg,64,64,0.068115234375
data/processed/images/half_note/001069.png,half_note,3ddc18731921cd57f03876cbe4bf473e035cf57e05a44d9c696780a8b15be5da,data/raw/datasets/datasets/Notes/Half/h164.jpg,64,64,0.0283203125
data/processed/images/sixteenth_note/003081.png,sixteenth_note,ff3545cd1d1e161c78cde7b622583339454d6f68eff9a04c6e93c2173e6fa1db,data/raw/datasets/datasets/Notes/Sixteenth/s175.jpg,64,64,0.064453125
data/processed/images/sixteenth_note/003970.png,sixteenth_note,74172ebf9276ab8a28e25a25fadfa963e50b7a1681a70ea8d421144eba514412,data/raw/datasets/datasets/Notes/Sixteenth/s977.jpg,64,64,0.089111328125
data/processed/images/quarter_note/002942.png,quarter_note,3f3c8e0e7754f78ad3a65a26a87f76a08bbddcfad80130979a2f22bf4157e69f,data/raw/datasets/datasets/Notes/Quarter/q950.jpg,64,64,0.043701171875
data/processed/images/sixteenth_note/003940.png,sixteenth_note,5c82b69a1042c6b93ab03a8c9d5828442dfb46a121f74449bdad80cf8c60e54c,data/raw/datasets/datasets/Notes/Sixteenth/s95.jpg,64,64,0.17529296875
data/processed/images/half_note/001431.png,half_note,2efc94571a084bf05e182eaabac79fff2fed2a5b1909daf85381cb3a953f7530,data/raw/datasets/datasets/Notes/Half/h490.jpg,64,64,0.029296875
data/processed/images/whole_note/004642.png,whole_note,a389ed08801307736017e0b030bae2223b5c57b5dad4246f2c7dd7373db3ad36,data/raw/datasets/datasets/Notes/Whole/w681.jpg,64,64,0.165283203125
data/processed/images/sixteenth_note/003762.png,sixteenth_note,8ba61f3871643d6d9634a4ee36c7792f1374c83e61f4dd0dd1b55e2af703ace3,data/raw/datasets/datasets/Notes/Sixteenth/s79.jpg,64,64,0.0615234375
